<?xml version="1.0" encoding="UTF-8"?>
<kml xmlns="http://www.opengis.net/kml/2.2">
  <Document id="root_doc">
    <Schema id="Distrito_YRYBUCUA.schema">
      <SimpleField name="Cédula" type="float"/>
      <SimpleField name="cedula" type="string"/>
      <SimpleField name="Cédula_1" type="float"/>
      <SimpleField name="N" type="float"/>
      <SimpleField name="Nombres_y_" type="string"/>
      <SimpleField name="Sexo" type="string"/>
      <SimpleField name="Cambio_de_" type="string"/>
      <SimpleField name="Titular_se" type="string"/>
      <SimpleField name="Cédula_Ti" type="string"/>
      <SimpleField name="Situación" type="string"/>
      <SimpleField name="Comunidad" type="string"/>
      <SimpleField name="Modelo_imp" type="string"/>
      <SimpleField name="Departamen" type="string"/>
      <SimpleField name="Distrito" type="string"/>
      <SimpleField name="Localidad" type="string"/>
      <SimpleField name="Teléfono" type="string"/>
      <SimpleField name="Vivienda_L" type="float"/>
      <SimpleField name="Vivienda_1" type="float"/>
      <SimpleField name="Superficie" type="float"/>
      <SimpleField name="Situaci_1" type="string"/>
      <SimpleField name="Plantado" type="string"/>
      <SimpleField name="Parcela_La" type="float"/>
      <SimpleField name="Parcela_Lo" type="float"/>
      <SimpleField name="Grupo_Impl" type="string"/>
      <SimpleField name="Grupo_de_P" type="string"/>
      <SimpleField name="Jornales" type="float"/>
      <SimpleField name="Monto" type="float"/>
      <SimpleField name="ETAPA_FAO" type="string"/>
      <SimpleField name="Asistencia" type="string"/>
      <SimpleField name="Estado_del" type="string"/>
      <SimpleField name="Empresa" type="string"/>
      <SimpleField name="Lote" type="string"/>
      <SimpleField name="Monitorear" type="string"/>
      <SimpleField name="Fecha_de_M" type="string"/>
      <SimpleField name="F__de_pren" type="string"/>
      <SimpleField name="Estado_FAO" type="string"/>
      <SimpleField name="Etapa_de_i" type="string"/>
      <SimpleField name="Cumple_sup" type="string"/>
      <SimpleField name="Estado_mon" type="string"/>
      <SimpleField name="Situaci_12" type="string"/>
      <SimpleField name="Observaci" type="string"/>
      <SimpleField name="Dias_trans" type="float"/>
      <SimpleField name="Prioridad" type="string"/>
      <SimpleField name="OBJECTID_1" type="int"/>
    </Schema>
    <Document id="Distrito_YRYBUCUA">
      <name>Distrito_YRYBUCUA</name>
      <Placemark id="Distrito_YRYBUCUA.1">
        <ExtendedData>
          <SchemaData schemaUrl="#Distrito_YRYBUCUA.schema">
            <SimpleData name="Cédula">5379670.00000000000</SimpleData>
            <SimpleData name="cedula">5379670</SimpleData>
            <SimpleData name="Cédula_1">5379670.00000000000</SimpleData>
            <SimpleData name="N">22.00000000000</SimpleData>
            <SimpleData name="Nombres_y_">RUMILDA GOMEZ ORTIZ</SimpleData>
            <SimpleData name="Sexo">Mujer</SimpleData>
            <SimpleData name="Cambio_de_">NO</SimpleData>
            <SimpleData name="Titular_se">NO</SimpleData>
            <SimpleData name="Cédula_Ti">-</SimpleData>
            <SimpleData name="Situación">NO</SimpleData>
            <SimpleData name="Comunidad">Ind?gena</SimpleData>
            <SimpleData name="Modelo_imp">Modelo 2</SimpleData>
            <SimpleData name="Departamen">SAN PEDRO</SimpleData>
            <SimpleData name="Distrito">YRYBUCUA</SimpleData>
            <SimpleData name="Localidad">COM INDIG Y APY SANTA ISABEL</SimpleData>
            <SimpleData name="Teléfono">0975278366</SimpleData>
            <SimpleData name="Vivienda_L">-24.50215080000</SimpleData>
            <SimpleData name="Vivienda_1">-56.11930860000</SimpleData>
            <SimpleData name="Superficie">0.80000000000</SimpleData>
            <SimpleData name="Situaci_1">Pol?gono</SimpleData>
            <SimpleData name="Plantado">Si</SimpleData>
            <SimpleData name="Parcela_La">-24.50551621000</SimpleData>
            <SimpleData name="Parcela_Lo">-56.11730215000</SimpleData>
            <SimpleData name="Grupo_Impl">G1</SimpleData>
            <SimpleData name="Grupo_de_P">Lote 1-G2-P1P1-P1P1-XX</SimpleData>
            <SimpleData name="Jornales">8.00000000000</SimpleData>
            <SimpleData name="Monto">914316.00000000000</SimpleData>
            <SimpleData name="ETAPA_FAO">Mantenimiento A?o 2</SimpleData>
            <SimpleData name="Asistencia">-</SimpleData>
            <SimpleData name="Estado_del">Activo</SimpleData>
            <SimpleData name="Empresa">Hyh Consultores SRL</SimpleData>
            <SimpleData name="Lote">Lote 1</SimpleData>
            <SimpleData name="Monitorear">Si</SimpleData>
            <SimpleData name="Fecha_de_M">-</SimpleData>
            <SimpleData name="F__de_pren">-</SimpleData>
            <SimpleData name="Estado_FAO">Monitorear</SimpleData>
            <SimpleData name="Etapa_de_i">Mantenimiento A?o 2</SimpleData>
            <SimpleData name="Fecha_visi">2026/08/25</SimpleData>
            <SimpleData name="Cumple_sup">Si</SimpleData>
            <SimpleData name="Estado_mon">-</SimpleData>
            <SimpleData name="Situaci_12">-</SimpleData>
            <SimpleData name="Observaci">-</SimpleData>
            <SimpleData name="Dias_trans">12.49871527780</SimpleData>
            <SimpleData name="Prioridad">ALTA</SimpleData>
            <SimpleData name="OBJECTID_1">22</SimpleData>
          </SchemaData>
        </ExtendedData>
        <Polygon>
          <outerBoundaryIs>
            <LinearRing>
              <coordinates>
                -56.1179380847248,-24.5052667272257,0
                -56.1175150003064,-24.5049267007963,0
                -56.1168871996179,-24.5053326006361,0
                -56.116986099576,-24.5057336001797,0
                -56.1167255991748,-24.5059735004045,0
                -56.1169083000078,-24.5062429004891,0
                -56.1179705856318,-24.5052928550122,0
                -56.1179380847248,-24.5052667272257,0
              </coordinates>
            </LinearRing>
          </outerBoundaryIs>
        </Polygon>
      </Placemark>
      <Placemark id="Distrito_YRYBUCUA.2">
        <ExtendedData>
          <SchemaData schemaUrl="#Distrito_YRYBUCUA.schema">
            <SimpleData name="Cédula">6195224.00000000000</SimpleData>
            <SimpleData name="cedula">6195224</SimpleData>
            <SimpleData name="Cédula_1">6195224.00000000000</SimpleData>
            <SimpleData name="N">11.00000000000</SimpleData>
            <SimpleData name="Nombres_y_">ADA LIZ VERA</SimpleData>
            <SimpleData name="Sexo">Mujer</SimpleData>
            <SimpleData name="Cambio_de_">NO</SimpleData>
            <SimpleData name="Titular_se">NO</SimpleData>
            <SimpleData name="Cédula_Ti">-</SimpleData>
            <SimpleData name="Situación">NO</SimpleData>
            <SimpleData name="Comunidad">Ind?gena</SimpleData>
            <SimpleData name="Modelo_imp">Modelo 5</SimpleData>
            <SimpleData name="Departamen">SAN PEDRO</SimpleData>
            <SimpleData name="Distrito">YRYBUCUA</SimpleData>
            <SimpleData name="Localidad">COM INDIG Y APY ARROYO SAYJU</SimpleData>
            <SimpleData name="Teléfono">0984 002280</SimpleData>
            <SimpleData name="Vivienda_L">-24.51718490000</SimpleData>
            <SimpleData name="Vivienda_1">-56.14141750000</SimpleData>
            <SimpleData name="Superficie">0.70000000000</SimpleData>
            <SimpleData name="Situaci_1">Pol?gono</SimpleData>
            <SimpleData name="Plantado">Si</SimpleData>
            <SimpleData name="Parcela_La">-24.51653844000</SimpleData>
            <SimpleData name="Parcela_Lo">-56.14086726000</SimpleData>
            <SimpleData name="Grupo_Impl">G1</SimpleData>
            <SimpleData name="Grupo_de_P">Lote 1-G1-P1P1-P1P1-XX</SimpleData>
            <SimpleData name="Jornales">8.00000000000</SimpleData>
            <SimpleData name="Monto">914316.00000000000</SimpleData>
            <SimpleData name="ETAPA_FAO">Mantenimiento A?o 2</SimpleData>
            <SimpleData name="Asistencia">-</SimpleData>
            <SimpleData name="Estado_del">Activo</SimpleData>
            <SimpleData name="Empresa">Hyh Consultores SRL</SimpleData>
            <SimpleData name="Lote">Lote 1</SimpleData>
            <SimpleData name="Monitorear">Si</SimpleData>
            <SimpleData name="Fecha_de_M">-</SimpleData>
            <SimpleData name="F__de_pren">-</SimpleData>
            <SimpleData name="Estado_FAO">Monitorear</SimpleData>
            <SimpleData name="Etapa_de_i">Mantenimiento A?o 2</SimpleData>
            <SimpleData name="Fecha_visi">2026/08/25</SimpleData>
            <SimpleData name="Cumple_sup">Si</SimpleData>
            <SimpleData name="Estado_mon">-</SimpleData>
            <SimpleData name="Situaci_12">-</SimpleData>
            <SimpleData name="Observaci">-</SimpleData>
            <SimpleData name="Dias_trans">12.49881944440</SimpleData>
            <SimpleData name="Prioridad">ALTA</SimpleData>
            <SimpleData name="OBJECTID_1">11</SimpleData>
          </SchemaData>
        </ExtendedData>
        <Polygon>
          <outerBoundaryIs>
            <LinearRing>
              <coordinates>
                -56.1399572792867,-24.5164117015107,0
                -56.1400855791345,-24.5167199997382,0
                -56.1408203796175,-24.5164416004787,0
                -56.1410472795455,-24.5169617008024,0
                -56.141593879621,-24.5168617004893,0
                -56.1415005809359,-24.5163717009768,0
                -56.1411755793469,-24.5163686018182,0
                -56.1409322789608,-24.5164282999828,0
                -56.1408305804063,-24.5161216999859,0
                -56.1399572792867,-24.5164117015107,0
              </coordinates>
            </LinearRing>
          </outerBoundaryIs>
        </Polygon>
      </Placemark>
      <Placemark id="Distrito_YRYBUCUA.3">
        <ExtendedData>
          <SchemaData schemaUrl="#Distrito_YRYBUCUA.schema">
            <SimpleData name="Cédula">5996074.00000000000</SimpleData>
            <SimpleData name="cedula">5996074</SimpleData>
            <SimpleData name="Cédula_1">5996074.00000000000</SimpleData>
            <SimpleData name="N">20.00000000000</SimpleData>
            <SimpleData name="Nombres_y_">LIDIA ORTIZ CARDOZO</SimpleData>
            <SimpleData name="Sexo">Mujer</SimpleData>
            <SimpleData name="Cambio_de_">NO</SimpleData>
            <SimpleData name="Titular_se">NO</SimpleData>
            <SimpleData name="Cédula_Ti">-</SimpleData>
            <SimpleData name="Situación">NO</SimpleData>
            <SimpleData name="Comunidad">Ind?gena</SimpleData>
            <SimpleData name="Modelo_imp">Modelo 5</SimpleData>
            <SimpleData name="Departamen">SAN PEDRO</SimpleData>
            <SimpleData name="Distrito">YRYBUCUA</SimpleData>
            <SimpleData name="Localidad">COM INDIG Y APY SANTA ISABEL</SimpleData>
            <SimpleData name="Teléfono">0971819775</SimpleData>
            <SimpleData name="Vivienda_L">-24.50312010000</SimpleData>
            <SimpleData name="Vivienda_1">-56.11999410000</SimpleData>
            <SimpleData name="Superficie">0.70000000000</SimpleData>
            <SimpleData name="Situaci_1">Pol?gono</SimpleData>
            <SimpleData name="Plantado">Si</SimpleData>
            <SimpleData name="Parcela_La">-24.50361748000</SimpleData>
            <SimpleData name="Parcela_Lo">-56.11939331000</SimpleData>
            <SimpleData name="Grupo_Impl">G1</SimpleData>
            <SimpleData name="Grupo_de_P">Lote 1-G4-P1P1-P1P1-XX</SimpleData>
            <SimpleData name="Jornales">8.00000000000</SimpleData>
            <SimpleData name="Monto">914316.00000000000</SimpleData>
            <SimpleData name="ETAPA_FAO">Mantenimiento A?o 2</SimpleData>
            <SimpleData name="Asistencia">-</SimpleData>
            <SimpleData name="Estado_del">Activo</SimpleData>
            <SimpleData name="Empresa">Hyh Consultores SRL</SimpleData>
            <SimpleData name="Lote">Lote 1</SimpleData>
            <SimpleData name="Monitorear">Si</SimpleData>
            <SimpleData name="Fecha_de_M">-</SimpleData>
            <SimpleData name="F__de_pren">-</SimpleData>
            <SimpleData name="Estado_FAO">Monitorear</SimpleData>
            <SimpleData name="Etapa_de_i">Mantenimiento A?o 2</SimpleData>
            <SimpleData name="Fecha_visi">2026/08/25</SimpleData>
            <SimpleData name="Cumple_sup">Si</SimpleData>
            <SimpleData name="Estado_mon">-</SimpleData>
            <SimpleData name="Situaci_12">-</SimpleData>
            <SimpleData name="Observaci">-</SimpleData>
            <SimpleData name="Dias_trans">12.49872685190</SimpleData>
            <SimpleData name="Prioridad">ALTA</SimpleData>
            <SimpleData name="OBJECTID_1">20</SimpleData>
          </SchemaData>
        </ExtendedData>
        <Polygon>
          <outerBoundaryIs>
            <LinearRing>
              <coordinates>
                -56.1187822622242,-24.503821937176,0
                -56.1192324610193,-24.504228239552,0
                -56.1200001617215,-24.5033455369253,0
                -56.119598261538,-24.5030240376814,0
                -56.1187822622242,-24.503821937176,0
              </coordinates>
            </LinearRing>
          </outerBoundaryIs>
        </Polygon>
      </Placemark>
      <Placemark id="Distrito_YRYBUCUA.4">
        <ExtendedData>
          <SchemaData schemaUrl="#Distrito_YRYBUCUA.schema">
            <SimpleData name="Cédula">8356338.00000000000</SimpleData>
            <SimpleData name="cedula">8356338</SimpleData>
            <SimpleData name="Cédula_1">8356338.00000000000</SimpleData>
            <SimpleData name="N">40.00000000000</SimpleData>
            <SimpleData name="Nombres_y_">LUCIA MARIBEL FLORENTIN FLORENTIN</SimpleData>
            <SimpleData name="Sexo">Mujer</SimpleData>
            <SimpleData name="Cambio_de_">NO</SimpleData>
            <SimpleData name="Titular_se">NO</SimpleData>
            <SimpleData name="Cédula_Ti">-</SimpleData>
            <SimpleData name="Situación">NO</SimpleData>
            <SimpleData name="Comunidad">Campesina</SimpleData>
            <SimpleData name="Modelo_imp">Modelo 1</SimpleData>
            <SimpleData name="Departamen">SAN PEDRO</SimpleData>
            <SimpleData name="Distrito">YRYBUCUA</SimpleData>
            <SimpleData name="Localidad">YVU PORA</SimpleData>
            <SimpleData name="Teléfono">0973531713</SimpleData>
            <SimpleData name="Vivienda_L">-24.44975970000</SimpleData>
            <SimpleData name="Vivienda_1">-56.02730300000</SimpleData>
            <SimpleData name="Superficie">0.90000000000</SimpleData>
            <SimpleData name="Situaci_1">Pol?gono</SimpleData>
            <SimpleData name="Plantado">Si</SimpleData>
            <SimpleData name="Parcela_La">-24.44999262000</SimpleData>
            <SimpleData name="Parcela_Lo">-56.03429363000</SimpleData>
            <SimpleData name="Grupo_Impl">G1</SimpleData>
            <SimpleData name="Grupo_de_P">Lote 1-G3-P1P1-P1P1-XX</SimpleData>
            <SimpleData name="Jornales">8.00000000000</SimpleData>
            <SimpleData name="Monto">914316.00000000000</SimpleData>
            <SimpleData name="ETAPA_FAO">Mantenimiento A?o 2</SimpleData>
            <SimpleData name="Asistencia">-</SimpleData>
            <SimpleData name="Estado_del">Activo</SimpleData>
            <SimpleData name="Empresa">Hyh Consultores SRL</SimpleData>
            <SimpleData name="Lote">Lote 1</SimpleData>
            <SimpleData name="Monitorear">No</SimpleData>
            <SimpleData name="Fecha_de_M">-</SimpleData>
            <SimpleData name="F__de_pren">-</SimpleData>
            <SimpleData name="Estado_FAO">Monitorear</SimpleData>
            <SimpleData name="Etapa_de_i">Mantenimiento A?o 2</SimpleData>
            <SimpleData name="Fecha_visi">2026/08/27</SimpleData>
            <SimpleData name="Cumple_sup">Si</SimpleData>
            <SimpleData name="Estado_mon">-</SimpleData>
            <SimpleData name="Situaci_12">-</SimpleData>
            <SimpleData name="Observaci">-</SimpleData>
            <SimpleData name="Dias_trans">10.18564814810</SimpleData>
            <SimpleData name="Prioridad">ALTA</SimpleData>
            <SimpleData name="OBJECTID_1">40</SimpleData>
          </SchemaData>
        </ExtendedData>
        <Polygon>
          <outerBoundaryIs>
            <LinearRing>
              <coordinates>
                -56.033801300384,-24.4495672009973,0
                -56.0339102001438,-24.4504681000918,0
                -56.0347869010142,-24.4504036002368,0
                -56.0346863008459,-24.4495325999385,0
                -56.033801300384,-24.4495672009973,0
              </coordinates>
            </LinearRing>
          </outerBoundaryIs>
        </Polygon>
      </Placemark>
      <Placemark id="Distrito_YRYBUCUA.5">
        <ExtendedData>
          <SchemaData schemaUrl="#Distrito_YRYBUCUA.schema">
            <SimpleData name="Cédula">6338307.00000000000</SimpleData>
            <SimpleData name="cedula">6338307</SimpleData>
            <SimpleData name="Cédula_1">6338307.00000000000</SimpleData>
            <SimpleData name="N">26.00000000000</SimpleData>
            <SimpleData name="Nombres_y_">NILSA BENITEZ DUARTE</SimpleData>
            <SimpleData name="Sexo">Mujer</SimpleData>
            <SimpleData name="Cambio_de_">SI</SimpleData>
            <SimpleData name="Titular_se">LETICIA BENITEZ DUARTE</SimpleData>
            <SimpleData name="Cédula_Ti">7154541</SimpleData>
            <SimpleData name="Situación">Migraci?n de la comunidad por motivos laborales</SimpleData>
            <SimpleData name="Comunidad">Ind?gena</SimpleData>
            <SimpleData name="Modelo_imp">Modelo 5</SimpleData>
            <SimpleData name="Departamen">SAN PEDRO</SimpleData>
            <SimpleData name="Distrito">YRYBUCUA</SimpleData>
            <SimpleData name="Localidad">COM INDIG Y APY SANTA ISABEL</SimpleData>
            <SimpleData name="Teléfono">0982135604</SimpleData>
            <SimpleData name="Vivienda_L">-24.51482120000</SimpleData>
            <SimpleData name="Vivienda_1">-56.12999300000</SimpleData>
            <SimpleData name="Superficie">0.80000000000</SimpleData>
            <SimpleData name="Situaci_1">Pol?gono</SimpleData>
            <SimpleData name="Plantado">Si</SimpleData>
            <SimpleData name="Parcela_La">-24.51468470000</SimpleData>
            <SimpleData name="Parcela_Lo">-56.12661943000</SimpleData>
            <SimpleData name="Grupo_Impl">G1</SimpleData>
            <SimpleData name="Grupo_de_P">Lote 1-G2-XX-XX-XX</SimpleData>
            <SimpleData name="Jornales">0.00000000000</SimpleData>
            <SimpleData name="Monto">0.00000000000</SimpleData>
            <SimpleData name="ETAPA_FAO">Mantenimiento A?o 1.2</SimpleData>
            <SimpleData name="Asistencia">-</SimpleData>
            <SimpleData name="Estado_del">Activo</SimpleData>
            <SimpleData name="Empresa">Hyh Consultores SRL</SimpleData>
            <SimpleData name="Lote">Lote 1</SimpleData>
            <SimpleData name="Monitorear">Si</SimpleData>
            <SimpleData name="Fecha_de_M">-</SimpleData>
            <SimpleData name="F__de_pren">-</SimpleData>
            <SimpleData name="Estado_FAO">Monitorear</SimpleData>
            <SimpleData name="Etapa_de_i">Mantenimiento A?o 1.2</SimpleData>
            <SimpleData name="Fecha_visi">2026/08/31</SimpleData>
            <SimpleData name="Cumple_sup">Si</SimpleData>
            <SimpleData name="Estado_mon">-</SimpleData>
            <SimpleData name="Situaci_12">-</SimpleData>
            <SimpleData name="Observaci">-</SimpleData>
            <SimpleData name="Dias_trans">6.27094907407</SimpleData>
            <SimpleData name="Prioridad">ALTA</SimpleData>
            <SimpleData name="OBJECTID_1">26</SimpleData>
          </SchemaData>
        </ExtendedData>
        <Polygon>
          <outerBoundaryIs>
            <LinearRing>
              <coordinates>
                -56.1267837106457,-24.5141396502775,0
                -56.1261326001931,-24.5144174007408,0
                -56.1263732003082,-24.5152243999422,0
                -56.1271241997964,-24.514967100828,0
                -56.1269934346383,-24.5145946155422,0
                -56.1268272005261,-24.5141211002994,0
                -56.1267837106457,-24.5141396502775,0
              </coordinates>
            </LinearRing>
          </outerBoundaryIs>
        </Polygon>
      </Placemark>
      <Placemark id="Distrito_YRYBUCUA.6">
        <ExtendedData>
          <SchemaData schemaUrl="#Distrito_YRYBUCUA.schema">
            <SimpleData name="Cédula">5316216.00000000000</SimpleData>
            <SimpleData name="cedula">5316216</SimpleData>
            <SimpleData name="Cédula_1">5316216.00000000000</SimpleData>
            <SimpleData name="N">30.00000000000</SimpleData>
            <SimpleData name="Nombres_y_">ESTANILAA CABRERA ESCOBAR</SimpleData>
            <SimpleData name="Sexo">Mujer</SimpleData>
            <SimpleData name="Cambio_de_">NO</SimpleData>
            <SimpleData name="Titular_se">NO</SimpleData>
            <SimpleData name="Cédula_Ti">-</SimpleData>
            <SimpleData name="Situación">NO</SimpleData>
            <SimpleData name="Comunidad">Ind?gena</SimpleData>
            <SimpleData name="Modelo_imp">Modelo 1</SimpleData>
            <SimpleData name="Departamen">SAN PEDRO</SimpleData>
            <SimpleData name="Distrito">YRYBUCUA</SimpleData>
            <SimpleData name="Localidad">COM INDIG Y APY SANTA ISABEL</SimpleData>
            <SimpleData name="Teléfono">0983651059</SimpleData>
            <SimpleData name="Vivienda_L">-24.50372320000</SimpleData>
            <SimpleData name="Vivienda_1">-56.12103500000</SimpleData>
            <SimpleData name="Superficie">1.00000000000</SimpleData>
            <SimpleData name="Situaci_1">Pol?gono</SimpleData>
            <SimpleData name="Plantado">Si</SimpleData>
            <SimpleData name="Parcela_La">-24.50758038000</SimpleData>
            <SimpleData name="Parcela_Lo">-56.11653523000</SimpleData>
            <SimpleData name="Grupo_Impl">G1</SimpleData>
            <SimpleData name="Grupo_de_P">Lote 1-G2-P1P1-P1P1-XX</SimpleData>
            <SimpleData name="Jornales">8.00000000000</SimpleData>
            <SimpleData name="Monto">914316.00000000000</SimpleData>
            <SimpleData name="ETAPA_FAO">Mantenimiento A?o 2</SimpleData>
            <SimpleData name="Asistencia">-</SimpleData>
            <SimpleData name="Estado_del">Activo</SimpleData>
            <SimpleData name="Empresa">Hyh Consultores SRL</SimpleData>
            <SimpleData name="Lote">Lote 1</SimpleData>
            <SimpleData name="Monitorear">Si</SimpleData>
            <SimpleData name="Fecha_de_M">-</SimpleData>
            <SimpleData name="F__de_pren">-</SimpleData>
            <SimpleData name="Estado_FAO">Monitorear</SimpleData>
            <SimpleData name="Etapa_de_i">Mantenimiento A?o 2</SimpleData>
            <SimpleData name="Fecha_visi">2026/08/25</SimpleData>
            <SimpleData name="Cumple_sup">Si</SimpleData>
            <SimpleData name="Estado_mon">-</SimpleData>
            <SimpleData name="Situaci_12">-</SimpleData>
            <SimpleData name="Observaci">-</SimpleData>
            <SimpleData name="Dias_trans">12.49856481480</SimpleData>
            <SimpleData name="Prioridad">ALTA</SimpleData>
            <SimpleData name="OBJECTID_1">30</SimpleData>
          </SchemaData>
        </ExtendedData>
        <Polygon>
          <outerBoundaryIs>
            <LinearRing>
              <coordinates>
                -56.1158981995809,-24.5075676001972,0
                -56.1165480991342,-24.5082286002893,0
                -56.1171974001674,-24.5076297999925,0
                -56.1164907015923,-24.5069200000438,0
                -56.1161399005215,-24.5072813998438,0
                -56.1158981995809,-24.5075676001972,0
              </coordinates>
            </LinearRing>
          </outerBoundaryIs>
        </Polygon>
      </Placemark>
      <Placemark id="Distrito_YRYBUCUA.7">
        <ExtendedData>
          <SchemaData schemaUrl="#Distrito_YRYBUCUA.schema">
            <SimpleData name="Cédula">5236699.00000000000</SimpleData>
            <SimpleData name="cedula">5236699</SimpleData>
            <SimpleData name="Cédula_1">5236699.00000000000</SimpleData>
            <SimpleData name="N">5.00000000000</SimpleData>
            <SimpleData name="Nombres_y_">MARIA IGNACIA ARANDA BENITEZ</SimpleData>
            <SimpleData name="Sexo">Mujer</SimpleData>
            <SimpleData name="Cambio_de_">NO</SimpleData>
            <SimpleData name="Titular_se">NO</SimpleData>
            <SimpleData name="Cédula_Ti">-</SimpleData>
            <SimpleData name="Situación">NO</SimpleData>
            <SimpleData name="Comunidad">Campesina</SimpleData>
            <SimpleData name="Modelo_imp">Modelo 4</SimpleData>
            <SimpleData name="Departamen">SAN PEDRO</SimpleData>
            <SimpleData name="Distrito">YRYBUCUA</SimpleData>
            <SimpleData name="Localidad">ASENT. 1RA LINEA SANGUINA KUE</SimpleData>
            <SimpleData name="Teléfono">0975568488</SimpleData>
            <SimpleData name="Vivienda_L">-24.53493030000</SimpleData>
            <SimpleData name="Vivienda_1">-56.06524260000</SimpleData>
            <SimpleData name="Superficie">0.80000000000</SimpleData>
            <SimpleData name="Situaci_1">Pol?gono</SimpleData>
            <SimpleData name="Plantado">Si</SimpleData>
            <SimpleData name="Parcela_La">-24.53500364000</SimpleData>
            <SimpleData name="Parcela_Lo">-56.06423058000</SimpleData>
            <SimpleData name="Grupo_Impl">G1</SimpleData>
            <SimpleData name="Grupo_de_P">Lote 1-G3-XX-XX-XX</SimpleData>
            <SimpleData name="Jornales">4.00000000000</SimpleData>
            <SimpleData name="Monto">446008.00000000000</SimpleData>
            <SimpleData name="ETAPA_FAO">Mantenimiento A?o 1.2</SimpleData>
            <SimpleData name="Asistencia">-</SimpleData>
            <SimpleData name="Estado_del">Activo</SimpleData>
            <SimpleData name="Empresa">Hyh Consultores SRL</SimpleData>
            <SimpleData name="Lote">Lote 1</SimpleData>
            <SimpleData name="Monitorear">No</SimpleData>
            <SimpleData name="Fecha_de_M">29/7/2026</SimpleData>
            <SimpleData name="F__de_pren">60</SimpleData>
            <SimpleData name="Estado_FAO">Monitorear Reposicion</SimpleData>
            <SimpleData name="Etapa_de_i">Mantenimiento A?o 1.2</SimpleData>
            <SimpleData name="Fecha_visi">2026/09/04</SimpleData>
            <SimpleData name="Cumple_sup">-</SimpleData>
            <SimpleData name="Estado_mon">??????NO CUMPLE??????</SimpleData>
            <SimpleData name="Situaci_12">-</SimpleData>
            <SimpleData name="Observaci">-</SimpleData>
            <SimpleData name="Dias_trans">2.70167824074</SimpleData>
            <SimpleData name="Prioridad">ALTA</SimpleData>
            <SimpleData name="OBJECTID_1">5</SimpleData>
          </SchemaData>
        </ExtendedData>
        <Polygon>
          <outerBoundaryIs>
            <LinearRing>
              <coordinates>
                -56.0634113999874,-24.5347931002091,0
                -56.0633267999178,-24.5351952011203,0
                -56.0651808003825,-24.5352034006843,0
                -56.0650048001109,-24.5348026011249,0
                -56.0634113999874,-24.5347931002091,0
              </coordinates>
            </LinearRing>
          </outerBoundaryIs>
        </Polygon>
      </Placemark>
      <Placemark id="Distrito_YRYBUCUA.8">
        <ExtendedData>
          <SchemaData schemaUrl="#Distrito_YRYBUCUA.schema">
            <SimpleData name="Cédula">4200834.00000000000</SimpleData>
            <SimpleData name="cedula">4200834</SimpleData>
            <SimpleData name="Cédula_1">4200834.00000000000</SimpleData>
            <SimpleData name="N">12.00000000000</SimpleData>
            <SimpleData name="Nombres_y_">RAQUEL TAPARI ENCISO</SimpleData>
            <SimpleData name="Sexo">Mujer</SimpleData>
            <SimpleData name="Cambio_de_">NO</SimpleData>
            <SimpleData name="Titular_se">NO</SimpleData>
            <SimpleData name="Cédula_Ti">-</SimpleData>
            <SimpleData name="Situación">NO</SimpleData>
            <SimpleData name="Comunidad">Ind?gena</SimpleData>
            <SimpleData name="Modelo_imp">Modelo 5</SimpleData>
            <SimpleData name="Departamen">SAN PEDRO</SimpleData>
            <SimpleData name="Distrito">YRYBUCUA</SimpleData>
            <SimpleData name="Localidad">COM INDIG Y APY ARROYO SAYJU</SimpleData>
            <SimpleData name="Teléfono">0976825483</SimpleData>
            <SimpleData name="Vivienda_L">-24.52708580000</SimpleData>
            <SimpleData name="Vivienda_1">-56.14966150000</SimpleData>
            <SimpleData name="Superficie">0.80000000000</SimpleData>
            <SimpleData name="Situaci_1">Pol?gono</SimpleData>
            <SimpleData name="Plantado">Si</SimpleData>
            <SimpleData name="Parcela_La">-24.52656618000</SimpleData>
            <SimpleData name="Parcela_Lo">-56.15037032000</SimpleData>
            <SimpleData name="Grupo_Impl">G1</SimpleData>
            <SimpleData name="Grupo_de_P">Lote 1-G1-P1P1-P1P1-XX</SimpleData>
            <SimpleData name="Jornales">8.00000000000</SimpleData>
            <SimpleData name="Monto">914316.00000000000</SimpleData>
            <SimpleData name="ETAPA_FAO">Mantenimiento A?o 2</SimpleData>
            <SimpleData name="Asistencia">-</SimpleData>
            <SimpleData name="Estado_del">Activo</SimpleData>
            <SimpleData name="Empresa">Hyh Consultores SRL</SimpleData>
            <SimpleData name="Lote">Lote 1</SimpleData>
            <SimpleData name="Monitorear">Si</SimpleData>
            <SimpleData name="Fecha_de_M">-</SimpleData>
            <SimpleData name="F__de_pren">-</SimpleData>
            <SimpleData name="Estado_FAO">Monitorear</SimpleData>
            <SimpleData name="Etapa_de_i">Mantenimiento A?o 2</SimpleData>
            <SimpleData name="Fecha_visi">2026/08/25</SimpleData>
            <SimpleData name="Cumple_sup">Si</SimpleData>
            <SimpleData name="Estado_mon">-</SimpleData>
            <SimpleData name="Situaci_12">-</SimpleData>
            <SimpleData name="Observaci">-</SimpleData>
            <SimpleData name="Dias_trans">12.49879629630</SimpleData>
            <SimpleData name="Prioridad">ALTA</SimpleData>
            <SimpleData name="OBJECTID_1">12</SimpleData>
          </SchemaData>
        </ExtendedData>
        <Polygon>
          <outerBoundaryIs>
            <LinearRing>
              <coordinates>
                -56.1499417001725,-24.5269683003945,0
                -56.1502533007505,-24.5271450009361,0
                -56.151008299855,-24.5263416999109,0
                -56.150534999463,-24.5259883001411,0
                -56.1497749998838,-24.526679999771,0
                -56.1499417001725,-24.5269683003945,0
              </coordinates>
            </LinearRing>
          </outerBoundaryIs>
        </Polygon>
      </Placemark>
      <Placemark id="Distrito_YRYBUCUA.9">
        <ExtendedData>
          <SchemaData schemaUrl="#Distrito_YRYBUCUA.schema">
            <SimpleData name="Cédula">7108449.00000000000</SimpleData>
            <SimpleData name="cedula">7108449</SimpleData>
            <SimpleData name="Cédula_1">7108449.00000000000</SimpleData>
            <SimpleData name="N">9.00000000000</SimpleData>
            <SimpleData name="Nombres_y_">VICTOR CACIANO AMADEO</SimpleData>
            <SimpleData name="Sexo">Hombre</SimpleData>
            <SimpleData name="Cambio_de_">NO</SimpleData>
            <SimpleData name="Titular_se">NO</SimpleData>
            <SimpleData name="Cédula_Ti">-</SimpleData>
            <SimpleData name="Situación">NO</SimpleData>
            <SimpleData name="Comunidad">Ind?gena</SimpleData>
            <SimpleData name="Modelo_imp">Modelo 2</SimpleData>
            <SimpleData name="Departamen">SAN PEDRO</SimpleData>
            <SimpleData name="Distrito">YRYBUCUA</SimpleData>
            <SimpleData name="Localidad">COM INDIG PALOMITA - 1</SimpleData>
            <SimpleData name="Teléfono">0985338817</SimpleData>
            <SimpleData name="Vivienda_L">-24.56122200000</SimpleData>
            <SimpleData name="Vivienda_1">-56.24278010000</SimpleData>
            <SimpleData name="Superficie">0.80000000000</SimpleData>
            <SimpleData name="Situaci_1">Pol?gono</SimpleData>
            <SimpleData name="Plantado">Si</SimpleData>
            <SimpleData name="Parcela_La">-24.55730235000</SimpleData>
            <SimpleData name="Parcela_Lo">-56.23305283000</SimpleData>
            <SimpleData name="Grupo_Impl">G1</SimpleData>
            <SimpleData name="Grupo_de_P">Lote 1-G4-P1P1-P1P1-XX</SimpleData>
            <SimpleData name="Jornales">8.00000000000</SimpleData>
            <SimpleData name="Monto">914316.00000000000</SimpleData>
            <SimpleData name="ETAPA_FAO">Mantenimiento A?o 2</SimpleData>
            <SimpleData name="Asistencia">-</SimpleData>
            <SimpleData name="Estado_del">Activo</SimpleData>
            <SimpleData name="Empresa">Hyh Consultores SRL</SimpleData>
            <SimpleData name="Lote">Lote 1</SimpleData>
            <SimpleData name="Monitorear">No</SimpleData>
            <SimpleData name="Fecha_de_M">-</SimpleData>
            <SimpleData name="F__de_pren">-</SimpleData>
            <SimpleData name="Estado_FAO">Monitorear</SimpleData>
            <SimpleData name="Etapa_de_i">Mantenimiento A?o 2</SimpleData>
            <SimpleData name="Fecha_visi">2026/08/26</SimpleData>
            <SimpleData name="Cumple_sup">Si</SimpleData>
            <SimpleData name="Estado_mon">-</SimpleData>
            <SimpleData name="Situaci_12">-</SimpleData>
            <SimpleData name="Observaci">-</SimpleData>
            <SimpleData name="Dias_trans">11.01891203700</SimpleData>
            <SimpleData name="Prioridad">ALTA</SimpleData>
            <SimpleData name="OBJECTID_1">9</SimpleData>
          </SchemaData>
        </ExtendedData>
        <Polygon>
          <outerBoundaryIs>
            <LinearRing>
              <coordinates>
                -56.2322840011734,-24.5571915002924,0
                -56.2324944997687,-24.5576991994302,0
                -56.2338104999799,-24.5574132000332,0
                -56.2336306001196,-24.556907499646,0
                -56.2322840011734,-24.5571915002924,0
              </coordinates>
            </LinearRing>
          </outerBoundaryIs>
        </Polygon>
      </Placemark>
      <Placemark id="Distrito_YRYBUCUA.10">
        <ExtendedData>
          <SchemaData schemaUrl="#Distrito_YRYBUCUA.schema">
            <SimpleData name="Cédula">5316167.00000000000</SimpleData>
            <SimpleData name="cedula">5316167</SimpleData>
            <SimpleData name="Cédula_1">5316167.00000000000</SimpleData>
            <SimpleData name="N">10.00000000000</SimpleData>
            <SimpleData name="Nombres_y_">LUCILA GONZALEZ OZUNA</SimpleData>
            <SimpleData name="Sexo">Mujer</SimpleData>
            <SimpleData name="Cambio_de_">NO</SimpleData>
            <SimpleData name="Titular_se">NO</SimpleData>
            <SimpleData name="Cédula_Ti">-</SimpleData>
            <SimpleData name="Situación">NO</SimpleData>
            <SimpleData name="Comunidad">Ind?gena</SimpleData>
            <SimpleData name="Modelo_imp">Modelo 5</SimpleData>
            <SimpleData name="Departamen">SAN PEDRO</SimpleData>
            <SimpleData name="Distrito">YRYBUCUA</SimpleData>
            <SimpleData name="Localidad">COM INDIG Y APY ARROYO SAYJU</SimpleData>
            <SimpleData name="Teléfono">0986480217</SimpleData>
            <SimpleData name="Vivienda_L">-24.52053620000</SimpleData>
            <SimpleData name="Vivienda_1">-56.15440550000</SimpleData>
            <SimpleData name="Superficie">0.80000000000</SimpleData>
            <SimpleData name="Situaci_1">Pol?gono</SimpleData>
            <SimpleData name="Plantado">Si</SimpleData>
            <SimpleData name="Parcela_La">-24.52228645000</SimpleData>
            <SimpleData name="Parcela_Lo">-56.15779389000</SimpleData>
            <SimpleData name="Grupo_Impl">G1</SimpleData>
            <SimpleData name="Grupo_de_P">Lote 1-G1-P1P1-P1P1-XX</SimpleData>
            <SimpleData name="Jornales">8.00000000000</SimpleData>
            <SimpleData name="Monto">914316.00000000000</SimpleData>
            <SimpleData name="ETAPA_FAO">Mantenimiento A?o 2</SimpleData>
            <SimpleData name="Asistencia">-</SimpleData>
            <SimpleData name="Estado_del">Activo</SimpleData>
            <SimpleData name="Empresa">Hyh Consultores SRL</SimpleData>
            <SimpleData name="Lote">Lote 1</SimpleData>
            <SimpleData name="Monitorear">Si</SimpleData>
            <SimpleData name="Fecha_de_M">-</SimpleData>
            <SimpleData name="F__de_pren">-</SimpleData>
            <SimpleData name="Estado_FAO">Monitorear</SimpleData>
            <SimpleData name="Etapa_de_i">Mantenimiento A?o 2</SimpleData>
            <SimpleData name="Fecha_visi">2026/09/01</SimpleData>
            <SimpleData name="Cumple_sup">Si</SimpleData>
            <SimpleData name="Estado_mon">-</SimpleData>
            <SimpleData name="Situaci_12">-</SimpleData>
            <SimpleData name="Observaci">-</SimpleData>
            <SimpleData name="Dias_trans">5.18496527777</SimpleData>
            <SimpleData name="Prioridad">ALTA</SimpleData>
            <SimpleData name="OBJECTID_1">10</SimpleData>
          </SchemaData>
        </ExtendedData>
        <Polygon>
          <outerBoundaryIs>
            <LinearRing>
              <coordinates>
                -56.1571831006486,-24.5222205994687,0
                -56.1576749998843,-24.5228783006315,0
                -56.1584043014143,-24.5223828012595,0
                -56.1579050017739,-24.5216783002494,0
                -56.1571831006486,-24.5222205994687,0
              </coordinates>
            </LinearRing>
          </outerBoundaryIs>
        </Polygon>
      </Placemark>
      <Placemark id="Distrito_YRYBUCUA.11">
        <ExtendedData>
          <SchemaData schemaUrl="#Distrito_YRYBUCUA.schema">
            <SimpleData name="Cédula">7437605.00000000000</SimpleData>
            <SimpleData name="cedula">7437605</SimpleData>
            <SimpleData name="Cédula_1">7437605.00000000000</SimpleData>
            <SimpleData name="N">21.00000000000</SimpleData>
            <SimpleData name="Nombres_y_">LAURA LEZCANO ENCISO</SimpleData>
            <SimpleData name="Sexo">Mujer</SimpleData>
            <SimpleData name="Cambio_de_">NO</SimpleData>
            <SimpleData name="Titular_se">NO</SimpleData>
            <SimpleData name="Cédula_Ti">-</SimpleData>
            <SimpleData name="Situación">NO</SimpleData>
            <SimpleData name="Comunidad">Ind?gena</SimpleData>
            <SimpleData name="Modelo_imp">Modelo 2</SimpleData>
            <SimpleData name="Departamen">SAN PEDRO</SimpleData>
            <SimpleData name="Distrito">YRYBUCUA</SimpleData>
            <SimpleData name="Localidad">COM INDIG Y APY SANTA ISABEL</SimpleData>
            <SimpleData name="Teléfono">0975291363</SimpleData>
            <SimpleData name="Vivienda_L">-24.50715320000</SimpleData>
            <SimpleData name="Vivienda_1">-56.12624890000</SimpleData>
            <SimpleData name="Superficie">0.90000000000</SimpleData>
            <SimpleData name="Situaci_1">Pol?gono</SimpleData>
            <SimpleData name="Plantado">Si</SimpleData>
            <SimpleData name="Parcela_La">-24.50629844000</SimpleData>
            <SimpleData name="Parcela_Lo">-56.12309141000</SimpleData>
            <SimpleData name="Grupo_Impl">G1</SimpleData>
            <SimpleData name="Grupo_de_P">Lote 1-G2-P1P1-P1P1-XX</SimpleData>
            <SimpleData name="Jornales">8.00000000000</SimpleData>
            <SimpleData name="Monto">914316.00000000000</SimpleData>
            <SimpleData name="ETAPA_FAO">Mantenimiento A?o 2</SimpleData>
            <SimpleData name="Asistencia">-</SimpleData>
            <SimpleData name="Estado_del">Activo</SimpleData>
            <SimpleData name="Empresa">Hyh Consultores SRL</SimpleData>
            <SimpleData name="Lote">Lote 1</SimpleData>
            <SimpleData name="Monitorear">Si</SimpleData>
            <SimpleData name="Fecha_de_M">-</SimpleData>
            <SimpleData name="F__de_pren">-</SimpleData>
            <SimpleData name="Estado_FAO">Monitorear</SimpleData>
            <SimpleData name="Etapa_de_i">Mantenimiento A?o 2</SimpleData>
            <SimpleData name="Fecha_visi">2026/08/25</SimpleData>
            <SimpleData name="Cumple_sup">Si</SimpleData>
            <SimpleData name="Estado_mon">-</SimpleData>
            <SimpleData name="Situaci_12">-</SimpleData>
            <SimpleData name="Observaci">-</SimpleData>
            <SimpleData name="Dias_trans">12.49862268520</SimpleData>
            <SimpleData name="Prioridad">ALTA</SimpleData>
            <SimpleData name="OBJECTID_1">21</SimpleData>
          </SchemaData>
        </ExtendedData>
        <Polygon>
          <outerBoundaryIs>
            <LinearRing>
              <coordinates>
                -56.122484341276,-24.50623929692,0
                -56.1231179990144,-24.5068410717279,0
                -56.123877861635,-24.5064060016734,0
                -56.1227207847242,-24.50570117443,0
                -56.122484341276,-24.50623929692,0
              </coordinates>
            </LinearRing>
          </outerBoundaryIs>
        </Polygon>
      </Placemark>
      <Placemark id="Distrito_YRYBUCUA.12">
        <ExtendedData>
          <SchemaData schemaUrl="#Distrito_YRYBUCUA.schema">
            <SimpleData name="Cédula">5710084.00000000000</SimpleData>
            <SimpleData name="cedula">5710084</SimpleData>
            <SimpleData name="Cédula_1">5710084.00000000000</SimpleData>
            <SimpleData name="N">36.00000000000</SimpleData>
            <SimpleData name="Nombres_y_">MARIA MERCEDES AGUILAR PANIAGUA</SimpleData>
            <SimpleData name="Sexo">Mujer</SimpleData>
            <SimpleData name="Cambio_de_">NO</SimpleData>
            <SimpleData name="Titular_se">NO</SimpleData>
            <SimpleData name="Cédula_Ti">-</SimpleData>
            <SimpleData name="Situación">NO</SimpleData>
            <SimpleData name="Comunidad">Campesina</SimpleData>
            <SimpleData name="Modelo_imp">Modelo 5</SimpleData>
            <SimpleData name="Departamen">SAN PEDRO</SimpleData>
            <SimpleData name="Distrito">YRYBUCUA</SimpleData>
            <SimpleData name="Localidad"><![CDATA[VY'A RENDA]]></SimpleData>
            <SimpleData name="Teléfono">ND</SimpleData>
            <SimpleData name="Vivienda_L">-24.48171330000</SimpleData>
            <SimpleData name="Vivienda_1">-56.17543010000</SimpleData>
            <SimpleData name="Superficie">0.70000000000</SimpleData>
            <SimpleData name="Situaci_1">Pol?gono</SimpleData>
            <SimpleData name="Plantado">Si</SimpleData>
            <SimpleData name="Parcela_La">-24.47702143000</SimpleData>
            <SimpleData name="Parcela_Lo">-56.17081420000</SimpleData>
            <SimpleData name="Grupo_Impl">G1</SimpleData>
            <SimpleData name="Grupo_de_P">Lote 1-G5-P1P1-P1P1-XX</SimpleData>
            <SimpleData name="Jornales">8.00000000000</SimpleData>
            <SimpleData name="Monto">914316.00000000000</SimpleData>
            <SimpleData name="ETAPA_FAO">Mantenimiento A?o 2</SimpleData>
            <SimpleData name="Asistencia">-</SimpleData>
            <SimpleData name="Estado_del">Activo</SimpleData>
            <SimpleData name="Empresa">Hyh Consultores SRL</SimpleData>
            <SimpleData name="Lote">Lote 1</SimpleData>
            <SimpleData name="Monitorear">No</SimpleData>
            <SimpleData name="Fecha_de_M">-</SimpleData>
            <SimpleData name="F__de_pren">-</SimpleData>
            <SimpleData name="Estado_FAO">Monitorear</SimpleData>
            <SimpleData name="Etapa_de_i">Mantenimiento A?o 2</SimpleData>
            <SimpleData name="Fecha_visi">2026/08/25</SimpleData>
            <SimpleData name="Cumple_sup">Si</SimpleData>
            <SimpleData name="Estado_mon">-</SimpleData>
            <SimpleData name="Situaci_12">-</SimpleData>
            <SimpleData name="Observaci">-</SimpleData>
            <SimpleData name="Dias_trans">12.49785879630</SimpleData>
            <SimpleData name="Prioridad">ALTA</SimpleData>
            <SimpleData name="OBJECTID_1">36</SimpleData>
          </SchemaData>
        </ExtendedData>
        <Polygon>
          <outerBoundaryIs>
            <LinearRing>
              <coordinates>
                -56.1701541000233,-24.4768028996929,0
                -56.1709220984605,-24.4775808000757,0
                -56.1714734001901,-24.4773142009322,0
                -56.1707283009441,-24.4764333001647,0
                -56.1701541000233,-24.4768028996929,0
              </coordinates>
            </LinearRing>
          </outerBoundaryIs>
        </Polygon>
      </Placemark>
      <Placemark id="Distrito_YRYBUCUA.13">
        <ExtendedData>
          <SchemaData schemaUrl="#Distrito_YRYBUCUA.schema">
            <SimpleData name="Cédula">1460920.00000000000</SimpleData>
            <SimpleData name="cedula">1460920</SimpleData>
            <SimpleData name="Cédula_1">1460920.00000000000</SimpleData>
            <SimpleData name="N">31.00000000000</SimpleData>
            <SimpleData name="Nombres_y_">SANTA VERA ROA</SimpleData>
            <SimpleData name="Sexo">Mujer</SimpleData>
            <SimpleData name="Cambio_de_">NO</SimpleData>
            <SimpleData name="Titular_se">NO</SimpleData>
            <SimpleData name="Cédula_Ti">-</SimpleData>
            <SimpleData name="Situación">NO</SimpleData>
            <SimpleData name="Comunidad">Ind?gena</SimpleData>
            <SimpleData name="Modelo_imp">Modelo 5</SimpleData>
            <SimpleData name="Departamen">SAN PEDRO</SimpleData>
            <SimpleData name="Distrito">YRYBUCUA</SimpleData>
            <SimpleData name="Localidad">COM INDIG Y APY SANTA ISABEL</SimpleData>
            <SimpleData name="Teléfono">0976935282</SimpleData>
            <SimpleData name="Vivienda_L">-24.50842640000</SimpleData>
            <SimpleData name="Vivienda_1">-56.12846030000</SimpleData>
            <SimpleData name="Superficie">0.80000000000</SimpleData>
            <SimpleData name="Situaci_1">Pol?gono</SimpleData>
            <SimpleData name="Plantado">Si</SimpleData>
            <SimpleData name="Parcela_La">-24.50908033000</SimpleData>
            <SimpleData name="Parcela_Lo">-56.12708755000</SimpleData>
            <SimpleData name="Grupo_Impl">G1</SimpleData>
            <SimpleData name="Grupo_de_P">Lote 1-G2-P1P1-P1P1-XX</SimpleData>
            <SimpleData name="Jornales">8.00000000000</SimpleData>
            <SimpleData name="Monto">914316.00000000000</SimpleData>
            <SimpleData name="ETAPA_FAO">Mantenimiento A?o 2</SimpleData>
            <SimpleData name="Asistencia">-</SimpleData>
            <SimpleData name="Estado_del">Activo</SimpleData>
            <SimpleData name="Empresa">Hyh Consultores SRL</SimpleData>
            <SimpleData name="Lote">Lote 1</SimpleData>
            <SimpleData name="Monitorear">Si</SimpleData>
            <SimpleData name="Fecha_de_M">11/8/2026</SimpleData>
            <SimpleData name="F__de_pren">70</SimpleData>
            <SimpleData name="Estado_FAO">Monitorear Reposicion</SimpleData>
            <SimpleData name="Etapa_de_i">Mantenimiento A?o 2</SimpleData>
            <SimpleData name="Fecha_visi">2026/08/25</SimpleData>
            <SimpleData name="Cumple_sup">-</SimpleData>
            <SimpleData name="Estado_mon">??????NO CUMPLE??????</SimpleData>
            <SimpleData name="Situaci_12">-</SimpleData>
            <SimpleData name="Observaci">-</SimpleData>
            <SimpleData name="Dias_trans">12.49875000000</SimpleData>
            <SimpleData name="Prioridad">ALTA</SimpleData>
            <SimpleData name="OBJECTID_1">31</SimpleData>
          </SchemaData>
        </ExtendedData>
        <Polygon>
          <outerBoundaryIs>
            <LinearRing>
              <coordinates>
                -56.127087292905,-24.5085257270909,0
                -56.1267015096097,-24.5088829245215,0
                -56.12661198494,-24.5088280625403,0
                -56.1264116357587,-24.5089672158246,0
                -56.127173320014,-24.5096440951912,0
                -56.1276906902905,-24.5091260953944,0
                -56.127087292905,-24.5085257270909,0
              </coordinates>
            </LinearRing>
          </outerBoundaryIs>
        </Polygon>
      </Placemark>
      <Placemark id="Distrito_YRYBUCUA.14">
        <ExtendedData>
          <SchemaData schemaUrl="#Distrito_YRYBUCUA.schema">
            <SimpleData name="Cédula">5553711.00000000000</SimpleData>
            <SimpleData name="cedula">5553711</SimpleData>
            <SimpleData name="Cédula_1">5553711.00000000000</SimpleData>
            <SimpleData name="N">34.00000000000</SimpleData>
            <SimpleData name="Nombres_y_">ROCIO ZARACHO ESPINOLA</SimpleData>
            <SimpleData name="Sexo">Mujer</SimpleData>
            <SimpleData name="Cambio_de_">NO</SimpleData>
            <SimpleData name="Titular_se">NO</SimpleData>
            <SimpleData name="Cédula_Ti">-</SimpleData>
            <SimpleData name="Situación">NO</SimpleData>
            <SimpleData name="Comunidad">Campesina</SimpleData>
            <SimpleData name="Modelo_imp">Modelo 5</SimpleData>
            <SimpleData name="Departamen">SAN PEDRO</SimpleData>
            <SimpleData name="Distrito">YRYBUCUA</SimpleData>
            <SimpleData name="Localidad"><![CDATA[VY'A RENDA]]></SimpleData>
            <SimpleData name="Teléfono">0986160240</SimpleData>
            <SimpleData name="Vivienda_L">-24.49331180000</SimpleData>
            <SimpleData name="Vivienda_1">-56.20436670000</SimpleData>
            <SimpleData name="Superficie">0.70000000000</SimpleData>
            <SimpleData name="Situaci_1">Pol?gono</SimpleData>
            <SimpleData name="Plantado">Si</SimpleData>
            <SimpleData name="Parcela_La">-24.49313639000</SimpleData>
            <SimpleData name="Parcela_Lo">-56.20528673000</SimpleData>
            <SimpleData name="Grupo_Impl">G1</SimpleData>
            <SimpleData name="Grupo_de_P">Lote 1-G5-P1P1-P1P1-XX</SimpleData>
            <SimpleData name="Jornales">8.00000000000</SimpleData>
            <SimpleData name="Monto">914316.00000000000</SimpleData>
            <SimpleData name="ETAPA_FAO">Mantenimiento A?o 2</SimpleData>
            <SimpleData name="Asistencia">-</SimpleData>
            <SimpleData name="Estado_del">Activo</SimpleData>
            <SimpleData name="Empresa">Hyh Consultores SRL</SimpleData>
            <SimpleData name="Lote">Lote 1</SimpleData>
            <SimpleData name="Monitorear">No</SimpleData>
            <SimpleData name="Fecha_de_M">-</SimpleData>
            <SimpleData name="F__de_pren">-</SimpleData>
            <SimpleData name="Estado_FAO">Monitorear</SimpleData>
            <SimpleData name="Etapa_de_i">Mantenimiento A?o 2</SimpleData>
            <SimpleData name="Fecha_visi">2026/08/25</SimpleData>
            <SimpleData name="Cumple_sup">Si</SimpleData>
            <SimpleData name="Estado_mon">-</SimpleData>
            <SimpleData name="Situaci_12">-</SimpleData>
            <SimpleData name="Observaci">-</SimpleData>
            <SimpleData name="Dias_trans">12.49848379630</SimpleData>
            <SimpleData name="Prioridad">ALTA</SimpleData>
            <SimpleData name="OBJECTID_1">34</SimpleData>
          </SchemaData>
        </ExtendedData>
        <Polygon>
          <outerBoundaryIs>
            <LinearRing>
              <coordinates>
                -56.2047266006308,-24.4934008998386,0
                -56.2056523995823,-24.4935626007609,0
                -56.2058166997921,-24.4928233006281,0
                -56.2049228995598,-24.4927415005958,0
                -56.2047266006308,-24.4934008998386,0
              </coordinates>
            </LinearRing>
          </outerBoundaryIs>
        </Polygon>
      </Placemark>
      <Placemark id="Distrito_YRYBUCUA.15">
        <ExtendedData>
          <SchemaData schemaUrl="#Distrito_YRYBUCUA.schema">
            <SimpleData name="Cédula">5402413.00000000000</SimpleData>
            <SimpleData name="cedula">5402413</SimpleData>
            <SimpleData name="Cédula_1">5402413.00000000000</SimpleData>
            <SimpleData name="N">6.00000000000</SimpleData>
            <SimpleData name="Nombres_y_">NILDA ARMOA MARTINEZ</SimpleData>
            <SimpleData name="Sexo">Mujer</SimpleData>
            <SimpleData name="Cambio_de_">NO</SimpleData>
            <SimpleData name="Titular_se">NO</SimpleData>
            <SimpleData name="Cédula_Ti">-</SimpleData>
            <SimpleData name="Situación">NO</SimpleData>
            <SimpleData name="Comunidad">Campesina</SimpleData>
            <SimpleData name="Modelo_imp">Modelo 1</SimpleData>
            <SimpleData name="Departamen">SAN PEDRO</SimpleData>
            <SimpleData name="Distrito">YRYBUCUA</SimpleData>
            <SimpleData name="Localidad">ASENT. JUSTO VILLANUEVA</SimpleData>
            <SimpleData name="Teléfono">0975259811</SimpleData>
            <SimpleData name="Vivienda_L">-24.48262080000</SimpleData>
            <SimpleData name="Vivienda_1">-56.15658040000</SimpleData>
            <SimpleData name="Superficie">0.90000000000</SimpleData>
            <SimpleData name="Situaci_1">Pol?gono</SimpleData>
            <SimpleData name="Plantado">Si</SimpleData>
            <SimpleData name="Parcela_La">-24.48247031000</SimpleData>
            <SimpleData name="Parcela_Lo">-56.15640831000</SimpleData>
            <SimpleData name="Grupo_Impl">G1</SimpleData>
            <SimpleData name="Grupo_de_P">Lote 1-G1-P1P1-P1P1-XX</SimpleData>
            <SimpleData name="Jornales">8.00000000000</SimpleData>
            <SimpleData name="Monto">914316.00000000000</SimpleData>
            <SimpleData name="ETAPA_FAO">Mantenimiento A?o 2</SimpleData>
            <SimpleData name="Asistencia">-</SimpleData>
            <SimpleData name="Estado_del">Activo</SimpleData>
            <SimpleData name="Empresa">Hyh Consultores SRL</SimpleData>
            <SimpleData name="Lote">Lote 1</SimpleData>
            <SimpleData name="Monitorear">No</SimpleData>
            <SimpleData name="Fecha_de_M">-</SimpleData>
            <SimpleData name="F__de_pren">-</SimpleData>
            <SimpleData name="Estado_FAO">Monitorear</SimpleData>
            <SimpleData name="Etapa_de_i">Mantenimiento A?o 2</SimpleData>
            <SimpleData name="Fecha_visi">2026/08/26</SimpleData>
            <SimpleData name="Cumple_sup">Si</SimpleData>
            <SimpleData name="Estado_mon">-</SimpleData>
            <SimpleData name="Situaci_12">-</SimpleData>
            <SimpleData name="Observaci">-</SimpleData>
            <SimpleData name="Dias_trans">11.01910879630</SimpleData>
            <SimpleData name="Prioridad">ALTA</SimpleData>
            <SimpleData name="OBJECTID_1">6</SimpleData>
          </SchemaData>
        </ExtendedData>
        <MultiGeometry>
          <Polygon>
            <outerBoundaryIs>
              <LinearRing>
                <coordinates>
                  -56.1569683000369,-24.4827549999339,0
                  -56.1572430016017,-24.4827868996977,0
                  -56.1572231996334,-24.4822768995399,0
                  -56.1569763002871,-24.4823215008715,0
                  -56.1569683000369,-24.4827549999339,0
                </coordinates>
              </LinearRing>
            </outerBoundaryIs>
          </Polygon>
          <Polygon>
            <outerBoundaryIs>
              <LinearRing>
                <coordinates>
                  -56.1558366998645,-24.4821066998357,0
                  -56.1558935997467,-24.4829312995965,0
                  -56.1565910003388,-24.4828807999645,0
                  -56.1565165000509,-24.4824553999687,0
                  -56.1568367996913,-24.4824044005821,0
                  -56.1568038001545,-24.4820544015263,0
                  -56.1558366998645,-24.4821066998357,0
                </coordinates>
              </LinearRing>
            </outerBoundaryIs>
          </Polygon>
        </MultiGeometry>
      </Placemark>
      <Placemark id="Distrito_YRYBUCUA.16">
        <ExtendedData>
          <SchemaData schemaUrl="#Distrito_YRYBUCUA.schema">
            <SimpleData name="Cédula">7309883.00000000000</SimpleData>
            <SimpleData name="cedula">7309883</SimpleData>
            <SimpleData name="Cédula_1">7309883.00000000000</SimpleData>
            <SimpleData name="N">39.00000000000</SimpleData>
            <SimpleData name="Nombres_y_">AURELIA ARMOA AMARILLA</SimpleData>
            <SimpleData name="Sexo">Mujer</SimpleData>
            <SimpleData name="Cambio_de_">NO</SimpleData>
            <SimpleData name="Titular_se">NO</SimpleData>
            <SimpleData name="Cédula_Ti">-</SimpleData>
            <SimpleData name="Situación">NO</SimpleData>
            <SimpleData name="Comunidad">Campesina</SimpleData>
            <SimpleData name="Modelo_imp">Modelo 1</SimpleData>
            <SimpleData name="Departamen">SAN PEDRO</SimpleData>
            <SimpleData name="Distrito">YRYBUCUA</SimpleData>
            <SimpleData name="Localidad">YVU PORA</SimpleData>
            <SimpleData name="Teléfono">0986305140</SimpleData>
            <SimpleData name="Vivienda_L">-24.45375910000</SimpleData>
            <SimpleData name="Vivienda_1">-56.02783730000</SimpleData>
            <SimpleData name="Superficie">0.90000000000</SimpleData>
            <SimpleData name="Situaci_1">Pol?gono</SimpleData>
            <SimpleData name="Plantado">Si</SimpleData>
            <SimpleData name="Parcela_La">-24.45361139000</SimpleData>
            <SimpleData name="Parcela_Lo">-56.03410814000</SimpleData>
            <SimpleData name="Grupo_Impl">G1</SimpleData>
            <SimpleData name="Grupo_de_P">Lote 1-G3-P1P1-P1P1-XX</SimpleData>
            <SimpleData name="Jornales">8.00000000000</SimpleData>
            <SimpleData name="Monto">914316.00000000000</SimpleData>
            <SimpleData name="ETAPA_FAO">Mantenimiento A?o 2</SimpleData>
            <SimpleData name="Asistencia">-</SimpleData>
            <SimpleData name="Estado_del">Activo</SimpleData>
            <SimpleData name="Empresa">Hyh Consultores SRL</SimpleData>
            <SimpleData name="Lote">Lote 1</SimpleData>
            <SimpleData name="Monitorear">Si</SimpleData>
            <SimpleData name="Fecha_de_M">-</SimpleData>
            <SimpleData name="F__de_pren">-</SimpleData>
            <SimpleData name="Estado_FAO">Monitorear</SimpleData>
            <SimpleData name="Etapa_de_i">Mantenimiento A?o 2</SimpleData>
            <SimpleData name="Fecha_visi">2026/08/27</SimpleData>
            <SimpleData name="Cumple_sup">Si</SimpleData>
            <SimpleData name="Estado_mon">-</SimpleData>
            <SimpleData name="Situaci_12">-</SimpleData>
            <SimpleData name="Observaci">-</SimpleData>
            <SimpleData name="Dias_trans">10.18570601850</SimpleData>
            <SimpleData name="Prioridad">ALTA</SimpleData>
            <SimpleData name="OBJECTID_1">39</SimpleData>
          </SchemaData>
        </ExtendedData>
        <Polygon>
          <outerBoundaryIs>
            <LinearRing>
              <coordinates>
                -56.0336672004121,-24.453158400045,0
                -56.0336124006723,-24.4540514017645,0
                -56.034552799416,-24.4540348993847,0
                -56.0346237007752,-24.4532075995402,0
                -56.0336672004121,-24.453158400045,0
              </coordinates>
            </LinearRing>
          </outerBoundaryIs>
        </Polygon>
      </Placemark>
      <Placemark id="Distrito_YRYBUCUA.17">
        <ExtendedData>
          <SchemaData schemaUrl="#Distrito_YRYBUCUA.schema">
            <SimpleData name="Cédula">5316176.00000000000</SimpleData>
            <SimpleData name="cedula">5316176</SimpleData>
            <SimpleData name="Cédula_1">5316176.00000000000</SimpleData>
            <SimpleData name="N">16.00000000000</SimpleData>
            <SimpleData name="Nombres_y_">GLORIA VERA ROMERO</SimpleData>
            <SimpleData name="Sexo">Mujer</SimpleData>
            <SimpleData name="Cambio_de_">NO</SimpleData>
            <SimpleData name="Titular_se">NO</SimpleData>
            <SimpleData name="Cédula_Ti">-</SimpleData>
            <SimpleData name="Situación">NO</SimpleData>
            <SimpleData name="Comunidad">Ind?gena</SimpleData>
            <SimpleData name="Modelo_imp">Modelo 1</SimpleData>
            <SimpleData name="Departamen">SAN PEDRO</SimpleData>
            <SimpleData name="Distrito">YRYBUCUA</SimpleData>
            <SimpleData name="Localidad">COM INDIG Y APY SANTA ISABEL</SimpleData>
            <SimpleData name="Teléfono">0971382112</SimpleData>
            <SimpleData name="Vivienda_L">-24.49317730000</SimpleData>
            <SimpleData name="Vivienda_1">-56.11451860000</SimpleData>
            <SimpleData name="Superficie">0.80000000000</SimpleData>
            <SimpleData name="Situaci_1">Pol?gono</SimpleData>
            <SimpleData name="Plantado">Si</SimpleData>
            <SimpleData name="Parcela_La">-24.49523847000</SimpleData>
            <SimpleData name="Parcela_Lo">-56.11242680000</SimpleData>
            <SimpleData name="Grupo_Impl">G1</SimpleData>
            <SimpleData name="Grupo_de_P">Lote 1-G1-P1P1-P1P1-XX</SimpleData>
            <SimpleData name="Jornales">8.00000000000</SimpleData>
            <SimpleData name="Monto">914316.00000000000</SimpleData>
            <SimpleData name="ETAPA_FAO">Mantenimiento A?o 2</SimpleData>
            <SimpleData name="Asistencia">-</SimpleData>
            <SimpleData name="Estado_del">Activo</SimpleData>
            <SimpleData name="Empresa">Hyh Consultores SRL</SimpleData>
            <SimpleData name="Lote">Lote 1</SimpleData>
            <SimpleData name="Monitorear">Si</SimpleData>
            <SimpleData name="Fecha_de_M">-</SimpleData>
            <SimpleData name="F__de_pren">-</SimpleData>
            <SimpleData name="Estado_FAO">Monitorear</SimpleData>
            <SimpleData name="Etapa_de_i">Mantenimiento A?o 2</SimpleData>
            <SimpleData name="Fecha_visi">2026/08/25</SimpleData>
            <SimpleData name="Cumple_sup">Si</SimpleData>
            <SimpleData name="Estado_mon">-</SimpleData>
            <SimpleData name="Situaci_12">-</SimpleData>
            <SimpleData name="Observaci">-</SimpleData>
            <SimpleData name="Dias_trans">12.49859953700</SimpleData>
            <SimpleData name="Prioridad">ALTA</SimpleData>
            <SimpleData name="OBJECTID_1">16</SimpleData>
          </SchemaData>
        </ExtendedData>
        <Polygon>
          <outerBoundaryIs>
            <LinearRing>
              <coordinates>
                -56.1118500002222,-24.4951649992437,0
                -56.1118863004967,-24.4956890016522,0
                -56.1130270996854,-24.4954379997167,0
                -56.1127859998103,-24.4946856000013,0
                -56.1118500002222,-24.4951649992437,0
              </coordinates>
            </LinearRing>
          </outerBoundaryIs>
        </Polygon>
      </Placemark>
      <Placemark id="Distrito_YRYBUCUA.18">
        <ExtendedData>
          <SchemaData schemaUrl="#Distrito_YRYBUCUA.schema">
            <SimpleData name="Cédula">7262497.00000000000</SimpleData>
            <SimpleData name="cedula">7262497</SimpleData>
            <SimpleData name="Cédula_1">7262497.00000000000</SimpleData>
            <SimpleData name="N">27.00000000000</SimpleData>
            <SimpleData name="Nombres_y_">ADELA ALEGRE OZUNA</SimpleData>
            <SimpleData name="Sexo">Mujer</SimpleData>
            <SimpleData name="Cambio_de_">NO</SimpleData>
            <SimpleData name="Titular_se">NO</SimpleData>
            <SimpleData name="Cédula_Ti">-</SimpleData>
            <SimpleData name="Situación">NO</SimpleData>
            <SimpleData name="Comunidad">Ind?gena</SimpleData>
            <SimpleData name="Modelo_imp">Modelo 5</SimpleData>
            <SimpleData name="Departamen">SAN PEDRO</SimpleData>
            <SimpleData name="Distrito">YRYBUCUA</SimpleData>
            <SimpleData name="Localidad">COM INDIG Y APY SANTA ISABEL</SimpleData>
            <SimpleData name="Teléfono">0982316301</SimpleData>
            <SimpleData name="Vivienda_L">-24.51554270000</SimpleData>
            <SimpleData name="Vivienda_1">-56.13108070000</SimpleData>
            <SimpleData name="Superficie">0.80000000000</SimpleData>
            <SimpleData name="Situaci_1">Pol?gono</SimpleData>
            <SimpleData name="Plantado">Si</SimpleData>
            <SimpleData name="Parcela_La">-24.51486463000</SimpleData>
            <SimpleData name="Parcela_Lo">-56.13192997000</SimpleData>
            <SimpleData name="Grupo_Impl">G1</SimpleData>
            <SimpleData name="Grupo_de_P">Lote 1-G2-P1P1-P1P1-XX</SimpleData>
            <SimpleData name="Jornales">8.00000000000</SimpleData>
            <SimpleData name="Monto">914316.00000000000</SimpleData>
            <SimpleData name="ETAPA_FAO">Mantenimiento A?o 2</SimpleData>
            <SimpleData name="Asistencia">-</SimpleData>
            <SimpleData name="Estado_del">Activo</SimpleData>
            <SimpleData name="Empresa">Hyh Consultores SRL</SimpleData>
            <SimpleData name="Lote">Lote 1</SimpleData>
            <SimpleData name="Monitorear">Si</SimpleData>
            <SimpleData name="Fecha_de_M">-</SimpleData>
            <SimpleData name="F__de_pren">-</SimpleData>
            <SimpleData name="Estado_FAO">Monitorear</SimpleData>
            <SimpleData name="Etapa_de_i">Mantenimiento A?o 2</SimpleData>
            <SimpleData name="Fecha_visi">2026/08/25</SimpleData>
            <SimpleData name="Cumple_sup">Si</SimpleData>
            <SimpleData name="Estado_mon">-</SimpleData>
            <SimpleData name="Situaci_12">-</SimpleData>
            <SimpleData name="Observaci">-</SimpleData>
            <SimpleData name="Dias_trans">12.49781250000</SimpleData>
            <SimpleData name="Prioridad">ALTA</SimpleData>
            <SimpleData name="OBJECTID_1">27</SimpleData>
          </SchemaData>
        </ExtendedData>
        <Polygon>
          <outerBoundaryIs>
            <LinearRing>
              <coordinates>
                -56.1311759996688,-24.5150858998258,0
                -56.1314863995685,-24.5154690002715,0
                -56.1327122002851,-24.5146048002157,0
                -56.1323594997969,-24.5142795003226,0
                -56.1311759996688,-24.5150858998258,0
              </coordinates>
            </LinearRing>
          </outerBoundaryIs>
        </Polygon>
      </Placemark>
      <Placemark id="Distrito_YRYBUCUA.19">
        <ExtendedData>
          <SchemaData schemaUrl="#Distrito_YRYBUCUA.schema">
            <SimpleData name="Cédula">3578851.00000000000</SimpleData>
            <SimpleData name="cedula">3578851</SimpleData>
            <SimpleData name="Cédula_1">3578851.00000000000</SimpleData>
            <SimpleData name="N">2.00000000000</SimpleData>
            <SimpleData name="Nombres_y_">JORGE VILLALBA</SimpleData>
            <SimpleData name="Sexo">Hombre</SimpleData>
            <SimpleData name="Cambio_de_">NO</SimpleData>
            <SimpleData name="Titular_se">NO</SimpleData>
            <SimpleData name="Cédula_Ti">-</SimpleData>
            <SimpleData name="Situación">NO</SimpleData>
            <SimpleData name="Comunidad">Campesina</SimpleData>
            <SimpleData name="Modelo_imp">Modelo 2</SimpleData>
            <SimpleData name="Departamen">SAN PEDRO</SimpleData>
            <SimpleData name="Distrito">YRYBUCUA</SimpleData>
            <SimpleData name="Localidad">2 DE MAYO</SimpleData>
            <SimpleData name="Teléfono">0984863018</SimpleData>
            <SimpleData name="Vivienda_L">-24.56222610000</SimpleData>
            <SimpleData name="Vivienda_1">-56.09803420000</SimpleData>
            <SimpleData name="Superficie">0.90000000000</SimpleData>
            <SimpleData name="Situaci_1">Pol?gono</SimpleData>
            <SimpleData name="Plantado">Si</SimpleData>
            <SimpleData name="Parcela_La">-24.56042074000</SimpleData>
            <SimpleData name="Parcela_Lo">-56.09784505000</SimpleData>
            <SimpleData name="Grupo_Impl">G1</SimpleData>
            <SimpleData name="Grupo_de_P">Lote 1-G3-P1P1-P1P1-XX</SimpleData>
            <SimpleData name="Jornales">8.00000000000</SimpleData>
            <SimpleData name="Monto">914316.00000000000</SimpleData>
            <SimpleData name="ETAPA_FAO">Mantenimiento A?o 2</SimpleData>
            <SimpleData name="Asistencia">-</SimpleData>
            <SimpleData name="Estado_del">Activo</SimpleData>
            <SimpleData name="Empresa">Hyh Consultores SRL</SimpleData>
            <SimpleData name="Lote">Lote 1</SimpleData>
            <SimpleData name="Monitorear">Si</SimpleData>
            <SimpleData name="Fecha_de_M">-</SimpleData>
            <SimpleData name="F__de_pren">-</SimpleData>
            <SimpleData name="Estado_FAO">Monitorear</SimpleData>
            <SimpleData name="Etapa_de_i">Mantenimiento A?o 2</SimpleData>
            <SimpleData name="Fecha_visi">2026/08/26</SimpleData>
            <SimpleData name="Cumple_sup">Si</SimpleData>
            <SimpleData name="Estado_mon">-</SimpleData>
            <SimpleData name="Situaci_12">-</SimpleData>
            <SimpleData name="Observaci">-</SimpleData>
            <SimpleData name="Dias_trans">11.52785879630</SimpleData>
            <SimpleData name="Prioridad">ALTA</SimpleData>
            <SimpleData name="OBJECTID_1">2</SimpleData>
          </SchemaData>
        </ExtendedData>
        <Polygon>
          <outerBoundaryIs>
            <LinearRing>
              <coordinates>
                -56.0975564995249,-24.5597207004677,0
                -56.0975676000786,-24.5611490003646,0
                -56.0981177007742,-24.5611450010393,0
                -56.0981352999817,-24.5596927007179,0
                -56.0975564995249,-24.5597207004677,0
              </coordinates>
            </LinearRing>
          </outerBoundaryIs>
        </Polygon>
      </Placemark>
      <Placemark id="Distrito_YRYBUCUA.20">
        <ExtendedData>
          <SchemaData schemaUrl="#Distrito_YRYBUCUA.schema">
            <SimpleData name="Cédula">6871300.00000000000</SimpleData>
            <SimpleData name="cedula">6871300</SimpleData>
            <SimpleData name="Cédula_1">6871300.00000000000</SimpleData>
            <SimpleData name="N">3.00000000000</SimpleData>
            <SimpleData name="Nombres_y_">JORGELINA AVALOS BERNAL</SimpleData>
            <SimpleData name="Sexo">Mujer</SimpleData>
            <SimpleData name="Cambio_de_">NO</SimpleData>
            <SimpleData name="Titular_se">NO</SimpleData>
            <SimpleData name="Cédula_Ti">-</SimpleData>
            <SimpleData name="Situación">NO</SimpleData>
            <SimpleData name="Comunidad">Campesina</SimpleData>
            <SimpleData name="Modelo_imp">Modelo 2</SimpleData>
            <SimpleData name="Departamen">SAN PEDRO</SimpleData>
            <SimpleData name="Distrito">YRYBUCUA</SimpleData>
            <SimpleData name="Localidad">ASENT. 1RA LINEA SANGUINA KUE</SimpleData>
            <SimpleData name="Teléfono">0991598186</SimpleData>
            <SimpleData name="Vivienda_L">-24.54032930000</SimpleData>
            <SimpleData name="Vivienda_1">-56.06522170000</SimpleData>
            <SimpleData name="Superficie">0.90000000000</SimpleData>
            <SimpleData name="Situaci_1">Pol?gono</SimpleData>
            <SimpleData name="Plantado">Si</SimpleData>
            <SimpleData name="Parcela_La">-24.54006463000</SimpleData>
            <SimpleData name="Parcela_Lo">-56.06316604000</SimpleData>
            <SimpleData name="Grupo_Impl">G1</SimpleData>
            <SimpleData name="Grupo_de_P">Lote 1-G4-XX-XX-XX</SimpleData>
            <SimpleData name="Jornales">4.00000000000</SimpleData>
            <SimpleData name="Monto">446008.00000000000</SimpleData>
            <SimpleData name="ETAPA_FAO">Mantenimiento A?o 1.2</SimpleData>
            <SimpleData name="Asistencia">-</SimpleData>
            <SimpleData name="Estado_del">Activo</SimpleData>
            <SimpleData name="Empresa">Hyh Consultores SRL</SimpleData>
            <SimpleData name="Lote">Lote 1</SimpleData>
            <SimpleData name="Monitorear">Si</SimpleData>
            <SimpleData name="Fecha_de_M">-</SimpleData>
            <SimpleData name="F__de_pren">-</SimpleData>
            <SimpleData name="Estado_FAO">Monitorear</SimpleData>
            <SimpleData name="Etapa_de_i">Mantenimiento A?o 1.2</SimpleData>
            <SimpleData name="Fecha_visi">2026/09/01</SimpleData>
            <SimpleData name="Cumple_sup">Si</SimpleData>
            <SimpleData name="Estado_mon">-</SimpleData>
            <SimpleData name="Situaci_12">-</SimpleData>
            <SimpleData name="Observaci">-</SimpleData>
            <SimpleData name="Dias_trans">5.18484953704</SimpleData>
            <SimpleData name="Prioridad">ALTA</SimpleData>
            <SimpleData name="OBJECTID_1">3</SimpleData>
          </SchemaData>
        </ExtendedData>
        <Polygon>
          <outerBoundaryIs>
            <LinearRing>
              <coordinates>
                -56.0623950000975,-24.5403166999694,0
                -56.0639945001072,-24.5403552997756,0
                -56.0638159002884,-24.5397921993729,0
                -56.0624499993229,-24.5397650014613,0
                -56.0623950000975,-24.5403166999694,0
              </coordinates>
            </LinearRing>
          </outerBoundaryIs>
        </Polygon>
      </Placemark>
      <Placemark id="Distrito_YRYBUCUA.21">
        <ExtendedData>
          <SchemaData schemaUrl="#Distrito_YRYBUCUA.schema">
            <SimpleData name="Cédula">1526292.00000000000</SimpleData>
            <SimpleData name="cedula">1526292</SimpleData>
            <SimpleData name="Cédula_1">1526292.00000000000</SimpleData>
            <SimpleData name="N">24.00000000000</SimpleData>
            <SimpleData name="Nombres_y_">EPIFANIA JIMENEZ GONZALEZ</SimpleData>
            <SimpleData name="Sexo">Mujer</SimpleData>
            <SimpleData name="Cambio_de_">NO</SimpleData>
            <SimpleData name="Titular_se">NO</SimpleData>
            <SimpleData name="Cédula_Ti">-</SimpleData>
            <SimpleData name="Situación">NO</SimpleData>
            <SimpleData name="Comunidad">Ind?gena</SimpleData>
            <SimpleData name="Modelo_imp">Modelo 2</SimpleData>
            <SimpleData name="Departamen">SAN PEDRO</SimpleData>
            <SimpleData name="Distrito">YRYBUCUA</SimpleData>
            <SimpleData name="Localidad">COM INDIG Y APY SANTA ISABEL</SimpleData>
            <SimpleData name="Teléfono">0976819342</SimpleData>
            <SimpleData name="Vivienda_L">-24.51900350000</SimpleData>
            <SimpleData name="Vivienda_1">-56.13313170000</SimpleData>
            <SimpleData name="Superficie">0.80000000000</SimpleData>
            <SimpleData name="Situaci_1">Pol?gono</SimpleData>
            <SimpleData name="Plantado">Si</SimpleData>
            <SimpleData name="Parcela_La">-24.51653742000</SimpleData>
            <SimpleData name="Parcela_Lo">-56.13568119000</SimpleData>
            <SimpleData name="Grupo_Impl">G1</SimpleData>
            <SimpleData name="Grupo_de_P">Lote 1-G2-P1P1-P1P1-XX</SimpleData>
            <SimpleData name="Jornales">8.00000000000</SimpleData>
            <SimpleData name="Monto">914316.00000000000</SimpleData>
            <SimpleData name="ETAPA_FAO">Mantenimiento A?o 2</SimpleData>
            <SimpleData name="Asistencia">-</SimpleData>
            <SimpleData name="Estado_del">Activo</SimpleData>
            <SimpleData name="Empresa">Hyh Consultores SRL</SimpleData>
            <SimpleData name="Lote">Lote 1</SimpleData>
            <SimpleData name="Monitorear">Si</SimpleData>
            <SimpleData name="Fecha_de_M">-</SimpleData>
            <SimpleData name="F__de_pren">-</SimpleData>
            <SimpleData name="Estado_FAO">Monitorear</SimpleData>
            <SimpleData name="Etapa_de_i">Mantenimiento A?o 2</SimpleData>
            <SimpleData name="Fecha_visi">2026/08/25</SimpleData>
            <SimpleData name="Cumple_sup">Si</SimpleData>
            <SimpleData name="Estado_mon">-</SimpleData>
            <SimpleData name="Situaci_12">-</SimpleData>
            <SimpleData name="Observaci">-</SimpleData>
            <SimpleData name="Dias_trans">12.49866898150</SimpleData>
            <SimpleData name="Prioridad">ALTA</SimpleData>
            <SimpleData name="OBJECTID_1">24</SimpleData>
          </SchemaData>
        </ExtendedData>
        <Polygon>
          <outerBoundaryIs>
            <LinearRing>
              <coordinates>
                -56.1349457611119,-24.5167400709425,0
                -56.1355190012111,-24.5170458997083,0
                -56.1361612004673,-24.5166733008271,0
                -56.136248701888,-24.5162818997501,0
                -56.1358900017185,-24.5159471009243,0
                -56.1349457611119,-24.5167400709425,0
              </coordinates>
            </LinearRing>
          </outerBoundaryIs>
        </Polygon>
      </Placemark>
      <Placemark id="Distrito_YRYBUCUA.22">
        <ExtendedData>
          <SchemaData schemaUrl="#Distrito_YRYBUCUA.schema">
            <SimpleData name="Cédula">2460664.00000000000</SimpleData>
            <SimpleData name="cedula">2460664</SimpleData>
            <SimpleData name="Cédula_1">2460664.00000000000</SimpleData>
            <SimpleData name="N">18.00000000000</SimpleData>
            <SimpleData name="Nombres_y_">VIVIANA FRANCO DE VERA</SimpleData>
            <SimpleData name="Sexo">Mujer</SimpleData>
            <SimpleData name="Cambio_de_">NO</SimpleData>
            <SimpleData name="Titular_se">NO</SimpleData>
            <SimpleData name="Cédula_Ti">-</SimpleData>
            <SimpleData name="Situación">NO</SimpleData>
            <SimpleData name="Comunidad">Ind?gena</SimpleData>
            <SimpleData name="Modelo_imp">Modelo 1</SimpleData>
            <SimpleData name="Departamen">SAN PEDRO</SimpleData>
            <SimpleData name="Distrito">YRYBUCUA</SimpleData>
            <SimpleData name="Localidad">COM INDIG Y APY SANTA ISABEL</SimpleData>
            <SimpleData name="Teléfono">0985919091</SimpleData>
            <SimpleData name="Vivienda_L">-24.49252890000</SimpleData>
            <SimpleData name="Vivienda_1">-56.11455540000</SimpleData>
            <SimpleData name="Superficie">1.00000000000</SimpleData>
            <SimpleData name="Situaci_1">Pol?gono</SimpleData>
            <SimpleData name="Plantado">Si</SimpleData>
            <SimpleData name="Parcela_La">-24.49444299000</SimpleData>
            <SimpleData name="Parcela_Lo">-56.11218169000</SimpleData>
            <SimpleData name="Grupo_Impl">G1</SimpleData>
            <SimpleData name="Grupo_de_P">Lote 1-G1-P1P1-P1P1-XX</SimpleData>
            <SimpleData name="Jornales">8.00000000000</SimpleData>
            <SimpleData name="Monto">914316.00000000000</SimpleData>
            <SimpleData name="ETAPA_FAO">Mantenimiento A?o 2</SimpleData>
            <SimpleData name="Asistencia">-</SimpleData>
            <SimpleData name="Estado_del">Activo</SimpleData>
            <SimpleData name="Empresa">Hyh Consultores SRL</SimpleData>
            <SimpleData name="Lote">Lote 1</SimpleData>
            <SimpleData name="Monitorear">Si</SimpleData>
            <SimpleData name="Fecha_de_M">-</SimpleData>
            <SimpleData name="F__de_pren">-</SimpleData>
            <SimpleData name="Estado_FAO">Monitorear</SimpleData>
            <SimpleData name="Etapa_de_i">Mantenimiento A?o 2</SimpleData>
            <SimpleData name="Fecha_visi">2026/08/25</SimpleData>
            <SimpleData name="Cumple_sup">Si</SimpleData>
            <SimpleData name="Estado_mon">-</SimpleData>
            <SimpleData name="Situaci_12">-</SimpleData>
            <SimpleData name="Observaci">-</SimpleData>
            <SimpleData name="Dias_trans">12.49869212960</SimpleData>
            <SimpleData name="Prioridad">ALTA</SimpleData>
            <SimpleData name="OBJECTID_1">18</SimpleData>
          </SchemaData>
        </ExtendedData>
        <Polygon>
          <outerBoundaryIs>
            <LinearRing>
              <coordinates>
                -56.1117099993984,-24.4940867007776,0
                -56.1118000000173,-24.4950917004849,0
                -56.1127883002878,-24.4946683002149,0
                -56.112409400161,-24.49381310058,0
                -56.1117099993984,-24.4940867007776,0
              </coordinates>
            </LinearRing>
          </outerBoundaryIs>
        </Polygon>
      </Placemark>
      <Placemark id="Distrito_YRYBUCUA.23">
        <ExtendedData>
          <SchemaData schemaUrl="#Distrito_YRYBUCUA.schema">
            <SimpleData name="Cédula">1460937.00000000000</SimpleData>
            <SimpleData name="cedula">1460937</SimpleData>
            <SimpleData name="Cédula_1">1460937.00000000000</SimpleData>
            <SimpleData name="N">28.00000000000</SimpleData>
            <SimpleData name="Nombres_y_">PATROCINIO PORTILLO VERA</SimpleData>
            <SimpleData name="Sexo">Hombre</SimpleData>
            <SimpleData name="Cambio_de_">NO</SimpleData>
            <SimpleData name="Titular_se">NO</SimpleData>
            <SimpleData name="Cédula_Ti">-</SimpleData>
            <SimpleData name="Situación">NO</SimpleData>
            <SimpleData name="Comunidad">Ind?gena</SimpleData>
            <SimpleData name="Modelo_imp">Modelo 2</SimpleData>
            <SimpleData name="Departamen">SAN PEDRO</SimpleData>
            <SimpleData name="Distrito">YRYBUCUA</SimpleData>
            <SimpleData name="Localidad">COM INDIG Y APY SANTA ISABEL</SimpleData>
            <SimpleData name="Teléfono">0984759853</SimpleData>
            <SimpleData name="Vivienda_L">-24.49923710000</SimpleData>
            <SimpleData name="Vivienda_1">-56.11800800000</SimpleData>
            <SimpleData name="Superficie">0.90000000000</SimpleData>
            <SimpleData name="Situaci_1">Pol?gono</SimpleData>
            <SimpleData name="Plantado">Si</SimpleData>
            <SimpleData name="Parcela_La">-24.49864996000</SimpleData>
            <SimpleData name="Parcela_Lo">-56.11935195000</SimpleData>
            <SimpleData name="Grupo_Impl">G1</SimpleData>
            <SimpleData name="Grupo_de_P">Lote 1-G4-P1P1-P1P1-XX</SimpleData>
            <SimpleData name="Jornales">8.00000000000</SimpleData>
            <SimpleData name="Monto">914316.00000000000</SimpleData>
            <SimpleData name="ETAPA_FAO">Mantenimiento A?o 2</SimpleData>
            <SimpleData name="Asistencia">-</SimpleData>
            <SimpleData name="Estado_del">Activo</SimpleData>
            <SimpleData name="Empresa">Hyh Consultores SRL</SimpleData>
            <SimpleData name="Lote">Lote 1</SimpleData>
            <SimpleData name="Monitorear">Si</SimpleData>
            <SimpleData name="Fecha_de_M">-</SimpleData>
            <SimpleData name="F__de_pren">-</SimpleData>
            <SimpleData name="Estado_FAO">Monitorear</SimpleData>
            <SimpleData name="Etapa_de_i">Mantenimiento A?o 2</SimpleData>
            <SimpleData name="Fecha_visi">2026/08/25</SimpleData>
            <SimpleData name="Cumple_sup">Si</SimpleData>
            <SimpleData name="Estado_mon">-</SimpleData>
            <SimpleData name="Situaci_12">-</SimpleData>
            <SimpleData name="Observaci">-</SimpleData>
            <SimpleData name="Dias_trans">12.49782407410</SimpleData>
            <SimpleData name="Prioridad">ALTA</SimpleData>
            <SimpleData name="OBJECTID_1">28</SimpleData>
          </SchemaData>
        </ExtendedData>
        <Polygon>
          <outerBoundaryIs>
            <LinearRing>
              <coordinates>
                -56.1188335984533,-24.4986291009896,0
                -56.1191366996153,-24.4993583005566,0
                -56.1198858014513,-24.4987231998944,0
                -56.1195165997518,-24.4979116004013,0
                -56.1188335984533,-24.4986291009896,0
              </coordinates>
            </LinearRing>
          </outerBoundaryIs>
        </Polygon>
      </Placemark>
      <Placemark id="Distrito_YRYBUCUA.24">
        <ExtendedData>
          <SchemaData schemaUrl="#Distrito_YRYBUCUA.schema">
            <SimpleData name="Cédula">4934229.00000000000</SimpleData>
            <SimpleData name="cedula">4934229</SimpleData>
            <SimpleData name="Cédula_1">4934229.00000000000</SimpleData>
            <SimpleData name="N">23.00000000000</SimpleData>
            <SimpleData name="Nombres_y_">UBALDINA ENCISO PERALTA</SimpleData>
            <SimpleData name="Sexo">Mujer</SimpleData>
            <SimpleData name="Cambio_de_">NO</SimpleData>
            <SimpleData name="Titular_se">NO</SimpleData>
            <SimpleData name="Cédula_Ti">-</SimpleData>
            <SimpleData name="Situación">NO</SimpleData>
            <SimpleData name="Comunidad">Ind?gena</SimpleData>
            <SimpleData name="Modelo_imp">Modelo 1</SimpleData>
            <SimpleData name="Departamen">SAN PEDRO</SimpleData>
            <SimpleData name="Distrito">YRYBUCUA</SimpleData>
            <SimpleData name="Localidad">COM INDIG Y APY SANTA ISABEL</SimpleData>
            <SimpleData name="Teléfono">0975296980</SimpleData>
            <SimpleData name="Vivienda_L">-24.50478520000</SimpleData>
            <SimpleData name="Vivienda_1">-56.12360650000</SimpleData>
            <SimpleData name="Superficie">0.80000000000</SimpleData>
            <SimpleData name="Situaci_1">Pol?gono</SimpleData>
            <SimpleData name="Plantado">Si</SimpleData>
            <SimpleData name="Parcela_La">-24.50898718000</SimpleData>
            <SimpleData name="Parcela_Lo">-56.11948687000</SimpleData>
            <SimpleData name="Grupo_Impl">G1</SimpleData>
            <SimpleData name="Grupo_de_P">Lote 1-G2-P1P1-P1P1-XX</SimpleData>
            <SimpleData name="Jornales">8.00000000000</SimpleData>
            <SimpleData name="Monto">914316.00000000000</SimpleData>
            <SimpleData name="ETAPA_FAO">Mantenimiento A?o 2</SimpleData>
            <SimpleData name="Asistencia">-</SimpleData>
            <SimpleData name="Estado_del">Activo</SimpleData>
            <SimpleData name="Empresa">Hyh Consultores SRL</SimpleData>
            <SimpleData name="Lote">Lote 1</SimpleData>
            <SimpleData name="Monitorear">Si</SimpleData>
            <SimpleData name="Fecha_de_M">-</SimpleData>
            <SimpleData name="F__de_pren">-</SimpleData>
            <SimpleData name="Estado_FAO">Monitorear</SimpleData>
            <SimpleData name="Etapa_de_i">Mantenimiento A?o 2</SimpleData>
            <SimpleData name="Fecha_visi">2026/08/25</SimpleData>
            <SimpleData name="Cumple_sup">Si</SimpleData>
            <SimpleData name="Estado_mon">-</SimpleData>
            <SimpleData name="Situaci_12">-</SimpleData>
            <SimpleData name="Observaci">-</SimpleData>
            <SimpleData name="Dias_trans">12.49864583330</SimpleData>
            <SimpleData name="Prioridad">ALTA</SimpleData>
            <SimpleData name="OBJECTID_1">23</SimpleData>
          </SchemaData>
        </ExtendedData>
        <Polygon>
          <outerBoundaryIs>
            <LinearRing>
              <coordinates>
                -56.1188618685767,-24.5091210783673,0
                -56.1194968026096,-24.5095847783307,0
                -56.1200348989436,-24.5089584001828,0
                -56.119617200243,-24.5083229008653,0
                -56.1188618685767,-24.5091210783673,0
              </coordinates>
            </LinearRing>
          </outerBoundaryIs>
        </Polygon>
      </Placemark>
      <Placemark id="Distrito_YRYBUCUA.25">
        <ExtendedData>
          <SchemaData schemaUrl="#Distrito_YRYBUCUA.schema">
            <SimpleData name="Cédula">5894607.00000000000</SimpleData>
            <SimpleData name="cedula">5894607</SimpleData>
            <SimpleData name="Cédula_1">5894607.00000000000</SimpleData>
            <SimpleData name="N">15.00000000000</SimpleData>
            <SimpleData name="Nombres_y_">LIRIA GONZALEZ OZUNA</SimpleData>
            <SimpleData name="Sexo">Mujer</SimpleData>
            <SimpleData name="Cambio_de_">NO</SimpleData>
            <SimpleData name="Titular_se">NO</SimpleData>
            <SimpleData name="Cédula_Ti">-</SimpleData>
            <SimpleData name="Situación">NO</SimpleData>
            <SimpleData name="Comunidad">Ind?gena</SimpleData>
            <SimpleData name="Modelo_imp">Modelo 1</SimpleData>
            <SimpleData name="Departamen">SAN PEDRO</SimpleData>
            <SimpleData name="Distrito">YRYBUCUA</SimpleData>
            <SimpleData name="Localidad">COM INDIG Y APY ARROYO SAYJU</SimpleData>
            <SimpleData name="Teléfono">0991317557</SimpleData>
            <SimpleData name="Vivienda_L">-24.52123540000</SimpleData>
            <SimpleData name="Vivienda_1">-56.15588930000</SimpleData>
            <SimpleData name="Superficie">0.80000000000</SimpleData>
            <SimpleData name="Situaci_1">Pol?gono</SimpleData>
            <SimpleData name="Plantado">Si</SimpleData>
            <SimpleData name="Parcela_La">-24.52589424000</SimpleData>
            <SimpleData name="Parcela_Lo">-56.15751602000</SimpleData>
            <SimpleData name="Grupo_Impl">G1</SimpleData>
            <SimpleData name="Grupo_de_P">Lote 1-P1-XX-XX-XX</SimpleData>
            <SimpleData name="Jornales">0.00000000000</SimpleData>
            <SimpleData name="Monto">0.00000000000</SimpleData>
            <SimpleData name="ETAPA_FAO">Mantenimiento A?o 1.2</SimpleData>
            <SimpleData name="Asistencia">-</SimpleData>
            <SimpleData name="Estado_del">Activo</SimpleData>
            <SimpleData name="Empresa">Hyh Consultores SRL</SimpleData>
            <SimpleData name="Lote">Lote 1</SimpleData>
            <SimpleData name="Monitorear">Si</SimpleData>
            <SimpleData name="Fecha_de_M">-</SimpleData>
            <SimpleData name="F__de_pren">-</SimpleData>
            <SimpleData name="Estado_FAO">Monitorear</SimpleData>
            <SimpleData name="Etapa_de_i">Mantenimiento A?o 1.2</SimpleData>
            <SimpleData name="Fecha_visi">2026/09/01</SimpleData>
            <SimpleData name="Cumple_sup">Si</SimpleData>
            <SimpleData name="Estado_mon">-</SimpleData>
            <SimpleData name="Situaci_12">-</SimpleData>
            <SimpleData name="Observaci">-</SimpleData>
            <SimpleData name="Dias_trans">5.18505787037</SimpleData>
            <SimpleData name="Prioridad">ALTA</SimpleData>
            <SimpleData name="OBJECTID_1">15</SimpleData>
          </SchemaData>
        </ExtendedData>
        <Polygon>
          <outerBoundaryIs>
            <LinearRing>
              <coordinates>
                -56.1571555997749,-24.5261507994271,0
                -56.1574573994535,-24.5265383002918,0
                -56.158083699847,-24.5260823996804,0
                -56.1578805002775,-24.5256014013971,0
                -56.1576893002675,-24.5253018000873,0
                -56.1568584989695,-24.5256832994801,0
                -56.1571667997862,-24.5260528004892,0
                -56.1571555997749,-24.5261507994271,0
              </coordinates>
            </LinearRing>
          </outerBoundaryIs>
        </Polygon>
      </Placemark>
      <Placemark id="Distrito_YRYBUCUA.26">
        <ExtendedData>
          <SchemaData schemaUrl="#Distrito_YRYBUCUA.schema">
            <SimpleData name="Cédula">5405504.00000000000</SimpleData>
            <SimpleData name="cedula">5405504</SimpleData>
            <SimpleData name="Cédula_1">5405504.00000000000</SimpleData>
            <SimpleData name="N">19.00000000000</SimpleData>
            <SimpleData name="Nombres_y_">ORLINDA ROMERO RIQUELME</SimpleData>
            <SimpleData name="Sexo">Mujer</SimpleData>
            <SimpleData name="Cambio_de_">NO</SimpleData>
            <SimpleData name="Titular_se">NO</SimpleData>
            <SimpleData name="Cédula_Ti">-</SimpleData>
            <SimpleData name="Situación">NO</SimpleData>
            <SimpleData name="Comunidad">Ind?gena</SimpleData>
            <SimpleData name="Modelo_imp">Modelo 2</SimpleData>
            <SimpleData name="Departamen">SAN PEDRO</SimpleData>
            <SimpleData name="Distrito">YRYBUCUA</SimpleData>
            <SimpleData name="Localidad">COM INDIG Y APY SANTA ISABEL</SimpleData>
            <SimpleData name="Teléfono">0975377163</SimpleData>
            <SimpleData name="Vivienda_L">-24.49485470000</SimpleData>
            <SimpleData name="Vivienda_1">-56.11614930000</SimpleData>
            <SimpleData name="Superficie">0.90000000000</SimpleData>
            <SimpleData name="Situaci_1">Pol?gono</SimpleData>
            <SimpleData name="Plantado">Si</SimpleData>
            <SimpleData name="Parcela_La">-24.49519453000</SimpleData>
            <SimpleData name="Parcela_Lo">-56.11427468000</SimpleData>
            <SimpleData name="Grupo_Impl">G1</SimpleData>
            <SimpleData name="Grupo_de_P">Lote 1-G1-P1P1-P1P1-XX</SimpleData>
            <SimpleData name="Jornales">8.00000000000</SimpleData>
            <SimpleData name="Monto">914316.00000000000</SimpleData>
            <SimpleData name="ETAPA_FAO">Mantenimiento A?o 2</SimpleData>
            <SimpleData name="Asistencia">-</SimpleData>
            <SimpleData name="Estado_del">Activo</SimpleData>
            <SimpleData name="Empresa">Hyh Consultores SRL</SimpleData>
            <SimpleData name="Lote">Lote 1</SimpleData>
            <SimpleData name="Monitorear">Si</SimpleData>
            <SimpleData name="Fecha_de_M">-</SimpleData>
            <SimpleData name="F__de_pren">-</SimpleData>
            <SimpleData name="Estado_FAO">Monitorear</SimpleData>
            <SimpleData name="Etapa_de_i">Mantenimiento A?o 2</SimpleData>
            <SimpleData name="Fecha_visi">2026/08/25</SimpleData>
            <SimpleData name="Cumple_sup">Si</SimpleData>
            <SimpleData name="Estado_mon">-</SimpleData>
            <SimpleData name="Situaci_12">-</SimpleData>
            <SimpleData name="Observaci">-</SimpleData>
            <SimpleData name="Dias_trans">12.49851851850</SimpleData>
            <SimpleData name="Prioridad">ALTA</SimpleData>
            <SimpleData name="OBJECTID_1">19</SimpleData>
          </SchemaData>
        </ExtendedData>
        <Polygon>
          <outerBoundaryIs>
            <LinearRing>
              <coordinates>
                -56.1135714009627,-24.495197800015,0
                -56.1140005003245,-24.4957470000934,0
                -56.1150149998054,-24.4951917004796,0
                -56.1147390004078,-24.4947979011587,0
                -56.1146990995899,-24.4947169997353,0
                -56.114465098486,-24.4947893006627,0
                -56.1142996001119,-24.4948146011835,0
                -56.114132599654,-24.4948344000626,0
                -56.1137082998554,-24.4950432995187,0
                -56.1136502998002,-24.4951081004938,0
                -56.1135714009627,-24.495197800015,0
              </coordinates>
            </LinearRing>
          </outerBoundaryIs>
        </Polygon>
      </Placemark>
      <Placemark id="Distrito_YRYBUCUA.27">
        <ExtendedData>
          <SchemaData schemaUrl="#Distrito_YRYBUCUA.schema">
            <SimpleData name="Cédula">5482729.00000000000</SimpleData>
            <SimpleData name="cedula">5482729</SimpleData>
            <SimpleData name="Cédula_1">5482729.00000000000</SimpleData>
            <SimpleData name="N">7.00000000000</SimpleData>
            <SimpleData name="Nombres_y_">AIDA COLLANTE CUEVAS</SimpleData>
            <SimpleData name="Sexo">Mujer</SimpleData>
            <SimpleData name="Cambio_de_">NO</SimpleData>
            <SimpleData name="Titular_se">NO</SimpleData>
            <SimpleData name="Cédula_Ti">-</SimpleData>
            <SimpleData name="Situación">NO</SimpleData>
            <SimpleData name="Comunidad">Campesina</SimpleData>
            <SimpleData name="Modelo_imp">Modelo 1</SimpleData>
            <SimpleData name="Departamen">SAN PEDRO</SimpleData>
            <SimpleData name="Distrito">YRYBUCUA</SimpleData>
            <SimpleData name="Localidad">ASENT. JUSTO VILLANUEVA LUZ BELLA</SimpleData>
            <SimpleData name="Teléfono">0971590779</SimpleData>
            <SimpleData name="Vivienda_L">-24.48159880000</SimpleData>
            <SimpleData name="Vivienda_1">-56.17713650000</SimpleData>
            <SimpleData name="Superficie">1.00000000000</SimpleData>
            <SimpleData name="Situaci_1">Pol?gono</SimpleData>
            <SimpleData name="Plantado">Si</SimpleData>
            <SimpleData name="Parcela_La">-24.47743479000</SimpleData>
            <SimpleData name="Parcela_Lo">-56.17660181000</SimpleData>
            <SimpleData name="Grupo_Impl">G1</SimpleData>
            <SimpleData name="Grupo_de_P">Lote 1-G3-P1P1-P1P1-XX</SimpleData>
            <SimpleData name="Jornales">8.00000000000</SimpleData>
            <SimpleData name="Monto">914316.00000000000</SimpleData>
            <SimpleData name="ETAPA_FAO">Mantenimiento A?o 2</SimpleData>
            <SimpleData name="Asistencia">-</SimpleData>
            <SimpleData name="Estado_del">Activo</SimpleData>
            <SimpleData name="Empresa">Hyh Consultores SRL</SimpleData>
            <SimpleData name="Lote">Lote 1</SimpleData>
            <SimpleData name="Monitorear">Si</SimpleData>
            <SimpleData name="Fecha_de_M">-</SimpleData>
            <SimpleData name="F__de_pren">-</SimpleData>
            <SimpleData name="Estado_FAO">Monitorear</SimpleData>
            <SimpleData name="Etapa_de_i">Mantenimiento A?o 2</SimpleData>
            <SimpleData name="Fecha_visi">2026/08/26</SimpleData>
            <SimpleData name="Cumple_sup">Si</SimpleData>
            <SimpleData name="Estado_mon">-</SimpleData>
            <SimpleData name="Situaci_12">-</SimpleData>
            <SimpleData name="Observaci">-</SimpleData>
            <SimpleData name="Dias_trans">11.01900462960</SimpleData>
            <SimpleData name="Prioridad">ALTA</SimpleData>
            <SimpleData name="OBJECTID_1">7</SimpleData>
          </SchemaData>
        </ExtendedData>
        <Polygon>
          <outerBoundaryIs>
            <LinearRing>
              <coordinates>
                -56.1761667000786,-24.4767350006589,0
                -56.1764523000559,-24.4782508011994,0
                -56.1769985999011,-24.4781697003197,0
                -56.1768036998347,-24.4766585013055,0
                -56.1761667000786,-24.4767350006589,0
              </coordinates>
            </LinearRing>
          </outerBoundaryIs>
        </Polygon>
      </Placemark>
      <Placemark id="Distrito_YRYBUCUA.28">
        <ExtendedData>
          <SchemaData schemaUrl="#Distrito_YRYBUCUA.schema">
            <SimpleData name="Cédula">4312311.00000000000</SimpleData>
            <SimpleData name="cedula">4312311</SimpleData>
            <SimpleData name="Cédula_1">4312311.00000000000</SimpleData>
            <SimpleData name="N">32.00000000000</SimpleData>
            <SimpleData name="Nombres_y_">PETRONILA PEREZ</SimpleData>
            <SimpleData name="Sexo">Mujer</SimpleData>
            <SimpleData name="Cambio_de_">NO</SimpleData>
            <SimpleData name="Titular_se">NO</SimpleData>
            <SimpleData name="Cédula_Ti">-</SimpleData>
            <SimpleData name="Situación">NO</SimpleData>
            <SimpleData name="Comunidad">Campesina</SimpleData>
            <SimpleData name="Modelo_imp">Modelo 5</SimpleData>
            <SimpleData name="Departamen">SAN PEDRO</SimpleData>
            <SimpleData name="Distrito">YRYBUCUA</SimpleData>
            <SimpleData name="Localidad"><![CDATA[VY'A RENDA]]></SimpleData>
            <SimpleData name="Teléfono">0971723448</SimpleData>
            <SimpleData name="Vivienda_L">-24.48164530000</SimpleData>
            <SimpleData name="Vivienda_1">-56.17760150000</SimpleData>
            <SimpleData name="Superficie">0.80000000000</SimpleData>
            <SimpleData name="Situaci_1">Pol?gono</SimpleData>
            <SimpleData name="Plantado">Si</SimpleData>
            <SimpleData name="Parcela_La">-24.47700680000</SimpleData>
            <SimpleData name="Parcela_Lo">-56.17775265000</SimpleData>
            <SimpleData name="Grupo_Impl">G1</SimpleData>
            <SimpleData name="Grupo_de_P">Lote 1-G1-P1P1-P1P1-XX</SimpleData>
            <SimpleData name="Jornales">8.00000000000</SimpleData>
            <SimpleData name="Monto">914316.00000000000</SimpleData>
            <SimpleData name="ETAPA_FAO">Mantenimiento A?o 2</SimpleData>
            <SimpleData name="Asistencia">-</SimpleData>
            <SimpleData name="Estado_del">Activo</SimpleData>
            <SimpleData name="Empresa">Hyh Consultores SRL</SimpleData>
            <SimpleData name="Lote">Lote 1</SimpleData>
            <SimpleData name="Monitorear">Si</SimpleData>
            <SimpleData name="Fecha_de_M">-</SimpleData>
            <SimpleData name="F__de_pren">-</SimpleData>
            <SimpleData name="Estado_FAO">Monitorear</SimpleData>
            <SimpleData name="Etapa_de_i">Mantenimiento A?o 2</SimpleData>
            <SimpleData name="Fecha_visi">2026/08/25</SimpleData>
            <SimpleData name="Cumple_sup">Si</SimpleData>
            <SimpleData name="Estado_mon">-</SimpleData>
            <SimpleData name="Situaci_12">-</SimpleData>
            <SimpleData name="Observaci">-</SimpleData>
            <SimpleData name="Dias_trans">12.49788194440</SimpleData>
            <SimpleData name="Prioridad">ALTA</SimpleData>
            <SimpleData name="OBJECTID_1">32</SimpleData>
          </SchemaData>
        </ExtendedData>
        <Polygon>
          <outerBoundaryIs>
            <LinearRing>
              <coordinates>
                -56.1775048000333,-24.4776034999752,0
                -56.1780332995733,-24.4776182999402,0
                -56.1780400002965,-24.4764417004656,0
                -56.1774350997136,-24.4764167003992,0
                -56.1775048000333,-24.4776034999752,0
              </coordinates>
            </LinearRing>
          </outerBoundaryIs>
        </Polygon>
      </Placemark>
      <Placemark id="Distrito_YRYBUCUA.29">
        <ExtendedData>
          <SchemaData schemaUrl="#Distrito_YRYBUCUA.schema">
            <SimpleData name="Cédula">6108750.00000000000</SimpleData>
            <SimpleData name="cedula">6108750</SimpleData>
            <SimpleData name="Cédula_1">6108750.00000000000</SimpleData>
            <SimpleData name="N">33.00000000000</SimpleData>
            <SimpleData name="Nombres_y_">MARIA VERONICA ARCE AYALA</SimpleData>
            <SimpleData name="Sexo">Mujer</SimpleData>
            <SimpleData name="Cambio_de_">NO</SimpleData>
            <SimpleData name="Titular_se">NO</SimpleData>
            <SimpleData name="Cédula_Ti">-</SimpleData>
            <SimpleData name="Situación">NO</SimpleData>
            <SimpleData name="Comunidad">Campesina</SimpleData>
            <SimpleData name="Modelo_imp">Modelo 5</SimpleData>
            <SimpleData name="Departamen">SAN PEDRO</SimpleData>
            <SimpleData name="Distrito">YRYBUCUA</SimpleData>
            <SimpleData name="Localidad"><![CDATA[VY'A RENDA]]></SimpleData>
            <SimpleData name="Teléfono">0975484613</SimpleData>
            <SimpleData name="Vivienda_L">-24.49626650000</SimpleData>
            <SimpleData name="Vivienda_1">-56.17708370000</SimpleData>
            <SimpleData name="Superficie">0.80000000000</SimpleData>
            <SimpleData name="Situaci_1">Pol?gono</SimpleData>
            <SimpleData name="Plantado">Si</SimpleData>
            <SimpleData name="Parcela_La">-24.49527033000</SimpleData>
            <SimpleData name="Parcela_Lo">-56.17659963000</SimpleData>
            <SimpleData name="Grupo_Impl">G1</SimpleData>
            <SimpleData name="Grupo_de_P">Lote 1-G3-P1P1-P1P1-XX</SimpleData>
            <SimpleData name="Jornales">8.00000000000</SimpleData>
            <SimpleData name="Monto">914316.00000000000</SimpleData>
            <SimpleData name="ETAPA_FAO">Mantenimiento A?o 2</SimpleData>
            <SimpleData name="Asistencia">-</SimpleData>
            <SimpleData name="Estado_del">Activo</SimpleData>
            <SimpleData name="Empresa">Hyh Consultores SRL</SimpleData>
            <SimpleData name="Lote">Lote 1</SimpleData>
            <SimpleData name="Monitorear">Si</SimpleData>
            <SimpleData name="Fecha_de_M">-</SimpleData>
            <SimpleData name="F__de_pren">-</SimpleData>
            <SimpleData name="Estado_FAO">Monitorear</SimpleData>
            <SimpleData name="Etapa_de_i">Mantenimiento A?o 2</SimpleData>
            <SimpleData name="Fecha_visi">2026/08/25</SimpleData>
            <SimpleData name="Cumple_sup">Si</SimpleData>
            <SimpleData name="Estado_mon">-</SimpleData>
            <SimpleData name="Situaci_12">-</SimpleData>
            <SimpleData name="Observaci">-</SimpleData>
            <SimpleData name="Dias_trans">12.49846064810</SimpleData>
            <SimpleData name="Prioridad">ALTA</SimpleData>
            <SimpleData name="OBJECTID_1">33</SimpleData>
          </SchemaData>
        </ExtendedData>
        <Polygon>
          <outerBoundaryIs>
            <LinearRing>
              <coordinates>
                -56.1759991003117,-24.495182700264,0
                -56.1764676005816,-24.495816399662,0
                -56.1771726015992,-24.4954115014864,0
                -56.1767643993175,-24.4947012007362,0
                -56.1759991003117,-24.495182700264,0
              </coordinates>
            </LinearRing>
          </outerBoundaryIs>
        </Polygon>
      </Placemark>
      <Placemark id="Distrito_YRYBUCUA.30">
        <ExtendedData>
          <SchemaData schemaUrl="#Distrito_YRYBUCUA.schema">
            <SimpleData name="Cédula">6202842.00000000000</SimpleData>
            <SimpleData name="cedula">6202842</SimpleData>
            <SimpleData name="Cédula_1">6202842.00000000000</SimpleData>
            <SimpleData name="N">8.00000000000</SimpleData>
            <SimpleData name="Nombres_y_">MARIA LUCIA MOREL</SimpleData>
            <SimpleData name="Sexo">Mujer</SimpleData>
            <SimpleData name="Cambio_de_">NO</SimpleData>
            <SimpleData name="Titular_se">NO</SimpleData>
            <SimpleData name="Cédula_Ti">-</SimpleData>
            <SimpleData name="Situación">NO</SimpleData>
            <SimpleData name="Comunidad">Campesina</SimpleData>
            <SimpleData name="Modelo_imp">Modelo 1</SimpleData>
            <SimpleData name="Departamen">SAN PEDRO</SimpleData>
            <SimpleData name="Distrito">YRYBUCUA</SimpleData>
            <SimpleData name="Localidad">ASENT. SAN ISIDRO DEL NORTE</SimpleData>
            <SimpleData name="Teléfono">0986552865</SimpleData>
            <SimpleData name="Vivienda_L">-24.50337870000</SimpleData>
            <SimpleData name="Vivienda_1">-56.06515880000</SimpleData>
            <SimpleData name="Superficie">0.80000000000</SimpleData>
            <SimpleData name="Situaci_1">Pol?gono</SimpleData>
            <SimpleData name="Plantado">Si</SimpleData>
            <SimpleData name="Parcela_La">-24.50270031000</SimpleData>
            <SimpleData name="Parcela_Lo">-56.06056661000</SimpleData>
            <SimpleData name="Grupo_Impl">G1</SimpleData>
            <SimpleData name="Grupo_de_P">Lote 1-G2-P1P1-P1P1-XX</SimpleData>
            <SimpleData name="Jornales">8.00000000000</SimpleData>
            <SimpleData name="Monto">914316.00000000000</SimpleData>
            <SimpleData name="ETAPA_FAO">Mantenimiento A?o 2</SimpleData>
            <SimpleData name="Asistencia">-</SimpleData>
            <SimpleData name="Estado_del">Activo</SimpleData>
            <SimpleData name="Empresa">Hyh Consultores SRL</SimpleData>
            <SimpleData name="Lote">Lote 1</SimpleData>
            <SimpleData name="Monitorear">Si</SimpleData>
            <SimpleData name="Fecha_de_M">-</SimpleData>
            <SimpleData name="F__de_pren">-</SimpleData>
            <SimpleData name="Estado_FAO">Monitorear</SimpleData>
            <SimpleData name="Etapa_de_i">Mantenimiento A?o 2</SimpleData>
            <SimpleData name="Fecha_visi">2026/08/29</SimpleData>
            <SimpleData name="Cumple_sup">Si</SimpleData>
            <SimpleData name="Estado_mon">-</SimpleData>
            <SimpleData name="Situaci_12">-</SimpleData>
            <SimpleData name="Observaci">-</SimpleData>
            <SimpleData name="Dias_trans">8.22799768519</SimpleData>
            <SimpleData name="Prioridad">ALTA</SimpleData>
            <SimpleData name="OBJECTID_1">8</SimpleData>
          </SchemaData>
        </ExtendedData>
        <Polygon>
          <outerBoundaryIs>
            <LinearRing>
              <coordinates>
                -56.0596563998627,-24.5025012001142,0
                -56.0596253999309,-24.5029023008502,0
                -56.0614863999677,-24.5029036008976,0
                -56.0614815996748,-24.502491500521,0
                -56.0596563998627,-24.5025012001142,0
              </coordinates>
            </LinearRing>
          </outerBoundaryIs>
        </Polygon>
      </Placemark>
      <Placemark id="Distrito_YRYBUCUA.31">
        <ExtendedData>
          <SchemaData schemaUrl="#Distrito_YRYBUCUA.schema">
            <SimpleData name="Cédula">5665925.00000000000</SimpleData>
            <SimpleData name="cedula">5665925</SimpleData>
            <SimpleData name="Cédula_1">5665925.00000000000</SimpleData>
            <SimpleData name="N">17.00000000000</SimpleData>
            <SimpleData name="Nombres_y_">ELIANA MARTINEZ DUARTE</SimpleData>
            <SimpleData name="Sexo">Mujer</SimpleData>
            <SimpleData name="Cambio_de_">NO</SimpleData>
            <SimpleData name="Titular_se">NO</SimpleData>
            <SimpleData name="Cédula_Ti">-</SimpleData>
            <SimpleData name="Situación">NO</SimpleData>
            <SimpleData name="Comunidad">Ind?gena</SimpleData>
            <SimpleData name="Modelo_imp">Modelo 1</SimpleData>
            <SimpleData name="Departamen">SAN PEDRO</SimpleData>
            <SimpleData name="Distrito">YRYBUCUA</SimpleData>
            <SimpleData name="Localidad">COM INDIG Y APY SANTA ISABEL</SimpleData>
            <SimpleData name="Teléfono">0982055970</SimpleData>
            <SimpleData name="Vivienda_L">-24.49639690000</SimpleData>
            <SimpleData name="Vivienda_1">-56.11590560000</SimpleData>
            <SimpleData name="Superficie">0.90000000000</SimpleData>
            <SimpleData name="Situaci_1">Pol?gono</SimpleData>
            <SimpleData name="Plantado">Si</SimpleData>
            <SimpleData name="Parcela_La">-24.49714927000</SimpleData>
            <SimpleData name="Parcela_Lo">-56.11485426000</SimpleData>
            <SimpleData name="Grupo_Impl">G1</SimpleData>
            <SimpleData name="Grupo_de_P">Lote 1-G1-P1P1-P1P1-XX</SimpleData>
            <SimpleData name="Jornales">8.00000000000</SimpleData>
            <SimpleData name="Monto">914316.00000000000</SimpleData>
            <SimpleData name="ETAPA_FAO">Mantenimiento A?o 2</SimpleData>
            <SimpleData name="Asistencia">-</SimpleData>
            <SimpleData name="Estado_del">Activo</SimpleData>
            <SimpleData name="Empresa">Hyh Consultores SRL</SimpleData>
            <SimpleData name="Lote">Lote 1</SimpleData>
            <SimpleData name="Monitorear">Si</SimpleData>
            <SimpleData name="Fecha_de_M">-</SimpleData>
            <SimpleData name="F__de_pren">-</SimpleData>
            <SimpleData name="Estado_FAO">Monitorear</SimpleData>
            <SimpleData name="Etapa_de_i">Mantenimiento A?o 2</SimpleData>
            <SimpleData name="Fecha_visi">2026/08/25</SimpleData>
            <SimpleData name="Cumple_sup">Si</SimpleData>
            <SimpleData name="Estado_mon">-</SimpleData>
            <SimpleData name="Situaci_12">-</SimpleData>
            <SimpleData name="Observaci">-</SimpleData>
            <SimpleData name="Dias_trans">12.49850694440</SimpleData>
            <SimpleData name="Prioridad">ALTA</SimpleData>
            <SimpleData name="OBJECTID_1">17</SimpleData>
          </SchemaData>
        </ExtendedData>
        <Polygon>
          <outerBoundaryIs>
            <LinearRing>
              <coordinates>
                -56.1140550000506,-24.497616700421,0
                -56.1142534013493,-24.4979305008391,0
                -56.1156251998709,-24.4967862999666,0
                -56.1154291005418,-24.4964640003391,0
                -56.1152623003369,-24.4964806994476,0
                -56.1145833008404,-24.4970600010356,0
                -56.1144366998363,-24.4972967013788,0
                -56.1140550000506,-24.497616700421,0
              </coordinates>
            </LinearRing>
          </outerBoundaryIs>
        </Polygon>
      </Placemark>
      <Placemark id="Distrito_YRYBUCUA.32">
        <ExtendedData>
          <SchemaData schemaUrl="#Distrito_YRYBUCUA.schema">
            <SimpleData name="Cédula">3746103.00000000000</SimpleData>
            <SimpleData name="cedula">3746103</SimpleData>
            <SimpleData name="Cédula_1">3746103.00000000000</SimpleData>
            <SimpleData name="N">4.00000000000</SimpleData>
            <SimpleData name="Nombres_y_">ROSALBA JOSEFA PINTOS ROMAN</SimpleData>
            <SimpleData name="Sexo">Mujer</SimpleData>
            <SimpleData name="Cambio_de_">NO</SimpleData>
            <SimpleData name="Titular_se">NO</SimpleData>
            <SimpleData name="Cédula_Ti">-</SimpleData>
            <SimpleData name="Situación">NO</SimpleData>
            <SimpleData name="Comunidad">Campesina</SimpleData>
            <SimpleData name="Modelo_imp">Modelo 2</SimpleData>
            <SimpleData name="Departamen">SAN PEDRO</SimpleData>
            <SimpleData name="Distrito">YRYBUCUA</SimpleData>
            <SimpleData name="Localidad">ASENT. 1RA LINEA SANGUINA KUE</SimpleData>
            <SimpleData name="Teléfono">0994328056</SimpleData>
            <SimpleData name="Vivienda_L">-24.52957500000</SimpleData>
            <SimpleData name="Vivienda_1">-56.06585740000</SimpleData>
            <SimpleData name="Superficie">1.00000000000</SimpleData>
            <SimpleData name="Situaci_1">Pol?gono</SimpleData>
            <SimpleData name="Plantado">Si</SimpleData>
            <SimpleData name="Parcela_La">-24.52972553000</SimpleData>
            <SimpleData name="Parcela_Lo">-56.07248019000</SimpleData>
            <SimpleData name="Grupo_Impl">G1</SimpleData>
            <SimpleData name="Grupo_de_P">Lote 1-G3-P1P1-P1P1-XX</SimpleData>
            <SimpleData name="Jornales">8.00000000000</SimpleData>
            <SimpleData name="Monto">914316.00000000000</SimpleData>
            <SimpleData name="ETAPA_FAO">Mantenimiento A?o 2</SimpleData>
            <SimpleData name="Asistencia">-</SimpleData>
            <SimpleData name="Estado_del">Activo</SimpleData>
            <SimpleData name="Empresa">Hyh Consultores SRL</SimpleData>
            <SimpleData name="Lote">Lote 1</SimpleData>
            <SimpleData name="Monitorear">No</SimpleData>
            <SimpleData name="Fecha_de_M">-</SimpleData>
            <SimpleData name="F__de_pren">-</SimpleData>
            <SimpleData name="Estado_FAO">Monitorear</SimpleData>
            <SimpleData name="Etapa_de_i">Mantenimiento A?o 2</SimpleData>
            <SimpleData name="Fecha_visi">2026/08/26</SimpleData>
            <SimpleData name="Cumple_sup">Si</SimpleData>
            <SimpleData name="Estado_mon">-</SimpleData>
            <SimpleData name="Situaci_12">-</SimpleData>
            <SimpleData name="Observaci">-</SimpleData>
            <SimpleData name="Dias_trans">11.52784722220</SimpleData>
            <SimpleData name="Prioridad">ALTA</SimpleData>
            <SimpleData name="OBJECTID_1">4</SimpleData>
          </SchemaData>
        </ExtendedData>
        <Polygon>
          <outerBoundaryIs>
            <LinearRing>
              <coordinates>
                -56.0717907999324,-24.5299915001297,0
                -56.0731417013977,-24.5301000008425,0
                -56.0731548002473,-24.5294537999886,0
                -56.0718301998333,-24.529352300466,0
                -56.0717907999324,-24.5299915001297,0
              </coordinates>
            </LinearRing>
          </outerBoundaryIs>
        </Polygon>
      </Placemark>
      <Placemark id="Distrito_YRYBUCUA.33">
        <ExtendedData>
          <SchemaData schemaUrl="#Distrito_YRYBUCUA.schema">
            <SimpleData name="Cédula">5316227.00000000000</SimpleData>
            <SimpleData name="cedula">5316227</SimpleData>
            <SimpleData name="Cédula_1">5316227.00000000000</SimpleData>
            <SimpleData name="N">29.00000000000</SimpleData>
            <SimpleData name="Nombres_y_">ANDRES VERA OZUNA</SimpleData>
            <SimpleData name="Sexo">Hombre</SimpleData>
            <SimpleData name="Cambio_de_">NO</SimpleData>
            <SimpleData name="Titular_se">NO</SimpleData>
            <SimpleData name="Cédula_Ti">-</SimpleData>
            <SimpleData name="Situación">NO</SimpleData>
            <SimpleData name="Comunidad">Ind?gena</SimpleData>
            <SimpleData name="Modelo_imp">Modelo 2</SimpleData>
            <SimpleData name="Departamen">SAN PEDRO</SimpleData>
            <SimpleData name="Distrito">YRYBUCUA</SimpleData>
            <SimpleData name="Localidad">COM INDIG Y APY SANTA ISABEL</SimpleData>
            <SimpleData name="Teléfono">0984053363</SimpleData>
            <SimpleData name="Vivienda_L">-24.50051300000</SimpleData>
            <SimpleData name="Vivienda_1">-56.11716490000</SimpleData>
            <SimpleData name="Superficie">0.80000000000</SimpleData>
            <SimpleData name="Situaci_1">Pol?gono</SimpleData>
            <SimpleData name="Plantado">Si</SimpleData>
            <SimpleData name="Parcela_La">-24.50042245000</SimpleData>
            <SimpleData name="Parcela_Lo">-56.11596155000</SimpleData>
            <SimpleData name="Grupo_Impl">G1</SimpleData>
            <SimpleData name="Grupo_de_P">Lote 1-G4-P1P1-P1P1-XX</SimpleData>
            <SimpleData name="Jornales">8.00000000000</SimpleData>
            <SimpleData name="Monto">914316.00000000000</SimpleData>
            <SimpleData name="ETAPA_FAO">Mantenimiento A?o 2</SimpleData>
            <SimpleData name="Asistencia">-</SimpleData>
            <SimpleData name="Estado_del">Activo</SimpleData>
            <SimpleData name="Empresa">Hyh Consultores SRL</SimpleData>
            <SimpleData name="Lote">Lote 1</SimpleData>
            <SimpleData name="Monitorear">Si</SimpleData>
            <SimpleData name="Fecha_de_M">-</SimpleData>
            <SimpleData name="F__de_pren">-</SimpleData>
            <SimpleData name="Estado_FAO">Monitorear</SimpleData>
            <SimpleData name="Etapa_de_i">Mantenimiento A?o 2</SimpleData>
            <SimpleData name="Fecha_visi">2026/08/25</SimpleData>
            <SimpleData name="Cumple_sup">Si</SimpleData>
            <SimpleData name="Estado_mon">-</SimpleData>
            <SimpleData name="Situaci_12">-</SimpleData>
            <SimpleData name="Observaci">-</SimpleData>
            <SimpleData name="Dias_trans">12.49857638890</SimpleData>
            <SimpleData name="Prioridad">ALTA</SimpleData>
            <SimpleData name="OBJECTID_1">29</SimpleData>
          </SchemaData>
        </ExtendedData>
        <Polygon>
          <outerBoundaryIs>
            <LinearRing>
              <coordinates>
                -56.1153173988341,-24.5005701250629,0
                -56.1156878000201,-24.5010519251397,0
                -56.1163645003131,-24.5006296248134,0
                -56.1161176012412,-24.5002570250818,0
                -56.1166898017797,-24.4999536246792,0
                -56.1165175996094,-24.4997463241167,0
                -56.1159242015148,-24.4999902246535,0
                -56.1159749992524,-24.5001389237472,0
                -56.1154675992592,-24.5004171252891,0
                -56.1153173988341,-24.5005701250629,0
              </coordinates>
            </LinearRing>
          </outerBoundaryIs>
        </Polygon>
      </Placemark>
      <Placemark id="Distrito_YRYBUCUA.34">
        <ExtendedData>
          <SchemaData schemaUrl="#Distrito_YRYBUCUA.schema">
            <SimpleData name="Cédula">5316366.00000000000</SimpleData>
            <SimpleData name="cedula">5316366</SimpleData>
            <SimpleData name="Cédula_1">5316366.00000000000</SimpleData>
            <SimpleData name="N">38.00000000000</SimpleData>
            <SimpleData name="Nombres_y_">NELLIDA FRANCO DE PAREDES</SimpleData>
            <SimpleData name="Sexo">Mujer</SimpleData>
            <SimpleData name="Cambio_de_">NO</SimpleData>
            <SimpleData name="Titular_se">NO</SimpleData>
            <SimpleData name="Cédula_Ti">-</SimpleData>
            <SimpleData name="Situación">NO</SimpleData>
            <SimpleData name="Comunidad">Campesina</SimpleData>
            <SimpleData name="Modelo_imp">Modelo 2</SimpleData>
            <SimpleData name="Departamen">SAN PEDRO</SimpleData>
            <SimpleData name="Distrito">YRYBUCUA</SimpleData>
            <SimpleData name="Localidad">YVU PORA</SimpleData>
            <SimpleData name="Teléfono">0972639896</SimpleData>
            <SimpleData name="Vivienda_L">-24.46930830000</SimpleData>
            <SimpleData name="Vivienda_1">-56.03469160000</SimpleData>
            <SimpleData name="Superficie">1.00000000000</SimpleData>
            <SimpleData name="Situaci_1">Pol?gono</SimpleData>
            <SimpleData name="Plantado">Si</SimpleData>
            <SimpleData name="Parcela_La">-24.46908074000</SimpleData>
            <SimpleData name="Parcela_Lo">-56.03247232000</SimpleData>
            <SimpleData name="Grupo_Impl">G1</SimpleData>
            <SimpleData name="Grupo_de_P">Lote 1-G3-P1P1-P1P1-XX</SimpleData>
            <SimpleData name="Jornales">8.00000000000</SimpleData>
            <SimpleData name="Monto">914316.00000000000</SimpleData>
            <SimpleData name="ETAPA_FAO">Mantenimiento A?o 2</SimpleData>
            <SimpleData name="Asistencia">-</SimpleData>
            <SimpleData name="Estado_del">Activo</SimpleData>
            <SimpleData name="Empresa">Hyh Consultores SRL</SimpleData>
            <SimpleData name="Lote">Lote 1</SimpleData>
            <SimpleData name="Monitorear">No</SimpleData>
            <SimpleData name="Fecha_de_M">-</SimpleData>
            <SimpleData name="F__de_pren">-</SimpleData>
            <SimpleData name="Estado_FAO">Monitorear</SimpleData>
            <SimpleData name="Etapa_de_i">Mantenimiento A?o 2</SimpleData>
            <SimpleData name="Fecha_visi">2026/08/27</SimpleData>
            <SimpleData name="Cumple_sup">Si</SimpleData>
            <SimpleData name="Estado_mon">-</SimpleData>
            <SimpleData name="Situaci_12">-</SimpleData>
            <SimpleData name="Observaci">-</SimpleData>
            <SimpleData name="Dias_trans">10.18582175930</SimpleData>
            <SimpleData name="Prioridad">ALTA</SimpleData>
            <SimpleData name="OBJECTID_1">38</SimpleData>
          </SchemaData>
        </ExtendedData>
        <Polygon>
          <outerBoundaryIs>
            <LinearRing>
              <coordinates>
                -56.0318195994034,-24.4693895006759,0
                -56.0331052999243,-24.4694328002164,0
                -56.0331769002165,-24.468738799807,0
                -56.0317224006908,-24.46878889975,0
                -56.0318195994034,-24.4693895006759,0
              </coordinates>
            </LinearRing>
          </outerBoundaryIs>
        </Polygon>
      </Placemark>
      <Placemark id="Distrito_YRYBUCUA.35">
        <ExtendedData>
          <SchemaData schemaUrl="#Distrito_YRYBUCUA.schema">
            <SimpleData name="Cédula">5382324.00000000000</SimpleData>
            <SimpleData name="cedula">5382324</SimpleData>
            <SimpleData name="Cédula_1">5382324.00000000000</SimpleData>
            <SimpleData name="N">1.00000000000</SimpleData>
            <SimpleData name="Nombres_y_">CATALINA RODRIGUEZ FORCADO</SimpleData>
            <SimpleData name="Sexo">Mujer</SimpleData>
            <SimpleData name="Cambio_de_">NO</SimpleData>
            <SimpleData name="Titular_se">NO</SimpleData>
            <SimpleData name="Cédula_Ti">-</SimpleData>
            <SimpleData name="Situación">NO</SimpleData>
            <SimpleData name="Comunidad">Campesina</SimpleData>
            <SimpleData name="Modelo_imp">Modelo 1</SimpleData>
            <SimpleData name="Departamen">SAN PEDRO</SimpleData>
            <SimpleData name="Distrito">YRYBUCUA</SimpleData>
            <SimpleData name="Localidad">2 DE MAYO</SimpleData>
            <SimpleData name="Teléfono">0982206717</SimpleData>
            <SimpleData name="Vivienda_L">-24.56294470000</SimpleData>
            <SimpleData name="Vivienda_1">-56.10844150000</SimpleData>
            <SimpleData name="Superficie">0.90000000000</SimpleData>
            <SimpleData name="Situaci_1">Pol?gono</SimpleData>
            <SimpleData name="Plantado">Si</SimpleData>
            <SimpleData name="Parcela_La">-24.56586752000</SimpleData>
            <SimpleData name="Parcela_Lo">-56.10842125000</SimpleData>
            <SimpleData name="Grupo_Impl">G1</SimpleData>
            <SimpleData name="Grupo_de_P">Lote 1-G3-P1P1-P1P1-XX</SimpleData>
            <SimpleData name="Jornales">8.00000000000</SimpleData>
            <SimpleData name="Monto">914316.00000000000</SimpleData>
            <SimpleData name="ETAPA_FAO">Mantenimiento A?o 2</SimpleData>
            <SimpleData name="Asistencia">-</SimpleData>
            <SimpleData name="Estado_del">Activo</SimpleData>
            <SimpleData name="Empresa">Hyh Consultores SRL</SimpleData>
            <SimpleData name="Lote">Lote 1</SimpleData>
            <SimpleData name="Monitorear">Si</SimpleData>
            <SimpleData name="Fecha_de_M">-</SimpleData>
            <SimpleData name="F__de_pren">-</SimpleData>
            <SimpleData name="Estado_FAO">Monitorear</SimpleData>
            <SimpleData name="Etapa_de_i">Mantenimiento A?o 2</SimpleData>
            <SimpleData name="Fecha_visi">2026/08/29</SimpleData>
            <SimpleData name="Cumple_sup">Si</SimpleData>
            <SimpleData name="Estado_mon">-</SimpleData>
            <SimpleData name="Situaci_12">-</SimpleData>
            <SimpleData name="Observaci">-</SimpleData>
            <SimpleData name="Dias_trans">8.22797453704</SimpleData>
            <SimpleData name="Prioridad">ALTA</SimpleData>
            <SimpleData name="OBJECTID_1">1</SimpleData>
          </SchemaData>
        </ExtendedData>
        <Polygon>
          <outerBoundaryIs>
            <LinearRing>
              <coordinates>
                -56.1081752998363,-24.5666888003572,0
                -56.1086367001214,-24.5667246008185,0
                -56.1086620009491,-24.5649880008443,0
                -56.1082004993091,-24.565067201233,0
                -56.1081752998363,-24.5666888003572,0
              </coordinates>
            </LinearRing>
          </outerBoundaryIs>
        </Polygon>
      </Placemark>
      <Placemark id="Distrito_YRYBUCUA.36">
        <ExtendedData>
          <SchemaData schemaUrl="#Distrito_YRYBUCUA.schema">
            <SimpleData name="Cédula">5553710.00000000000</SimpleData>
            <SimpleData name="cedula">5553710</SimpleData>
            <SimpleData name="Cédula_1">5553710.00000000000</SimpleData>
            <SimpleData name="N">35.00000000000</SimpleData>
            <SimpleData name="Nombres_y_">VIDALIA ZARACHO ESPINOLA</SimpleData>
            <SimpleData name="Sexo">Mujer</SimpleData>
            <SimpleData name="Cambio_de_">NO</SimpleData>
            <SimpleData name="Titular_se">NO</SimpleData>
            <SimpleData name="Cédula_Ti">-</SimpleData>
            <SimpleData name="Situación">NO</SimpleData>
            <SimpleData name="Comunidad">Campesina</SimpleData>
            <SimpleData name="Modelo_imp">Modelo 5</SimpleData>
            <SimpleData name="Departamen">SAN PEDRO</SimpleData>
            <SimpleData name="Distrito">YRYBUCUA</SimpleData>
            <SimpleData name="Localidad"><![CDATA[VY'A RENDA]]></SimpleData>
            <SimpleData name="Teléfono">0973131291</SimpleData>
            <SimpleData name="Vivienda_L">-24.49396670000</SimpleData>
            <SimpleData name="Vivienda_1">-56.20956870000</SimpleData>
            <SimpleData name="Superficie">0.70000000000</SimpleData>
            <SimpleData name="Situaci_1">Pol?gono</SimpleData>
            <SimpleData name="Plantado">Si</SimpleData>
            <SimpleData name="Parcela_La">-24.49346361000</SimpleData>
            <SimpleData name="Parcela_Lo">-56.20846536000</SimpleData>
            <SimpleData name="Grupo_Impl">G1</SimpleData>
            <SimpleData name="Grupo_de_P">Lote 1-G2-P1P1-P1P1-XX</SimpleData>
            <SimpleData name="Jornales">8.00000000000</SimpleData>
            <SimpleData name="Monto">914316.00000000000</SimpleData>
            <SimpleData name="ETAPA_FAO">Mantenimiento A?o 2</SimpleData>
            <SimpleData name="Asistencia">-</SimpleData>
            <SimpleData name="Estado_del">Activo</SimpleData>
            <SimpleData name="Empresa">Hyh Consultores SRL</SimpleData>
            <SimpleData name="Lote">Lote 1</SimpleData>
            <SimpleData name="Monitorear">No</SimpleData>
            <SimpleData name="Fecha_de_M">-</SimpleData>
            <SimpleData name="F__de_pren">-</SimpleData>
            <SimpleData name="Estado_FAO">Monitorear</SimpleData>
            <SimpleData name="Etapa_de_i">Mantenimiento A?o 2</SimpleData>
            <SimpleData name="Fecha_visi">2026/08/25</SimpleData>
            <SimpleData name="Cumple_sup">Si</SimpleData>
            <SimpleData name="Estado_mon">-</SimpleData>
            <SimpleData name="Situaci_12">-</SimpleData>
            <SimpleData name="Observaci">-</SimpleData>
            <SimpleData name="Dias_trans">12.49847222220</SimpleData>
            <SimpleData name="Prioridad">ALTA</SimpleData>
            <SimpleData name="OBJECTID_1">35</SimpleData>
          </SchemaData>
        </ExtendedData>
        <Polygon>
          <outerBoundaryIs>
            <LinearRing>
              <coordinates>
                -56.2080648001175,-24.4938435002275,0
                -56.2087414007289,-24.4939263999069,0
                -56.2089637006217,-24.4931632000883,0
                -56.2080980679146,-24.4929931406804,0
                -56.2080648001175,-24.4938435002275,0
              </coordinates>
            </LinearRing>
          </outerBoundaryIs>
        </Polygon>
      </Placemark>
      <Placemark id="Distrito_YRYBUCUA.37">
        <ExtendedData>
          <SchemaData schemaUrl="#Distrito_YRYBUCUA.schema">
            <SimpleData name="Cédula">6291632.00000000000</SimpleData>
            <SimpleData name="cedula">6291632</SimpleData>
            <SimpleData name="Cédula_1">6291632.00000000000</SimpleData>
            <SimpleData name="N">25.00000000000</SimpleData>
            <SimpleData name="Nombres_y_">NATALIA GONZALEZ TORRES</SimpleData>
            <SimpleData name="Sexo">Mujer</SimpleData>
            <SimpleData name="Cambio_de_">NO</SimpleData>
            <SimpleData name="Titular_se">NO</SimpleData>
            <SimpleData name="Cédula_Ti">-</SimpleData>
            <SimpleData name="Situación">NO</SimpleData>
            <SimpleData name="Comunidad">Ind?gena</SimpleData>
            <SimpleData name="Modelo_imp">Modelo 1</SimpleData>
            <SimpleData name="Departamen">SAN PEDRO</SimpleData>
            <SimpleData name="Distrito">YRYBUCUA</SimpleData>
            <SimpleData name="Localidad">COM INDIG Y APY SANTA ISABEL</SimpleData>
            <SimpleData name="Teléfono">0975 374618</SimpleData>
            <SimpleData name="Vivienda_L">-24.51187330000</SimpleData>
            <SimpleData name="Vivienda_1">-56.13034030000</SimpleData>
            <SimpleData name="Superficie">0.80000000000</SimpleData>
            <SimpleData name="Situaci_1">Pol?gono</SimpleData>
            <SimpleData name="Plantado">Si</SimpleData>
            <SimpleData name="Parcela_La">-24.51302240000</SimpleData>
            <SimpleData name="Parcela_Lo">-56.12418351000</SimpleData>
            <SimpleData name="Grupo_Impl">G1</SimpleData>
            <SimpleData name="Grupo_de_P">Lote 1-G2-P1P1-P1P1-XX</SimpleData>
            <SimpleData name="Jornales">8.00000000000</SimpleData>
            <SimpleData name="Monto">914316.00000000000</SimpleData>
            <SimpleData name="ETAPA_FAO">Mantenimiento A?o 2</SimpleData>
            <SimpleData name="Asistencia">-</SimpleData>
            <SimpleData name="Estado_del">Activo</SimpleData>
            <SimpleData name="Empresa">Hyh Consultores SRL</SimpleData>
            <SimpleData name="Lote">Lote 1</SimpleData>
            <SimpleData name="Monitorear">Si</SimpleData>
            <SimpleData name="Fecha_de_M">-</SimpleData>
            <SimpleData name="F__de_pren">-</SimpleData>
            <SimpleData name="Estado_FAO">Monitorear</SimpleData>
            <SimpleData name="Etapa_de_i">Mantenimiento A?o 2</SimpleData>
            <SimpleData name="Fecha_visi">2026/08/25</SimpleData>
            <SimpleData name="Cumple_sup">Si</SimpleData>
            <SimpleData name="Estado_mon">-</SimpleData>
            <SimpleData name="Situaci_12">-</SimpleData>
            <SimpleData name="Observaci">-</SimpleData>
            <SimpleData name="Dias_trans">12.49854166670</SimpleData>
            <SimpleData name="Prioridad">ALTA</SimpleData>
            <SimpleData name="OBJECTID_1">25</SimpleData>
          </SchemaData>
        </ExtendedData>
        <Polygon>
          <outerBoundaryIs>
            <LinearRing>
              <coordinates>
                -56.1234142012357,-24.5132259011744,0
                -56.1237614986882,-24.513603300646,0
                -56.1249350998316,-24.512852600187,0
                -56.1246027011283,-24.5124275005084,0
                -56.1234142012357,-24.5132259011744,0
              </coordinates>
            </LinearRing>
          </outerBoundaryIs>
        </Polygon>
      </Placemark>
      <Placemark id="Distrito_YRYBUCUA.38">
        <ExtendedData>
          <SchemaData schemaUrl="#Distrito_YRYBUCUA.schema">
            <SimpleData name="Cédula">7703705.00000000000</SimpleData>
            <SimpleData name="cedula">7703705</SimpleData>
            <SimpleData name="Cédula_1">7703705.00000000000</SimpleData>
            <SimpleData name="N">37.00000000000</SimpleData>
            <SimpleData name="Nombres_y_">CINTHIA CAROLINA IBARRA MARTINEZ</SimpleData>
            <SimpleData name="Sexo">Mujer</SimpleData>
            <SimpleData name="Cambio_de_">NO</SimpleData>
            <SimpleData name="Titular_se">NO</SimpleData>
            <SimpleData name="Cédula_Ti">-</SimpleData>
            <SimpleData name="Situación">NO</SimpleData>
            <SimpleData name="Comunidad">Campesina</SimpleData>
            <SimpleData name="Modelo_imp">Modelo 1</SimpleData>
            <SimpleData name="Departamen">SAN PEDRO</SimpleData>
            <SimpleData name="Distrito">YRYBUCUA</SimpleData>
            <SimpleData name="Localidad">YVU PORA</SimpleData>
            <SimpleData name="Teléfono">0982076677</SimpleData>
            <SimpleData name="Vivienda_L">-24.43931800000</SimpleData>
            <SimpleData name="Vivienda_1">-56.04573560000</SimpleData>
            <SimpleData name="Superficie">0.80000000000</SimpleData>
            <SimpleData name="Situaci_1">Pol?gono</SimpleData>
            <SimpleData name="Plantado">Si</SimpleData>
            <SimpleData name="Parcela_La">-24.43932415000</SimpleData>
            <SimpleData name="Parcela_Lo">-56.03873377000</SimpleData>
            <SimpleData name="Grupo_Impl">G1</SimpleData>
            <SimpleData name="Grupo_de_P">Lote 1-G2-P1P1-P1P1-XX</SimpleData>
            <SimpleData name="Jornales">8.00000000000</SimpleData>
            <SimpleData name="Monto">914316.00000000000</SimpleData>
            <SimpleData name="ETAPA_FAO">Mantenimiento A?o 2</SimpleData>
            <SimpleData name="Asistencia">-</SimpleData>
            <SimpleData name="Estado_del">Activo</SimpleData>
            <SimpleData name="Empresa">Hyh Consultores SRL</SimpleData>
            <SimpleData name="Lote">Lote 1</SimpleData>
            <SimpleData name="Monitorear">No</SimpleData>
            <SimpleData name="Fecha_de_M">-</SimpleData>
            <SimpleData name="F__de_pren">-</SimpleData>
            <SimpleData name="Estado_FAO">Monitorear</SimpleData>
            <SimpleData name="Etapa_de_i">Mantenimiento A?o 2</SimpleData>
            <SimpleData name="Fecha_visi">2026/08/29</SimpleData>
            <SimpleData name="Cumple_sup">Si</SimpleData>
            <SimpleData name="Estado_mon">-</SimpleData>
            <SimpleData name="Situaci_12">-</SimpleData>
            <SimpleData name="Observaci">-</SimpleData>
            <SimpleData name="Dias_trans">8.22803240741</SimpleData>
            <SimpleData name="Prioridad">ALTA</SimpleData>
            <SimpleData name="OBJECTID_1">37</SimpleData>
          </SchemaData>
        </ExtendedData>
        <Polygon>
          <outerBoundaryIs>
            <LinearRing>
              <coordinates>
                -56.0383459606886,-24.4398197431983,0
                -56.0387114901247,-24.4398499226342,0
                -56.0387132006426,-24.4398155816732,0
                -56.0390122793636,-24.4398092486608,0
                -56.0391472873655,-24.4387556752836,0
                -56.0387333885892,-24.4387432378939,0
                -56.03872868486,-24.4389699014037,0
                -56.0383329159752,-24.4390207458289,0
                -56.0383459606886,-24.4398197431983,0
              </coordinates>
            </LinearRing>
          </outerBoundaryIs>
        </Polygon>
      </Placemark>
      <Placemark id="Distrito_YRYBUCUA.39">
        <ExtendedData>
          <SchemaData schemaUrl="#Distrito_YRYBUCUA.schema">
            <SimpleData name="Cédula">1461001.00000000000</SimpleData>
            <SimpleData name="cedula">1461001</SimpleData>
            <SimpleData name="Cédula_1">1461001.00000000000</SimpleData>
            <SimpleData name="N">13.00000000000</SimpleData>
            <SimpleData name="Nombres_y_">LAISLADA BENITEZ VERA</SimpleData>
            <SimpleData name="Sexo">Mujer</SimpleData>
            <SimpleData name="Cambio_de_">NO</SimpleData>
            <SimpleData name="Titular_se">NO</SimpleData>
            <SimpleData name="Cédula_Ti">-</SimpleData>
            <SimpleData name="Situación">NO</SimpleData>
            <SimpleData name="Comunidad">Ind?gena</SimpleData>
            <SimpleData name="Modelo_imp">Modelo 5</SimpleData>
            <SimpleData name="Departamen">SAN PEDRO</SimpleData>
            <SimpleData name="Distrito">YRYBUCUA</SimpleData>
            <SimpleData name="Localidad">COM INDIG Y APY ARROYO SAYJU</SimpleData>
            <SimpleData name="Teléfono">0985 938635</SimpleData>
            <SimpleData name="Vivienda_L">-24.52013490000</SimpleData>
            <SimpleData name="Vivienda_1">-56.13329540000</SimpleData>
            <SimpleData name="Superficie">0.80000000000</SimpleData>
            <SimpleData name="Situaci_1">Pol?gono</SimpleData>
            <SimpleData name="Plantado">Si</SimpleData>
            <SimpleData name="Parcela_La">-24.52007801000</SimpleData>
            <SimpleData name="Parcela_Lo">-56.13527142000</SimpleData>
            <SimpleData name="Grupo_Impl">G1</SimpleData>
            <SimpleData name="Grupo_de_P">Lote 1-G2-P1P1-P1P1-XX</SimpleData>
            <SimpleData name="Jornales">8.00000000000</SimpleData>
            <SimpleData name="Monto">914316.00000000000</SimpleData>
            <SimpleData name="ETAPA_FAO">Mantenimiento A?o 2</SimpleData>
            <SimpleData name="Asistencia">-</SimpleData>
            <SimpleData name="Estado_del">Activo</SimpleData>
            <SimpleData name="Empresa">Hyh Consultores SRL</SimpleData>
            <SimpleData name="Lote">Lote 1</SimpleData>
            <SimpleData name="Monitorear">Si</SimpleData>
            <SimpleData name="Fecha_de_M">-</SimpleData>
            <SimpleData name="F__de_pren">-</SimpleData>
            <SimpleData name="Estado_FAO">Monitorear</SimpleData>
            <SimpleData name="Etapa_de_i">Mantenimiento A?o 2</SimpleData>
            <SimpleData name="Fecha_visi">2026/08/25</SimpleData>
            <SimpleData name="Cumple_sup">Si</SimpleData>
            <SimpleData name="Estado_mon">-</SimpleData>
            <SimpleData name="Situaci_12">-</SimpleData>
            <SimpleData name="Observaci">-</SimpleData>
            <SimpleData name="Dias_trans">12.49877314820</SimpleData>
            <SimpleData name="Prioridad">ALTA</SimpleData>
            <SimpleData name="OBJECTID_1">13</SimpleData>
          </SchemaData>
        </ExtendedData>
        <Polygon>
          <outerBoundaryIs>
            <LinearRing>
              <coordinates>
                -56.1349516006393,-24.5203711009715,0
                -56.1352142998588,-24.5204458002848,0
                -56.1359216002969,-24.5204093014284,0
                -56.1354652003473,-24.5195875011597,0
                -56.1345698007725,-24.5199521006915,0
                -56.1349516006393,-24.5203711009715,0
              </coordinates>
            </LinearRing>
          </outerBoundaryIs>
        </Polygon>
      </Placemark>
      <Placemark id="Distrito_YRYBUCUA.40">
        <ExtendedData>
          <SchemaData schemaUrl="#Distrito_YRYBUCUA.schema">
            <SimpleData name="Cédula">7312070.00000000000</SimpleData>
            <SimpleData name="cedula">7312070</SimpleData>
            <SimpleData name="Cédula_1">7312070.00000000000</SimpleData>
            <SimpleData name="N">14.00000000000</SimpleData>
            <SimpleData name="Nombres_y_">MABEL VERA BENITEZ</SimpleData>
            <SimpleData name="Sexo">Mujer</SimpleData>
            <SimpleData name="Cambio_de_">NO</SimpleData>
            <SimpleData name="Titular_se">NO</SimpleData>
            <SimpleData name="Cédula_Ti">-</SimpleData>
            <SimpleData name="Situación">NO</SimpleData>
            <SimpleData name="Comunidad">Ind?gena</SimpleData>
            <SimpleData name="Modelo_imp">Modelo 2</SimpleData>
            <SimpleData name="Departamen">SAN PEDRO</SimpleData>
            <SimpleData name="Distrito">YRYBUCUA</SimpleData>
            <SimpleData name="Localidad">COM INDIG Y APY ARROYO SAYJU</SimpleData>
            <SimpleData name="Teléfono">0975293829</SimpleData>
            <SimpleData name="Vivienda_L">-24.51986080000</SimpleData>
            <SimpleData name="Vivienda_1">-56.13397400000</SimpleData>
            <SimpleData name="Superficie">0.90000000000</SimpleData>
            <SimpleData name="Situaci_1">Pol?gono</SimpleData>
            <SimpleData name="Plantado">Si</SimpleData>
            <SimpleData name="Parcela_La">-24.51912781000</SimpleData>
            <SimpleData name="Parcela_Lo">-56.13435532000</SimpleData>
            <SimpleData name="Grupo_Impl">G1</SimpleData>
            <SimpleData name="Grupo_de_P">Lote 1-G2-P1P1-P1P1-XX</SimpleData>
            <SimpleData name="Jornales">8.00000000000</SimpleData>
            <SimpleData name="Monto">914316.00000000000</SimpleData>
            <SimpleData name="ETAPA_FAO">Mantenimiento A?o 2</SimpleData>
            <SimpleData name="Asistencia">-</SimpleData>
            <SimpleData name="Estado_del">Activo</SimpleData>
            <SimpleData name="Empresa">Hyh Consultores SRL</SimpleData>
            <SimpleData name="Lote">Lote 1</SimpleData>
            <SimpleData name="Monitorear">Si</SimpleData>
            <SimpleData name="Fecha_de_M">-</SimpleData>
            <SimpleData name="F__de_pren">-</SimpleData>
            <SimpleData name="Estado_FAO">Monitorear</SimpleData>
            <SimpleData name="Etapa_de_i">Mantenimiento A?o 2</SimpleData>
            <SimpleData name="Fecha_visi">2026/09/02</SimpleData>
            <SimpleData name="Cumple_sup">Si</SimpleData>
            <SimpleData name="Estado_mon">-</SimpleData>
            <SimpleData name="Situaci_12">-</SimpleData>
            <SimpleData name="Observaci">-</SimpleData>
            <SimpleData name="Dias_trans">4.17936342592</SimpleData>
            <SimpleData name="Prioridad">ALTA</SimpleData>
            <SimpleData name="OBJECTID_1">14</SimpleData>
          </SchemaData>
        </ExtendedData>
        <Polygon>
          <outerBoundaryIs>
            <LinearRing>
              <coordinates>
                -56.1337166993826,-24.5190467009149,0
                -56.1343683002788,-24.5197466999659,0
                -56.1347425000826,-24.5194639997099,0
                -56.1349327004253,-24.519215700307,0
                -56.1346823997466,-24.5188412002684,0
                -56.1343795999868,-24.5185008013385,0
                -56.1337166993826,-24.5190467009149,0
              </coordinates>
            </LinearRing>
          </outerBoundaryIs>
        </Polygon>
      </Placemark>
    </Document>
  </Document>
</kml>
