<?xml version="1.0" encoding="UTF-8"?>
<kml xmlns="http://www.opengis.net/kml/2.2">
  <Document id="root_doc">
    <Schema id="Distrito_VILLA_YGATIM__.schema">
      <SimpleField name="CÈdula" type="float"/>
      <SimpleField name="cedula" type="string"/>
      <SimpleField name="CÈdula_1" type="float"/>
      <SimpleField name="N" type="float"/>
      <SimpleField name="Nombres_y_" type="string"/>
      <SimpleField name="Sexo" type="string"/>
      <SimpleField name="Cambio_de_" type="string"/>
      <SimpleField name="Titular_se" type="string"/>
      <SimpleField name="CÈdula_Ti" type="string"/>
      <SimpleField name="SituaciÛn" type="string"/>
      <SimpleField name="Comunidad" type="string"/>
      <SimpleField name="Modelo_imp" type="string"/>
      <SimpleField name="Departamen" type="string"/>
      <SimpleField name="Distrito" type="string"/>
      <SimpleField name="Localidad" type="string"/>
      <SimpleField name="TelÈfono" type="string"/>
      <SimpleField name="Vivienda_L" type="float"/>
      <SimpleField name="Vivienda_1" type="float"/>
      <SimpleField name="Superficie" type="float"/>
      <SimpleField name="Situaci_1" type="string"/>
      <SimpleField name="Plantado" type="string"/>
      <SimpleField name="Parcela_La" type="float"/>
      <SimpleField name="Parcela_Lo" type="float"/>
      <SimpleField name="Grupo_Impl" type="string"/>
      <SimpleField name="Grupo_de_P" type="string"/>
      <SimpleField name="Jornales" type="float"/>
      <SimpleField name="Monto" type="float"/>
      <SimpleField name="ETAPA_FAO" type="string"/>
      <SimpleField name="Asistencia" type="string"/>
      <SimpleField name="Estado_del" type="string"/>
      <SimpleField name="Empresa" type="string"/>
      <SimpleField name="Lote" type="string"/>
      <SimpleField name="Monitorear" type="string"/>
      <SimpleField name="Fecha_de_M" type="string"/>
      <SimpleField name="F__de_pren" type="string"/>
      <SimpleField name="Estado_FAO" type="string"/>
      <SimpleField name="Etapa_de_i" type="string"/>
      <SimpleField name="Cumple_sup" type="string"/>
      <SimpleField name="Estado_mon" type="string"/>
      <SimpleField name="Situaci_12" type="string"/>
      <SimpleField name="Observaci" type="string"/>
      <SimpleField name="Dias_trans" type="float"/>
      <SimpleField name="Prioridad" type="string"/>
      <SimpleField name="OBJECTID_1" type="int"/>
    </Schema>
    <Document id="Distrito_VILLA_YGATIM__">
      <name>Distrito_VILLA YGATIM√ç</name>
      <Placemark id="Distrito_VILLA_YGATIM__.1">
        <ExtendedData>
          <SchemaData schemaUrl="#Distrito_VILLA_YGATIM__.schema">
            <SimpleData name="CÈdula">1597794.00000000000</SimpleData>
            <SimpleData name="cedula">1597794</SimpleData>
            <SimpleData name="CÈdula_1">1597794.00000000000</SimpleData>
            <SimpleData name="N">88.00000000000</SimpleData>
            <SimpleData name="Nombres_y_">CRISANTO VILLALBA GAUTO</SimpleData>
            <SimpleData name="Sexo">Hombre</SimpleData>
            <SimpleData name="Cambio_de_">NO</SimpleData>
            <SimpleData name="Titular_se">NO</SimpleData>
            <SimpleData name="CÈdula_Ti">-</SimpleData>
            <SimpleData name="SituaciÛn">NO</SimpleData>
            <SimpleData name="Comunidad">Ind?gena</SimpleData>
            <SimpleData name="Modelo_imp">Modelo 2</SimpleData>
            <SimpleData name="Departamen">CANINDEYU</SimpleData>
            <SimpleData name="Distrito">VILLA YGATIM?</SimpleData>
            <SimpleData name="Localidad">COM INDIG MBOI JAGUA - CA?ADITA</SimpleData>
            <SimpleData name="TelÈfono">0983939344</SimpleData>
            <SimpleData name="Vivienda_L">-24.11573380000</SimpleData>
            <SimpleData name="Vivienda_1">-55.56377110000</SimpleData>
            <SimpleData name="Superficie">0.80000000000</SimpleData>
            <SimpleData name="Situaci_1">Pol?gono</SimpleData>
            <SimpleData name="Plantado">Si</SimpleData>
            <SimpleData name="Parcela_La">-24.12610826000</SimpleData>
            <SimpleData name="Parcela_Lo">-55.55534134000</SimpleData>
            <SimpleData name="Grupo_Impl">G2</SimpleData>
            <SimpleData name="Grupo_de_P">H-P5-XX-XX-XX</SimpleData>
            <SimpleData name="Jornales">0.00000000000</SimpleData>
            <SimpleData name="Monto">0.00000000000</SimpleData>
            <SimpleData name="ETAPA_FAO">Mantenimiento A?o 1.1</SimpleData>
            <SimpleData name="Asistencia">-</SimpleData>
            <SimpleData name="Estado_del">Activo</SimpleData>
            <SimpleData name="Empresa">Hyh Consultores SRL</SimpleData>
            <SimpleData name="Lote">H</SimpleData>
            <SimpleData name="Monitorear">Si</SimpleData>
            <SimpleData name="Fecha_de_M">30/7/2026</SimpleData>
            <SimpleData name="F__de_pren">70</SimpleData>
            <SimpleData name="Estado_FAO">Monitorear Reposicion</SimpleData>
            <SimpleData name="Etapa_de_i">Mantenimiento A?o 1.1</SimpleData>
            <SimpleData name="Fecha_visi">2026/08/28</SimpleData>
            <SimpleData name="Cumple_sup">-</SimpleData>
            <SimpleData name="Estado_mon">??????NO CUMPLE??????</SimpleData>
            <SimpleData name="Situaci_12">En el momento del monitoreo de la parcela se observa perdida de plantines de especies de r?pido crecimiento (eucalipto) causado por ataque de hormiga cortadora y estres hidrico.</SimpleData>
            <SimpleData name="Observaci">-</SimpleData>
            <SimpleData name="Dias_trans">9.32908564815</SimpleData>
            <SimpleData name="Prioridad">ALTA</SimpleData>
            <SimpleData name="OBJECTID_1">88</SimpleData>
          </SchemaData>
        </ExtendedData>
        <Point>
          <coordinates>
            -55.5553413386881,-24.1261082590585,0
          </coordinates>
        </Point>
      </Placemark>
      <Placemark id="Distrito_VILLA_YGATIM__.2">
        <ExtendedData>
          <SchemaData schemaUrl="#Distrito_VILLA_YGATIM__.schema">
            <SimpleData name="CÈdula">5968757.00000000000</SimpleData>
            <SimpleData name="cedula">5968757</SimpleData>
            <SimpleData name="CÈdula_1">5968757.00000000000</SimpleData>
            <SimpleData name="N">90.00000000000</SimpleData>
            <SimpleData name="Nombres_y_"><![CDATA[CRECENCIA KRY'YPURANGI MBETAPAGI MBYVANGI]]></SimpleData>
            <SimpleData name="Sexo">Mujer</SimpleData>
            <SimpleData name="Cambio_de_">NO</SimpleData>
            <SimpleData name="Titular_se">NO</SimpleData>
            <SimpleData name="CÈdula_Ti">-</SimpleData>
            <SimpleData name="SituaciÛn">NO</SimpleData>
            <SimpleData name="Comunidad">Ind?gena</SimpleData>
            <SimpleData name="Modelo_imp">Modelo 2</SimpleData>
            <SimpleData name="Departamen">CANINDEYU</SimpleData>
            <SimpleData name="Distrito">VILLA YGATIM?</SimpleData>
            <SimpleData name="Localidad">COM INDIG CHUPA POU</SimpleData>
            <SimpleData name="TelÈfono">0983030739</SimpleData>
            <SimpleData name="Vivienda_L">-24.21178040000</SimpleData>
            <SimpleData name="Vivienda_1">-55.67134950000</SimpleData>
            <SimpleData name="Superficie">0.80000000000</SimpleData>
            <SimpleData name="Situaci_1">Pol?gono</SimpleData>
            <SimpleData name="Plantado">Si</SimpleData>
            <SimpleData name="Parcela_La">-24.21096399000</SimpleData>
            <SimpleData name="Parcela_Lo">-55.67039722000</SimpleData>
            <SimpleData name="Grupo_Impl">G2</SimpleData>
            <SimpleData name="Grupo_de_P">H-P2-P10P10-XX-XX</SimpleData>
            <SimpleData name="Jornales">4.00000000000</SimpleData>
            <SimpleData name="Monto">446008.00000000000</SimpleData>
            <SimpleData name="ETAPA_FAO">Mantenimiento A?o 1.2</SimpleData>
            <SimpleData name="Asistencia">-</SimpleData>
            <SimpleData name="Estado_del">Activo</SimpleData>
            <SimpleData name="Empresa">Hyh Consultores SRL</SimpleData>
            <SimpleData name="Lote">H</SimpleData>
            <SimpleData name="Monitorear">No</SimpleData>
            <SimpleData name="Fecha_de_M">-</SimpleData>
            <SimpleData name="F__de_pren">-</SimpleData>
            <SimpleData name="Estado_FAO">Monitorear</SimpleData>
            <SimpleData name="Etapa_de_i">Mantenimiento A?o 1.2</SimpleData>
            <SimpleData name="Fecha_visi">2026/09/02</SimpleData>
            <SimpleData name="Cumple_sup">Si</SimpleData>
            <SimpleData name="Estado_mon">-</SimpleData>
            <SimpleData name="Situaci_12">-</SimpleData>
            <SimpleData name="Observaci">-</SimpleData>
            <SimpleData name="Dias_trans">4.38350694445</SimpleData>
            <SimpleData name="Prioridad">ALTA</SimpleData>
            <SimpleData name="OBJECTID_1">90</SimpleData>
          </SchemaData>
        </ExtendedData>
        <Point>
          <coordinates>
            -55.670397223845,-24.2109639868779,0
          </coordinates>
        </Point>
      </Placemark>
      <Placemark id="Distrito_VILLA_YGATIM__.3">
        <ExtendedData>
          <SchemaData schemaUrl="#Distrito_VILLA_YGATIM__.schema">
            <SimpleData name="CÈdula">4971407.00000000000</SimpleData>
            <SimpleData name="cedula">4971407</SimpleData>
            <SimpleData name="CÈdula_1">4971407.00000000000</SimpleData>
            <SimpleData name="N">111.00000000000</SimpleData>
            <SimpleData name="Nombres_y_">SERGIO LUIS FRANCO VELAZQUEZ</SimpleData>
            <SimpleData name="Sexo">Hombre</SimpleData>
            <SimpleData name="Cambio_de_">NO</SimpleData>
            <SimpleData name="Titular_se">NO</SimpleData>
            <SimpleData name="CÈdula_Ti">-</SimpleData>
            <SimpleData name="SituaciÛn">NO</SimpleData>
            <SimpleData name="Comunidad">Ind?gena</SimpleData>
            <SimpleData name="Modelo_imp">Modelo 4</SimpleData>
            <SimpleData name="Departamen">CANINDEYU</SimpleData>
            <SimpleData name="Distrito">VILLA YGATIM?</SimpleData>
            <SimpleData name="Localidad">COM INDIG CHUPA POU</SimpleData>
            <SimpleData name="TelÈfono">0986552981</SimpleData>
            <SimpleData name="Vivienda_L">-24.20870110000</SimpleData>
            <SimpleData name="Vivienda_1">-55.67754440000</SimpleData>
            <SimpleData name="Superficie">0.70000000000</SimpleData>
            <SimpleData name="Situaci_1">Pol?gono</SimpleData>
            <SimpleData name="Plantado">Si</SimpleData>
            <SimpleData name="Parcela_La">-24.22372967000</SimpleData>
            <SimpleData name="Parcela_Lo">-55.70975611000</SimpleData>
            <SimpleData name="Grupo_Impl">G2</SimpleData>
            <SimpleData name="Grupo_de_P">H-P2-P10P10-XX-XX</SimpleData>
            <SimpleData name="Jornales">4.00000000000</SimpleData>
            <SimpleData name="Monto">446008.00000000000</SimpleData>
            <SimpleData name="ETAPA_FAO">Mantenimiento A?o 1.2</SimpleData>
            <SimpleData name="Asistencia">-</SimpleData>
            <SimpleData name="Estado_del">Activo</SimpleData>
            <SimpleData name="Empresa">Hyh Consultores SRL</SimpleData>
            <SimpleData name="Lote">H</SimpleData>
            <SimpleData name="Monitorear">No</SimpleData>
            <SimpleData name="Fecha_de_M">-</SimpleData>
            <SimpleData name="F__de_pren">-</SimpleData>
            <SimpleData name="Estado_FAO">Monitorear</SimpleData>
            <SimpleData name="Etapa_de_i">Mantenimiento A?o 1.2</SimpleData>
            <SimpleData name="Fecha_visi">2026/08/19</SimpleData>
            <SimpleData name="Cumple_sup">Si</SimpleData>
            <SimpleData name="Estado_mon">-</SimpleData>
            <SimpleData name="Situaci_12">-</SimpleData>
            <SimpleData name="Observaci">-</SimpleData>
            <SimpleData name="Dias_trans">18.29013888890</SimpleData>
            <SimpleData name="Prioridad">ALTA</SimpleData>
            <SimpleData name="OBJECTID_1">111</SimpleData>
          </SchemaData>
        </ExtendedData>
        <Point>
          <coordinates>
            -55.7097561097682,-24.2237296685356,0
          </coordinates>
        </Point>
      </Placemark>
      <Placemark id="Distrito_VILLA_YGATIM__.4">
        <ExtendedData>
          <SchemaData schemaUrl="#Distrito_VILLA_YGATIM__.schema">
            <SimpleData name="CÈdula">2270351.00000000000</SimpleData>
            <SimpleData name="cedula">2270351</SimpleData>
            <SimpleData name="CÈdula_1">2270351.00000000000</SimpleData>
            <SimpleData name="N">78.00000000000</SimpleData>
            <SimpleData name="Nombres_y_">ESTEBAN RODRIGUEZ</SimpleData>
            <SimpleData name="Sexo">Hombre</SimpleData>
            <SimpleData name="Cambio_de_">NO</SimpleData>
            <SimpleData name="Titular_se">NO</SimpleData>
            <SimpleData name="CÈdula_Ti">-</SimpleData>
            <SimpleData name="SituaciÛn">NO</SimpleData>
            <SimpleData name="Comunidad">Ind?gena</SimpleData>
            <SimpleData name="Modelo_imp">Modelo 5</SimpleData>
            <SimpleData name="Departamen">CANINDEYU</SimpleData>
            <SimpleData name="Distrito">VILLA YGATIM?</SimpleData>
            <SimpleData name="Localidad">COM INDIG SAN ANTONIO</SimpleData>
            <SimpleData name="TelÈfono">0986560441</SimpleData>
            <SimpleData name="Vivienda_L">-24.06058010000</SimpleData>
            <SimpleData name="Vivienda_1">-55.74494340000</SimpleData>
            <SimpleData name="Superficie">0.70000000000</SimpleData>
            <SimpleData name="Situaci_1">Pol?gono</SimpleData>
            <SimpleData name="Plantado">Si</SimpleData>
            <SimpleData name="Parcela_La">-24.06019979000</SimpleData>
            <SimpleData name="Parcela_Lo">-55.74418738000</SimpleData>
            <SimpleData name="Grupo_Impl">G2</SimpleData>
            <SimpleData name="Grupo_de_P">H-P5-P11X-XX-XX</SimpleData>
            <SimpleData name="Jornales">0.00000000000</SimpleData>
            <SimpleData name="Monto">0.00000000000</SimpleData>
            <SimpleData name="ETAPA_FAO">Mantenimiento A?o 1.1</SimpleData>
            <SimpleData name="Asistencia">-</SimpleData>
            <SimpleData name="Estado_del">Activo</SimpleData>
            <SimpleData name="Empresa">Hyh Consultores SRL</SimpleData>
            <SimpleData name="Lote">H</SimpleData>
            <SimpleData name="Monitorear">No</SimpleData>
            <SimpleData name="Fecha_de_M">24/2/2026</SimpleData>
            <SimpleData name="F__de_pren">90</SimpleData>
            <SimpleData name="Estado_FAO">Verificar posible desercion</SimpleData>
            <SimpleData name="Etapa_de_i">Mantenimiento A?o 1.1</SimpleData>
            <SimpleData name="Fecha_visi">2026/08/25</SimpleData>
            <SimpleData name="Cumple_sup">-</SimpleData>
            <SimpleData name="Estado_mon">?????? CUMPLE??????</SimpleData>
            <SimpleData name="Situaci_12">-</SimpleData>
            <SimpleData name="Observaci">Falta de inter?s o no ve el beneficio;Parcela abandonada</SimpleData>
            <SimpleData name="Dias_trans">12.61318252310</SimpleData>
            <SimpleData name="Prioridad">ALTA</SimpleData>
            <SimpleData name="OBJECTID_1">78</SimpleData>
          </SchemaData>
        </ExtendedData>
        <Point>
          <coordinates>
            -55.7441873789103,-24.0601997916086,0
          </coordinates>
        </Point>
      </Placemark>
      <Placemark id="Distrito_VILLA_YGATIM__.5">
        <ExtendedData>
          <SchemaData schemaUrl="#Distrito_VILLA_YGATIM__.schema">
            <SimpleData name="CÈdula">7883098.00000000000</SimpleData>
            <SimpleData name="cedula">7883098</SimpleData>
            <SimpleData name="CÈdula_1">7883098.00000000000</SimpleData>
            <SimpleData name="N">62.00000000000</SimpleData>
            <SimpleData name="Nombres_y_">FIDELINA BAREIRO PEREIRA</SimpleData>
            <SimpleData name="Sexo">Mujer</SimpleData>
            <SimpleData name="Cambio_de_">NO</SimpleData>
            <SimpleData name="Titular_se">NO</SimpleData>
            <SimpleData name="CÈdula_Ti">-</SimpleData>
            <SimpleData name="SituaciÛn">NO</SimpleData>
            <SimpleData name="Comunidad">Campesina</SimpleData>
            <SimpleData name="Modelo_imp">Modelo 5</SimpleData>
            <SimpleData name="Departamen">CANINDEYU</SimpleData>
            <SimpleData name="Distrito">VILLA YGATIM?</SimpleData>
            <SimpleData name="Localidad">11 DE SETIEMBRE</SimpleData>
            <SimpleData name="TelÈfono">ND</SimpleData>
            <SimpleData name="Vivienda_L">-24.01673790000</SimpleData>
            <SimpleData name="Vivienda_1">-55.55905710000</SimpleData>
            <SimpleData name="Superficie">0.00000000000</SimpleData>
            <SimpleData name="Situaci_1">Pol?gono</SimpleData>
            <SimpleData name="Plantado">Si</SimpleData>
            <SimpleData name="Parcela_La">-24.01704748000</SimpleData>
            <SimpleData name="Parcela_Lo">-55.56687694000</SimpleData>
            <SimpleData name="Grupo_Impl">G2</SimpleData>
            <SimpleData name="Grupo_de_P">H-P1-XX-XX-XX</SimpleData>
            <SimpleData name="Jornales">0.00000000000</SimpleData>
            <SimpleData name="Monto">0.00000000000</SimpleData>
            <SimpleData name="ETAPA_FAO">Mantenimiento A?o 1.1</SimpleData>
            <SimpleData name="Asistencia">-</SimpleData>
            <SimpleData name="Estado_del">Activo</SimpleData>
            <SimpleData name="Empresa">Hyh Consultores SRL</SimpleData>
            <SimpleData name="Lote">H</SimpleData>
            <SimpleData name="Monitorear">Si</SimpleData>
            <SimpleData name="Fecha_de_M">-</SimpleData>
            <SimpleData name="F__de_pren">-</SimpleData>
            <SimpleData name="Estado_FAO">Monitorear</SimpleData>
            <SimpleData name="Etapa_de_i">Mantenimiento A?o 1.1</SimpleData>
            <SimpleData name="Fecha_visi">2026/08/27</SimpleData>
            <SimpleData name="Cumple_sup">Si</SimpleData>
            <SimpleData name="Estado_mon">-</SimpleData>
            <SimpleData name="Situaci_12">-</SimpleData>
            <SimpleData name="Observaci">-</SimpleData>
            <SimpleData name="Dias_trans">10.28343750000</SimpleData>
            <SimpleData name="Prioridad">ALTA</SimpleData>
            <SimpleData name="OBJECTID_1">62</SimpleData>
          </SchemaData>
        </ExtendedData>
        <Point>
          <coordinates>
            -55.5668769382937,-24.0170474825455,0
          </coordinates>
        </Point>
      </Placemark>
      <Placemark id="Distrito_VILLA_YGATIM__.6">
        <ExtendedData>
          <SchemaData schemaUrl="#Distrito_VILLA_YGATIM__.schema">
            <SimpleData name="CÈdula">8052985.00000000000</SimpleData>
            <SimpleData name="cedula">8052985</SimpleData>
            <SimpleData name="CÈdula_1">8052985.00000000000</SimpleData>
            <SimpleData name="N">100.00000000000</SimpleData>
            <SimpleData name="Nombres_y_">NELLIDA FAGI CHEVUGI FAGI</SimpleData>
            <SimpleData name="Sexo">Hombre</SimpleData>
            <SimpleData name="Cambio_de_">NO</SimpleData>
            <SimpleData name="Titular_se">NO</SimpleData>
            <SimpleData name="CÈdula_Ti">-</SimpleData>
            <SimpleData name="SituaciÛn">NO</SimpleData>
            <SimpleData name="Comunidad">Ind?gena</SimpleData>
            <SimpleData name="Modelo_imp">Modelo 4</SimpleData>
            <SimpleData name="Departamen">CANINDEYU</SimpleData>
            <SimpleData name="Distrito">VILLA YGATIM?</SimpleData>
            <SimpleData name="Localidad">COM INDIG CHUPA POU</SimpleData>
            <SimpleData name="TelÈfono">No tiene</SimpleData>
            <SimpleData name="Vivienda_L">-24.21177650000</SimpleData>
            <SimpleData name="Vivienda_1">-55.67122220000</SimpleData>
            <SimpleData name="Superficie">0.70000000000</SimpleData>
            <SimpleData name="Situaci_1">Pol?gono</SimpleData>
            <SimpleData name="Plantado">Si</SimpleData>
            <SimpleData name="Parcela_La">-24.22271205000</SimpleData>
            <SimpleData name="Parcela_Lo">-55.70754129000</SimpleData>
            <SimpleData name="Grupo_Impl">G2</SimpleData>
            <SimpleData name="Grupo_de_P">H-P2-P10P10-XX-XX</SimpleData>
            <SimpleData name="Jornales">4.00000000000</SimpleData>
            <SimpleData name="Monto">446008.00000000000</SimpleData>
            <SimpleData name="ETAPA_FAO">Mantenimiento A?o 1.2</SimpleData>
            <SimpleData name="Asistencia">-</SimpleData>
            <SimpleData name="Estado_del">Activo</SimpleData>
            <SimpleData name="Empresa">Hyh Consultores SRL</SimpleData>
            <SimpleData name="Lote">H</SimpleData>
            <SimpleData name="Monitorear">No</SimpleData>
            <SimpleData name="Fecha_de_M">-</SimpleData>
            <SimpleData name="F__de_pren">-</SimpleData>
            <SimpleData name="Estado_FAO">Monitorear</SimpleData>
            <SimpleData name="Etapa_de_i">Mantenimiento A?o 1.2</SimpleData>
            <SimpleData name="Fecha_visi">2026/08/20</SimpleData>
            <SimpleData name="Cumple_sup">Si</SimpleData>
            <SimpleData name="Estado_mon">-</SimpleData>
            <SimpleData name="Situaci_12">-</SimpleData>
            <SimpleData name="Observaci">-</SimpleData>
            <SimpleData name="Dias_trans">17.39278935180</SimpleData>
            <SimpleData name="Prioridad">ALTA</SimpleData>
            <SimpleData name="OBJECTID_1">100</SimpleData>
          </SchemaData>
        </ExtendedData>
        <Point>
          <coordinates>
            -55.7075412892454,-24.2227120496752,0
          </coordinates>
        </Point>
      </Placemark>
      <Placemark id="Distrito_VILLA_YGATIM__.7">
        <ExtendedData>
          <SchemaData schemaUrl="#Distrito_VILLA_YGATIM__.schema">
            <SimpleData name="CÈdula">6349327.00000000000</SimpleData>
            <SimpleData name="cedula">6349327</SimpleData>
            <SimpleData name="CÈdula_1">6349327.00000000000</SimpleData>
            <SimpleData name="N">328.00000000000</SimpleData>
            <SimpleData name="Nombres_y_">MANUELA PIRAGI KMABUGI PIRAJUGI</SimpleData>
            <SimpleData name="Sexo">Mujer</SimpleData>
            <SimpleData name="Cambio_de_">NO</SimpleData>
            <SimpleData name="Titular_se">NO</SimpleData>
            <SimpleData name="CÈdula_Ti">-</SimpleData>
            <SimpleData name="SituaciÛn">NO</SimpleData>
            <SimpleData name="Comunidad">Ind?gena</SimpleData>
            <SimpleData name="Modelo_imp">Modelo 4</SimpleData>
            <SimpleData name="Departamen">CANINDEYU</SimpleData>
            <SimpleData name="Distrito">VILLA YGATIM?</SimpleData>
            <SimpleData name="Localidad">COM INDIG CHUPA POU</SimpleData>
            <SimpleData name="TelÈfono">982934764</SimpleData>
            <SimpleData name="Vivienda_L">-24.20851830000</SimpleData>
            <SimpleData name="Vivienda_1">-55.67687170000</SimpleData>
            <SimpleData name="Superficie">0.70000000000</SimpleData>
            <SimpleData name="Situaci_1">Pol?gono</SimpleData>
            <SimpleData name="Plantado">Si</SimpleData>
            <SimpleData name="Parcela_La">-24.22778615000</SimpleData>
            <SimpleData name="Parcela_Lo">-55.70651879000</SimpleData>
            <SimpleData name="Grupo_Impl">G2</SimpleData>
            <SimpleData name="Grupo_de_P">H-P3-P10P10-XX-XX</SimpleData>
            <SimpleData name="Jornales">4.00000000000</SimpleData>
            <SimpleData name="Monto">446008.00000000000</SimpleData>
            <SimpleData name="ETAPA_FAO">Mantenimiento A?o 1.2</SimpleData>
            <SimpleData name="Asistencia">-</SimpleData>
            <SimpleData name="Estado_del">Activo</SimpleData>
            <SimpleData name="Empresa">Hyh Consultores SRL</SimpleData>
            <SimpleData name="Lote">H</SimpleData>
            <SimpleData name="Monitorear">No</SimpleData>
            <SimpleData name="Fecha_de_M">-</SimpleData>
            <SimpleData name="F__de_pren">-</SimpleData>
            <SimpleData name="Estado_FAO">Monitorear</SimpleData>
            <SimpleData name="Etapa_de_i">Mantenimiento A?o 1.2</SimpleData>
            <SimpleData name="Fecha_visi">2026/09/04</SimpleData>
            <SimpleData name="Cumple_sup">Si</SimpleData>
            <SimpleData name="Estado_mon">-</SimpleData>
            <SimpleData name="Situaci_12">-</SimpleData>
            <SimpleData name="Observaci">-</SimpleData>
            <SimpleData name="Dias_trans">2.28039351852</SimpleData>
            <SimpleData name="Prioridad">ALTA</SimpleData>
            <SimpleData name="OBJECTID_1">328</SimpleData>
          </SchemaData>
        </ExtendedData>
        <Point>
          <coordinates>
            -55.7065187877812,-24.2277861451736,0
          </coordinates>
        </Point>
      </Placemark>
      <Placemark id="Distrito_VILLA_YGATIM__.8">
        <ExtendedData>
          <SchemaData schemaUrl="#Distrito_VILLA_YGATIM__.schema">
            <SimpleData name="CÈdula">4948444.00000000000</SimpleData>
            <SimpleData name="cedula">4948444</SimpleData>
            <SimpleData name="CÈdula_1">4948444.00000000000</SimpleData>
            <SimpleData name="N">334.00000000000</SimpleData>
            <SimpleData name="Nombres_y_">ANGELINA  CHACHUPURANGI</SimpleData>
            <SimpleData name="Sexo">Mujer</SimpleData>
            <SimpleData name="Cambio_de_">NO</SimpleData>
            <SimpleData name="Titular_se">NO</SimpleData>
            <SimpleData name="CÈdula_Ti">-</SimpleData>
            <SimpleData name="SituaciÛn">NO</SimpleData>
            <SimpleData name="Comunidad">Ind?gena</SimpleData>
            <SimpleData name="Modelo_imp">Modelo 4</SimpleData>
            <SimpleData name="Departamen">CANINDEYU</SimpleData>
            <SimpleData name="Distrito">VILLA YGATIM?</SimpleData>
            <SimpleData name="Localidad">COM INDIG CHUPA POU</SimpleData>
            <SimpleData name="TelÈfono">1234567890</SimpleData>
            <SimpleData name="Vivienda_L">-24.21503670000</SimpleData>
            <SimpleData name="Vivienda_1">-55.66730000000</SimpleData>
            <SimpleData name="Superficie">0.70000000000</SimpleData>
            <SimpleData name="Situaci_1">Pol?gono</SimpleData>
            <SimpleData name="Plantado">Si</SimpleData>
            <SimpleData name="Parcela_La">-24.22712083000</SimpleData>
            <SimpleData name="Parcela_Lo">-55.70629929000</SimpleData>
            <SimpleData name="Grupo_Impl">G2</SimpleData>
            <SimpleData name="Grupo_de_P">H-P3-P10P10-XX-XX</SimpleData>
            <SimpleData name="Jornales">4.00000000000</SimpleData>
            <SimpleData name="Monto">446008.00000000000</SimpleData>
            <SimpleData name="ETAPA_FAO">Mantenimiento A?o 1.2</SimpleData>
            <SimpleData name="Asistencia">-</SimpleData>
            <SimpleData name="Estado_del">Activo</SimpleData>
            <SimpleData name="Empresa">Hyh Consultores SRL</SimpleData>
            <SimpleData name="Lote">H</SimpleData>
            <SimpleData name="Monitorear">No</SimpleData>
            <SimpleData name="Fecha_de_M">-</SimpleData>
            <SimpleData name="F__de_pren">-</SimpleData>
            <SimpleData name="Estado_FAO">Monitorear</SimpleData>
            <SimpleData name="Etapa_de_i">Mantenimiento A?o 1.2</SimpleData>
            <SimpleData name="Fecha_visi">2026/09/04</SimpleData>
            <SimpleData name="Cumple_sup">Si</SimpleData>
            <SimpleData name="Estado_mon">-</SimpleData>
            <SimpleData name="Situaci_12">-</SimpleData>
            <SimpleData name="Observaci">-</SimpleData>
            <SimpleData name="Dias_trans">2.21490740740</SimpleData>
            <SimpleData name="Prioridad">ALTA</SimpleData>
            <SimpleData name="OBJECTID_1">334</SimpleData>
          </SchemaData>
        </ExtendedData>
        <Point>
          <coordinates>
            -55.7062992929771,-24.2271208259713,0
          </coordinates>
        </Point>
      </Placemark>
      <Placemark id="Distrito_VILLA_YGATIM__.9">
        <ExtendedData>
          <SchemaData schemaUrl="#Distrito_VILLA_YGATIM__.schema">
            <SimpleData name="CÈdula">1597690.00000000000</SimpleData>
            <SimpleData name="cedula">1597690</SimpleData>
            <SimpleData name="CÈdula_1">1597690.00000000000</SimpleData>
            <SimpleData name="N">89.00000000000</SimpleData>
            <SimpleData name="Nombres_y_">ANDREA VILLALBA GAUTO</SimpleData>
            <SimpleData name="Sexo">Mujer</SimpleData>
            <SimpleData name="Cambio_de_">NO</SimpleData>
            <SimpleData name="Titular_se">NO</SimpleData>
            <SimpleData name="CÈdula_Ti">-</SimpleData>
            <SimpleData name="SituaciÛn">NO</SimpleData>
            <SimpleData name="Comunidad">Ind?gena</SimpleData>
            <SimpleData name="Modelo_imp">Modelo 5</SimpleData>
            <SimpleData name="Departamen">CANINDEYU</SimpleData>
            <SimpleData name="Distrito">VILLA YGATIM?</SimpleData>
            <SimpleData name="Localidad">COM INDIG MBOI JAGUA ? CENTRO</SimpleData>
            <SimpleData name="TelÈfono">0985690021</SimpleData>
            <SimpleData name="Vivienda_L">-24.12651140000</SimpleData>
            <SimpleData name="Vivienda_1">-55.58185770000</SimpleData>
            <SimpleData name="Superficie">0.70000000000</SimpleData>
            <SimpleData name="Situaci_1">Pol?gono</SimpleData>
            <SimpleData name="Plantado">Si</SimpleData>
            <SimpleData name="Parcela_La">-24.12620200000</SimpleData>
            <SimpleData name="Parcela_Lo">-55.58198829000</SimpleData>
            <SimpleData name="Grupo_Impl">G2</SimpleData>
            <SimpleData name="Grupo_de_P">H-P2-XX-XX-XX</SimpleData>
            <SimpleData name="Jornales">0.00000000000</SimpleData>
            <SimpleData name="Monto">0.00000000000</SimpleData>
            <SimpleData name="ETAPA_FAO">Mantenimiento A?o 1.1</SimpleData>
            <SimpleData name="Asistencia">-</SimpleData>
            <SimpleData name="Estado_del">Activo</SimpleData>
            <SimpleData name="Empresa">Hyh Consultores SRL</SimpleData>
            <SimpleData name="Lote">H</SimpleData>
            <SimpleData name="Monitorear">Si</SimpleData>
            <SimpleData name="Fecha_de_M">12/8/2026</SimpleData>
            <SimpleData name="F__de_pren">60</SimpleData>
            <SimpleData name="Estado_FAO">Verificar posible desercion</SimpleData>
            <SimpleData name="Etapa_de_i">Mantenimiento A?o 1.1</SimpleData>
            <SimpleData name="Fecha_visi">2026/09/03</SimpleData>
            <SimpleData name="Cumple_sup">-</SimpleData>
            <SimpleData name="Estado_mon">??????NO CUMPLE??????</SimpleData>
            <SimpleData name="Situaci_12">-</SimpleData>
            <SimpleData name="Observaci">Falta de inter?s o no ve el beneficio;La due?a, va usar la parcela para construir una casa de Conavi</SimpleData>
            <SimpleData name="Dias_trans">3.67463328704</SimpleData>
            <SimpleData name="Prioridad">ALTA</SimpleData>
            <SimpleData name="OBJECTID_1">89</SimpleData>
          </SchemaData>
        </ExtendedData>
        <MultiGeometry>
          <Point>
            <coordinates>
              -55.5820049571241,-24.1262883649683,0
            </coordinates>
          </Point>
          <Point>
            <coordinates>
              -55.579776810163,-24.1341116880105,0
            </coordinates>
          </Point>
        </MultiGeometry>
      </Placemark>
      <Placemark id="Distrito_VILLA_YGATIM__.10">
        <ExtendedData>
          <SchemaData schemaUrl="#Distrito_VILLA_YGATIM__.schema">
            <SimpleData name="CÈdula">4544983.00000000000</SimpleData>
            <SimpleData name="cedula">4544983</SimpleData>
            <SimpleData name="CÈdula_1">4544983.00000000000</SimpleData>
            <SimpleData name="N">86.00000000000</SimpleData>
            <SimpleData name="Nombres_y_">MERCEDES ROJAS GONZALEZ</SimpleData>
            <SimpleData name="Sexo">Mujer</SimpleData>
            <SimpleData name="Cambio_de_">NO</SimpleData>
            <SimpleData name="Titular_se">NO</SimpleData>
            <SimpleData name="CÈdula_Ti">-</SimpleData>
            <SimpleData name="SituaciÛn">NO</SimpleData>
            <SimpleData name="Comunidad">Ind?gena</SimpleData>
            <SimpleData name="Modelo_imp">Modelo 2</SimpleData>
            <SimpleData name="Departamen">CANINDEYU</SimpleData>
            <SimpleData name="Distrito">VILLA YGATIM?</SimpleData>
            <SimpleData name="Localidad">COM INDIG ITANARAMI 8 DE DICIEMBRE</SimpleData>
            <SimpleData name="TelÈfono">0986559915</SimpleData>
            <SimpleData name="Vivienda_L">-24.08804980000</SimpleData>
            <SimpleData name="Vivienda_1">-55.70191420000</SimpleData>
            <SimpleData name="Superficie">0.80000000000</SimpleData>
            <SimpleData name="Situaci_1">Pol?gono</SimpleData>
            <SimpleData name="Plantado">Si</SimpleData>
            <SimpleData name="Parcela_La">-24.08901003000</SimpleData>
            <SimpleData name="Parcela_Lo">-55.70644506000</SimpleData>
            <SimpleData name="Grupo_Impl">G2</SimpleData>
            <SimpleData name="Grupo_de_P">H-P3-XX-XX-XX</SimpleData>
            <SimpleData name="Jornales">0.00000000000</SimpleData>
            <SimpleData name="Monto">0.00000000000</SimpleData>
            <SimpleData name="ETAPA_FAO">Mantenimiento A?o 1.1</SimpleData>
            <SimpleData name="Asistencia">-</SimpleData>
            <SimpleData name="Estado_del">Activo</SimpleData>
            <SimpleData name="Empresa">Hyh Consultores SRL</SimpleData>
            <SimpleData name="Lote">H</SimpleData>
            <SimpleData name="Monitorear">No</SimpleData>
            <SimpleData name="Fecha_de_M">9/6/2026</SimpleData>
            <SimpleData name="F__de_pren">40</SimpleData>
            <SimpleData name="Estado_FAO">Monitorear Reposicion</SimpleData>
            <SimpleData name="Etapa_de_i">Mantenimiento A?o 1.1</SimpleData>
            <SimpleData name="Fecha_visi">2026/09/01</SimpleData>
            <SimpleData name="Cumple_sup">-</SimpleData>
            <SimpleData name="Estado_mon">??????NO CUMPLE??????</SimpleData>
            <SimpleData name="Situaci_12">Al momento del monitoreo de mantenimiento y asistencia t?cnica se observa que la parcela no cumple con las especificaciones establecidas.  Se observa que el mantenimiento de la parcela no fue realizado en tu totalidad visualiz?ndose una parte important</SimpleData>
            <SimpleData name="Observaci">-</SimpleData>
            <SimpleData name="Dias_trans">5.16762731481</SimpleData>
            <SimpleData name="Prioridad">ALTA</SimpleData>
            <SimpleData name="OBJECTID_1">86</SimpleData>
          </SchemaData>
        </ExtendedData>
        <Point>
          <coordinates>
            -55.7064450565357,-24.0890100318541,0
          </coordinates>
        </Point>
      </Placemark>
      <Placemark id="Distrito_VILLA_YGATIM__.11">
        <ExtendedData>
          <SchemaData schemaUrl="#Distrito_VILLA_YGATIM__.schema">
            <SimpleData name="CÈdula">5345295.00000000000</SimpleData>
            <SimpleData name="cedula">5345295</SimpleData>
            <SimpleData name="CÈdula_1">5345295.00000000000</SimpleData>
            <SimpleData name="N">65.00000000000</SimpleData>
            <SimpleData name="Nombres_y_">CLAUDIA CHAKYTANGI MBEJUAGI MBEPURANGI</SimpleData>
            <SimpleData name="Sexo">Mujer</SimpleData>
            <SimpleData name="Cambio_de_">NO</SimpleData>
            <SimpleData name="Titular_se">NO</SimpleData>
            <SimpleData name="CÈdula_Ti">-</SimpleData>
            <SimpleData name="SituaciÛn">NO</SimpleData>
            <SimpleData name="Comunidad">Ind?gena</SimpleData>
            <SimpleData name="Modelo_imp">Modelo 5</SimpleData>
            <SimpleData name="Departamen">CANINDEYU</SimpleData>
            <SimpleData name="Distrito">VILLA YGATIM?</SimpleData>
            <SimpleData name="Localidad">COM INDIG CHUPA POU</SimpleData>
            <SimpleData name="TelÈfono">0982820743</SimpleData>
            <SimpleData name="Vivienda_L">-24.20927690000</SimpleData>
            <SimpleData name="Vivienda_1">-55.68050480000</SimpleData>
            <SimpleData name="Superficie">0.70000000000</SimpleData>
            <SimpleData name="Situaci_1">Pol?gono</SimpleData>
            <SimpleData name="Plantado">Si</SimpleData>
            <SimpleData name="Parcela_La">-24.21091632000</SimpleData>
            <SimpleData name="Parcela_Lo">-55.68089618000</SimpleData>
            <SimpleData name="Grupo_Impl">G2</SimpleData>
            <SimpleData name="Grupo_de_P">H-P2-P10P10-XX-XX</SimpleData>
            <SimpleData name="Jornales">4.00000000000</SimpleData>
            <SimpleData name="Monto">446008.00000000000</SimpleData>
            <SimpleData name="ETAPA_FAO">Mantenimiento A?o 1.2</SimpleData>
            <SimpleData name="Asistencia">-</SimpleData>
            <SimpleData name="Estado_del">Activo</SimpleData>
            <SimpleData name="Empresa">Hyh Consultores SRL</SimpleData>
            <SimpleData name="Lote">H</SimpleData>
            <SimpleData name="Monitorear">No</SimpleData>
            <SimpleData name="Fecha_de_M">-</SimpleData>
            <SimpleData name="F__de_pren">-</SimpleData>
            <SimpleData name="Estado_FAO">Monitorear</SimpleData>
            <SimpleData name="Etapa_de_i">Mantenimiento A?o 1.2</SimpleData>
            <SimpleData name="Fecha_visi">2026/08/29</SimpleData>
            <SimpleData name="Cumple_sup">Si</SimpleData>
            <SimpleData name="Estado_mon">-</SimpleData>
            <SimpleData name="Situaci_12">-</SimpleData>
            <SimpleData name="Observaci">-</SimpleData>
            <SimpleData name="Dias_trans">8.34799768519</SimpleData>
            <SimpleData name="Prioridad">ALTA</SimpleData>
            <SimpleData name="OBJECTID_1">65</SimpleData>
          </SchemaData>
        </ExtendedData>
        <Point>
          <coordinates>
            -55.680896176938,-24.2109163181067,0
          </coordinates>
        </Point>
      </Placemark>
      <Placemark id="Distrito_VILLA_YGATIM__.12">
        <ExtendedData>
          <SchemaData schemaUrl="#Distrito_VILLA_YGATIM__.schema">
            <SimpleData name="CÈdula">6349396.00000000000</SimpleData>
            <SimpleData name="cedula">6349396</SimpleData>
            <SimpleData name="CÈdula_1">6349396.00000000000</SimpleData>
            <SimpleData name="N">91.00000000000</SimpleData>
            <SimpleData name="Nombres_y_">FATIMA CHERYGI FUAKYMBAGI FAAGI</SimpleData>
            <SimpleData name="Sexo">Mujer</SimpleData>
            <SimpleData name="Cambio_de_">NO</SimpleData>
            <SimpleData name="Titular_se">NO</SimpleData>
            <SimpleData name="CÈdula_Ti">-</SimpleData>
            <SimpleData name="SituaciÛn">NO</SimpleData>
            <SimpleData name="Comunidad">Ind?gena</SimpleData>
            <SimpleData name="Modelo_imp">Modelo 4</SimpleData>
            <SimpleData name="Departamen">CANINDEYU</SimpleData>
            <SimpleData name="Distrito">VILLA YGATIM?</SimpleData>
            <SimpleData name="Localidad">COM INDIG CHUPA POU</SimpleData>
            <SimpleData name="TelÈfono">0985223081</SimpleData>
            <SimpleData name="Vivienda_L">-24.22229600000</SimpleData>
            <SimpleData name="Vivienda_1">-55.71191840000</SimpleData>
            <SimpleData name="Superficie">0.70000000000</SimpleData>
            <SimpleData name="Situaci_1">Pol?gono</SimpleData>
            <SimpleData name="Plantado">Si</SimpleData>
            <SimpleData name="Parcela_La">-24.22036306000</SimpleData>
            <SimpleData name="Parcela_Lo">-55.71099713000</SimpleData>
            <SimpleData name="Grupo_Impl">G2</SimpleData>
            <SimpleData name="Grupo_de_P">H-P1-P4P4-XX-XX</SimpleData>
            <SimpleData name="Jornales">4.00000000000</SimpleData>
            <SimpleData name="Monto">446008.00000000000</SimpleData>
            <SimpleData name="ETAPA_FAO">Mantenimiento A?o 1.2</SimpleData>
            <SimpleData name="Asistencia">-</SimpleData>
            <SimpleData name="Estado_del">Activo</SimpleData>
            <SimpleData name="Empresa">Hyh Consultores SRL</SimpleData>
            <SimpleData name="Lote">H</SimpleData>
            <SimpleData name="Monitorear">No</SimpleData>
            <SimpleData name="Fecha_de_M">-</SimpleData>
            <SimpleData name="F__de_pren">-</SimpleData>
            <SimpleData name="Estado_FAO">Monitorear</SimpleData>
            <SimpleData name="Etapa_de_i">Mantenimiento A?o 1.2</SimpleData>
            <SimpleData name="Fecha_visi">2026/08/19</SimpleData>
            <SimpleData name="Cumple_sup">Si</SimpleData>
            <SimpleData name="Estado_mon">-</SimpleData>
            <SimpleData name="Situaci_12">-</SimpleData>
            <SimpleData name="Observaci">-</SimpleData>
            <SimpleData name="Dias_trans">18.22964120370</SimpleData>
            <SimpleData name="Prioridad">ALTA</SimpleData>
            <SimpleData name="OBJECTID_1">91</SimpleData>
          </SchemaData>
        </ExtendedData>
        <Point>
          <coordinates>
            -55.7109971308623,-24.2203630580843,0
          </coordinates>
        </Point>
      </Placemark>
      <Placemark id="Distrito_VILLA_YGATIM__.13">
        <ExtendedData>
          <SchemaData schemaUrl="#Distrito_VILLA_YGATIM__.schema">
            <SimpleData name="CÈdula">7753540.00000000000</SimpleData>
            <SimpleData name="cedula">7753540</SimpleData>
            <SimpleData name="CÈdula_1">7753540.00000000000</SimpleData>
            <SimpleData name="N">331.00000000000</SimpleData>
            <SimpleData name="Nombres_y_">RAMONA KADJEGI WACHUGI KRIROGI</SimpleData>
            <SimpleData name="Sexo">Mujer</SimpleData>
            <SimpleData name="Cambio_de_">NO</SimpleData>
            <SimpleData name="Titular_se">NO</SimpleData>
            <SimpleData name="CÈdula_Ti">-</SimpleData>
            <SimpleData name="SituaciÛn">NO</SimpleData>
            <SimpleData name="Comunidad">Ind?gena</SimpleData>
            <SimpleData name="Modelo_imp">Modelo 4</SimpleData>
            <SimpleData name="Departamen">CANINDEYU</SimpleData>
            <SimpleData name="Distrito">VILLA YGATIM?</SimpleData>
            <SimpleData name="Localidad">COM INDIG CHUPA POU</SimpleData>
            <SimpleData name="TelÈfono">982650125</SimpleData>
            <SimpleData name="Vivienda_L">-24.20899670000</SimpleData>
            <SimpleData name="Vivienda_1">-55.68073330000</SimpleData>
            <SimpleData name="Superficie">0.70000000000</SimpleData>
            <SimpleData name="Situaci_1">Pol?gono</SimpleData>
            <SimpleData name="Plantado">Si</SimpleData>
            <SimpleData name="Parcela_La">-24.23525196000</SimpleData>
            <SimpleData name="Parcela_Lo">-55.72561612000</SimpleData>
            <SimpleData name="Grupo_Impl">G2</SimpleData>
            <SimpleData name="Grupo_de_P">H-P3-P10P10-XX-XX</SimpleData>
            <SimpleData name="Jornales">4.00000000000</SimpleData>
            <SimpleData name="Monto">446008.00000000000</SimpleData>
            <SimpleData name="ETAPA_FAO">Mantenimiento A?o 1.2</SimpleData>
            <SimpleData name="Asistencia">-</SimpleData>
            <SimpleData name="Estado_del">Activo</SimpleData>
            <SimpleData name="Empresa">Hyh Consultores SRL</SimpleData>
            <SimpleData name="Lote">H</SimpleData>
            <SimpleData name="Monitorear">No</SimpleData>
            <SimpleData name="Fecha_de_M">-</SimpleData>
            <SimpleData name="F__de_pren">-</SimpleData>
            <SimpleData name="Estado_FAO">Monitorear</SimpleData>
            <SimpleData name="Etapa_de_i">Mantenimiento A?o 1.2</SimpleData>
            <SimpleData name="Fecha_visi">2026/09/04</SimpleData>
            <SimpleData name="Cumple_sup">Si</SimpleData>
            <SimpleData name="Estado_mon">-</SimpleData>
            <SimpleData name="Situaci_12">-</SimpleData>
            <SimpleData name="Observaci">-</SimpleData>
            <SimpleData name="Dias_trans">2.49625000000</SimpleData>
            <SimpleData name="Prioridad">ALTA</SimpleData>
            <SimpleData name="OBJECTID_1">331</SimpleData>
          </SchemaData>
        </ExtendedData>
        <Point>
          <coordinates>
            -55.7256161187248,-24.2352519642846,0
          </coordinates>
        </Point>
      </Placemark>
      <Placemark id="Distrito_VILLA_YGATIM__.14">
        <ExtendedData>
          <SchemaData schemaUrl="#Distrito_VILLA_YGATIM__.schema">
            <SimpleData name="CÈdula">6773422.00000000000</SimpleData>
            <SimpleData name="cedula">6773422</SimpleData>
            <SimpleData name="CÈdula_1">6773422.00000000000</SimpleData>
            <SimpleData name="N">372.00000000000</SimpleData>
            <SimpleData name="Nombres_y_">ELOIDA DENIS VERA</SimpleData>
            <SimpleData name="Sexo">Mujer</SimpleData>
            <SimpleData name="Cambio_de_">NO</SimpleData>
            <SimpleData name="Titular_se">NO</SimpleData>
            <SimpleData name="CÈdula_Ti">-</SimpleData>
            <SimpleData name="SituaciÛn">-</SimpleData>
            <SimpleData name="Comunidad">Ind?gena</SimpleData>
            <SimpleData name="Modelo_imp">Modelo 1</SimpleData>
            <SimpleData name="Departamen">CANINDEYU</SimpleData>
            <SimpleData name="Distrito">VILLA YGATIM?</SimpleData>
            <SimpleData name="Localidad">COM INDIG MBOI JAGUA - CA ADITA</SimpleData>
            <SimpleData name="TelÈfono">-</SimpleData>
            <SimpleData name="Vivienda_L">-24.11417500000</SimpleData>
            <SimpleData name="Vivienda_1">-55.56133170000</SimpleData>
            <SimpleData name="Superficie">0.80000000000</SimpleData>
            <SimpleData name="Situaci_1">Parametro</SimpleData>
            <SimpleData name="Plantado">Si</SimpleData>
            <SimpleData name="Parcela_La">-24.11816109000</SimpleData>
            <SimpleData name="Parcela_Lo">-55.55392431000</SimpleData>
            <SimpleData name="Grupo_Impl">G2</SimpleData>
            <SimpleData name="Grupo_de_P">H-P14-XX-XX-XX</SimpleData>
            <SimpleData name="Jornales">0.00000000000</SimpleData>
            <SimpleData name="Monto">0.00000000000</SimpleData>
            <SimpleData name="ETAPA_FAO">Mantenimiento A?o 1.1</SimpleData>
            <SimpleData name="Asistencia">-</SimpleData>
            <SimpleData name="Estado_del">Activo</SimpleData>
            <SimpleData name="Empresa">Hyh Consultores SRL</SimpleData>
            <SimpleData name="Lote">H</SimpleData>
            <SimpleData name="Monitorear">No</SimpleData>
            <SimpleData name="Fecha_de_M">-</SimpleData>
            <SimpleData name="F__de_pren">-</SimpleData>
            <SimpleData name="Estado_FAO">Monitorear</SimpleData>
            <SimpleData name="Etapa_de_i">Mantenimiento A?o 1.1</SimpleData>
            <SimpleData name="Fecha_visi">2026/08/27</SimpleData>
            <SimpleData name="Cumple_sup">Si</SimpleData>
            <SimpleData name="Estado_mon">-</SimpleData>
            <SimpleData name="Situaci_12">-</SimpleData>
            <SimpleData name="Observaci">-</SimpleData>
            <SimpleData name="Dias_trans">10.36550925930</SimpleData>
            <SimpleData name="Prioridad">ALTA</SimpleData>
            <SimpleData name="OBJECTID_1">372</SimpleData>
          </SchemaData>
        </ExtendedData>
        <Point>
          <coordinates>
            -55.5539243105994,-24.1181610926086,0
          </coordinates>
        </Point>
      </Placemark>
      <Placemark id="Distrito_VILLA_YGATIM__.15">
        <ExtendedData>
          <SchemaData schemaUrl="#Distrito_VILLA_YGATIM__.schema">
            <SimpleData name="CÈdula">5797984.00000000000</SimpleData>
            <SimpleData name="cedula">5797984</SimpleData>
            <SimpleData name="CÈdula_1">5797984.00000000000</SimpleData>
            <SimpleData name="N">115.00000000000</SimpleData>
            <SimpleData name="Nombres_y_">MAGDALENA VERA PEREIRA</SimpleData>
            <SimpleData name="Sexo">Mujer</SimpleData>
            <SimpleData name="Cambio_de_">NO</SimpleData>
            <SimpleData name="Titular_se">NO</SimpleData>
            <SimpleData name="CÈdula_Ti">-</SimpleData>
            <SimpleData name="SituaciÛn">NO</SimpleData>
            <SimpleData name="Comunidad">Ind?gena</SimpleData>
            <SimpleData name="Modelo_imp">Modelo 2</SimpleData>
            <SimpleData name="Departamen">CANINDEYU</SimpleData>
            <SimpleData name="Distrito">VILLA YGATIM?</SimpleData>
            <SimpleData name="Localidad">COM INDIG TEKOHA KA AGUY PORA POTY</SimpleData>
            <SimpleData name="TelÈfono">0986940715</SimpleData>
            <SimpleData name="Vivienda_L">-24.23038830000</SimpleData>
            <SimpleData name="Vivienda_1">-55.63568060000</SimpleData>
            <SimpleData name="Superficie">0.80000000000</SimpleData>
            <SimpleData name="Situaci_1">Pol?gono</SimpleData>
            <SimpleData name="Plantado">Si</SimpleData>
            <SimpleData name="Parcela_La">-24.23598390000</SimpleData>
            <SimpleData name="Parcela_Lo">-55.63235894000</SimpleData>
            <SimpleData name="Grupo_Impl">G2</SimpleData>
            <SimpleData name="Grupo_de_P">H-P3-XX-XX-XX</SimpleData>
            <SimpleData name="Jornales">0.00000000000</SimpleData>
            <SimpleData name="Monto">0.00000000000</SimpleData>
            <SimpleData name="ETAPA_FAO">Mantenimiento A?o 1.1</SimpleData>
            <SimpleData name="Asistencia">-</SimpleData>
            <SimpleData name="Estado_del">Activo</SimpleData>
            <SimpleData name="Empresa">Hyh Consultores SRL</SimpleData>
            <SimpleData name="Lote">H</SimpleData>
            <SimpleData name="Monitorear">No</SimpleData>
            <SimpleData name="Fecha_de_M">20/2/2026</SimpleData>
            <SimpleData name="F__de_pren">40</SimpleData>
            <SimpleData name="Estado_FAO">Verificar posible desercion</SimpleData>
            <SimpleData name="Etapa_de_i">Mantenimiento A?o 1.1</SimpleData>
            <SimpleData name="Fecha_visi">2026/06/03</SimpleData>
            <SimpleData name="Cumple_sup">-</SimpleData>
            <SimpleData name="Estado_mon">?????? NO CUMPLE ??????</SimpleData>
            <SimpleData name="Situaci_12">-</SimpleData>
            <SimpleData name="Observaci">Falta de inter?s o no ve el beneficio;En alquiler</SimpleData>
            <SimpleData name="Dias_trans">95.35517163190</SimpleData>
            <SimpleData name="Prioridad">ALTA</SimpleData>
            <SimpleData name="OBJECTID_1">115</SimpleData>
          </SchemaData>
        </ExtendedData>
        <Point>
          <coordinates>
            -55.6323589397717,-24.2359839049232,0
          </coordinates>
        </Point>
      </Placemark>
      <Placemark id="Distrito_VILLA_YGATIM__.16">
        <ExtendedData>
          <SchemaData schemaUrl="#Distrito_VILLA_YGATIM__.schema">
            <SimpleData name="CÈdula">6349313.00000000000</SimpleData>
            <SimpleData name="cedula">6349313</SimpleData>
            <SimpleData name="CÈdula_1">6349313.00000000000</SimpleData>
            <SimpleData name="N">99.00000000000</SimpleData>
            <SimpleData name="Nombres_y_">DAMARI CHENGYPURANGI</SimpleData>
            <SimpleData name="Sexo">Mujer</SimpleData>
            <SimpleData name="Cambio_de_">NO</SimpleData>
            <SimpleData name="Titular_se">NO</SimpleData>
            <SimpleData name="CÈdula_Ti">-</SimpleData>
            <SimpleData name="SituaciÛn">NO</SimpleData>
            <SimpleData name="Comunidad">Ind?gena</SimpleData>
            <SimpleData name="Modelo_imp">Modelo 4</SimpleData>
            <SimpleData name="Departamen">CANINDEYU</SimpleData>
            <SimpleData name="Distrito">VILLA YGATIM?</SimpleData>
            <SimpleData name="Localidad">COM INDIG CHUPA POU</SimpleData>
            <SimpleData name="TelÈfono">No tiene</SimpleData>
            <SimpleData name="Vivienda_L">-24.21140330000</SimpleData>
            <SimpleData name="Vivienda_1">-55.67234000000</SimpleData>
            <SimpleData name="Superficie">0.70000000000</SimpleData>
            <SimpleData name="Situaci_1">Pol?gono</SimpleData>
            <SimpleData name="Plantado">Si</SimpleData>
            <SimpleData name="Parcela_La">-24.22192810000</SimpleData>
            <SimpleData name="Parcela_Lo">-55.70758038000</SimpleData>
            <SimpleData name="Grupo_Impl">G2</SimpleData>
            <SimpleData name="Grupo_de_P">H-P2-P10P10-XX-XX</SimpleData>
            <SimpleData name="Jornales">4.00000000000</SimpleData>
            <SimpleData name="Monto">446008.00000000000</SimpleData>
            <SimpleData name="ETAPA_FAO">Mantenimiento A?o 1.2</SimpleData>
            <SimpleData name="Asistencia">-</SimpleData>
            <SimpleData name="Estado_del">Activo</SimpleData>
            <SimpleData name="Empresa">Hyh Consultores SRL</SimpleData>
            <SimpleData name="Lote">H</SimpleData>
            <SimpleData name="Monitorear">No</SimpleData>
            <SimpleData name="Fecha_de_M">-</SimpleData>
            <SimpleData name="F__de_pren">-</SimpleData>
            <SimpleData name="Estado_FAO">Monitorear</SimpleData>
            <SimpleData name="Etapa_de_i">Mantenimiento A?o 1.2</SimpleData>
            <SimpleData name="Fecha_visi">2026/08/21</SimpleData>
            <SimpleData name="Cumple_sup">Si</SimpleData>
            <SimpleData name="Estado_mon">-</SimpleData>
            <SimpleData name="Situaci_12">-</SimpleData>
            <SimpleData name="Observaci">-</SimpleData>
            <SimpleData name="Dias_trans">16.23717592590</SimpleData>
            <SimpleData name="Prioridad">ALTA</SimpleData>
            <SimpleData name="OBJECTID_1">99</SimpleData>
          </SchemaData>
        </ExtendedData>
        <Point>
          <coordinates>
            -55.7075803753712,-24.2219280996374,0
          </coordinates>
        </Point>
      </Placemark>
      <Placemark id="Distrito_VILLA_YGATIM__.17">
        <ExtendedData>
          <SchemaData schemaUrl="#Distrito_VILLA_YGATIM__.schema">
            <SimpleData name="CÈdula">6729013.00000000000</SimpleData>
            <SimpleData name="cedula">6729013</SimpleData>
            <SimpleData name="CÈdula_1">6729013.00000000000</SimpleData>
            <SimpleData name="N">370.00000000000</SimpleData>
            <SimpleData name="Nombres_y_">CARINA BENITEZ TAPARI</SimpleData>
            <SimpleData name="Sexo">Mujer</SimpleData>
            <SimpleData name="Cambio_de_">NO</SimpleData>
            <SimpleData name="Titular_se">NO</SimpleData>
            <SimpleData name="CÈdula_Ti">-</SimpleData>
            <SimpleData name="SituaciÛn">-</SimpleData>
            <SimpleData name="Comunidad">Ind?gena</SimpleData>
            <SimpleData name="Modelo_imp">Modelo 2</SimpleData>
            <SimpleData name="Departamen">CANINDEYU</SimpleData>
            <SimpleData name="Distrito">VILLA YGATIM?</SimpleData>
            <SimpleData name="Localidad">COM INDIG MBOI JAGUA - CENTRO</SimpleData>
            <SimpleData name="TelÈfono">973296432</SimpleData>
            <SimpleData name="Vivienda_L">-24.12055000000</SimpleData>
            <SimpleData name="Vivienda_1">-55.58074330000</SimpleData>
            <SimpleData name="Superficie">0.80000000000</SimpleData>
            <SimpleData name="Situaci_1">Parametro</SimpleData>
            <SimpleData name="Plantado">Si</SimpleData>
            <SimpleData name="Parcela_La">-24.11959631000</SimpleData>
            <SimpleData name="Parcela_Lo">-55.58005080000</SimpleData>
            <SimpleData name="Grupo_Impl">G2</SimpleData>
            <SimpleData name="Grupo_de_P">H-P14-XX-XX-XX</SimpleData>
            <SimpleData name="Jornales">0.00000000000</SimpleData>
            <SimpleData name="Monto">0.00000000000</SimpleData>
            <SimpleData name="ETAPA_FAO">Mantenimiento A?o 1.1</SimpleData>
            <SimpleData name="Asistencia">-</SimpleData>
            <SimpleData name="Estado_del">Activo</SimpleData>
            <SimpleData name="Empresa">Hyh Consultores SRL</SimpleData>
            <SimpleData name="Lote">H</SimpleData>
            <SimpleData name="Monitorear">Si</SimpleData>
            <SimpleData name="Fecha_de_M">-</SimpleData>
            <SimpleData name="F__de_pren">-</SimpleData>
            <SimpleData name="Estado_FAO">Monitorear</SimpleData>
            <SimpleData name="Etapa_de_i">Mantenimiento A?o 1.1</SimpleData>
            <SimpleData name="Fecha_visi">2026/08/27</SimpleData>
            <SimpleData name="Cumple_sup">Si</SimpleData>
            <SimpleData name="Estado_mon">-</SimpleData>
            <SimpleData name="Situaci_12">-</SimpleData>
            <SimpleData name="Observaci">-</SimpleData>
            <SimpleData name="Dias_trans">10.50584490740</SimpleData>
            <SimpleData name="Prioridad">ALTA</SimpleData>
            <SimpleData name="OBJECTID_1">370</SimpleData>
          </SchemaData>
        </ExtendedData>
        <Point>
          <coordinates>
            -55.5800508029377,-24.1195963124669,0
          </coordinates>
        </Point>
      </Placemark>
      <Placemark id="Distrito_VILLA_YGATIM__.18">
        <ExtendedData>
          <SchemaData schemaUrl="#Distrito_VILLA_YGATIM__.schema">
            <SimpleData name="CÈdula">5316151.00000000000</SimpleData>
            <SimpleData name="cedula">5316151</SimpleData>
            <SimpleData name="CÈdula_1">5316151.00000000000</SimpleData>
            <SimpleData name="N">67.00000000000</SimpleData>
            <SimpleData name="Nombres_y_">MARILDA VERA GONZALEZ</SimpleData>
            <SimpleData name="Sexo">Mujer</SimpleData>
            <SimpleData name="Cambio_de_">NO</SimpleData>
            <SimpleData name="Titular_se">NO</SimpleData>
            <SimpleData name="CÈdula_Ti">-</SimpleData>
            <SimpleData name="SituaciÛn">NO</SimpleData>
            <SimpleData name="Comunidad">Ind?gena</SimpleData>
            <SimpleData name="Modelo_imp">Modelo 2</SimpleData>
            <SimpleData name="Departamen">CANINDEYU</SimpleData>
            <SimpleData name="Distrito">VILLA YGATIM?</SimpleData>
            <SimpleData name="Localidad">COM INDIG MBOI JAGUA ? CENTRO</SimpleData>
            <SimpleData name="TelÈfono">0983889958</SimpleData>
            <SimpleData name="Vivienda_L">-24.12175970000</SimpleData>
            <SimpleData name="Vivienda_1">-55.57926690000</SimpleData>
            <SimpleData name="Superficie">0.80000000000</SimpleData>
            <SimpleData name="Situaci_1">Pol?gono</SimpleData>
            <SimpleData name="Plantado">Si</SimpleData>
            <SimpleData name="Parcela_La">-24.12295510000</SimpleData>
            <SimpleData name="Parcela_Lo">-55.57980461000</SimpleData>
            <SimpleData name="Grupo_Impl">G2</SimpleData>
            <SimpleData name="Grupo_de_P">H-P2-P10P10-XX-XX</SimpleData>
            <SimpleData name="Jornales">4.00000000000</SimpleData>
            <SimpleData name="Monto">446008.00000000000</SimpleData>
            <SimpleData name="ETAPA_FAO">Mantenimiento A?o 1.2</SimpleData>
            <SimpleData name="Asistencia">-</SimpleData>
            <SimpleData name="Estado_del">Activo</SimpleData>
            <SimpleData name="Empresa">Hyh Consultores SRL</SimpleData>
            <SimpleData name="Lote">H</SimpleData>
            <SimpleData name="Monitorear">Si</SimpleData>
            <SimpleData name="Fecha_de_M">23/7/2026</SimpleData>
            <SimpleData name="F__de_pren">80</SimpleData>
            <SimpleData name="Estado_FAO">Monitorear Reposicion</SimpleData>
            <SimpleData name="Etapa_de_i">Mantenimiento A?o 1.2</SimpleData>
            <SimpleData name="Fecha_visi">2026/09/04</SimpleData>
            <SimpleData name="Cumple_sup">-</SimpleData>
            <SimpleData name="Estado_mon">??????NO CUMPLE??????</SimpleData>
            <SimpleData name="Situaci_12">Al momento del monitoreo de mantenimiento y asistencia t?cnica se observa que la parcela no cumple con las especificaciones t?cnicas establecidas. Se sugiere reposici?n de plantines de especies forestales nativas y eucalipto y control de hormigas cort</SimpleData>
            <SimpleData name="Observaci">-</SimpleData>
            <SimpleData name="Dias_trans">2.30267361111</SimpleData>
            <SimpleData name="Prioridad">ALTA</SimpleData>
            <SimpleData name="OBJECTID_1">67</SimpleData>
          </SchemaData>
        </ExtendedData>
        <Point>
          <coordinates>
            -55.579804611523,-24.1229550977879,0
          </coordinates>
        </Point>
      </Placemark>
      <Placemark id="Distrito_VILLA_YGATIM__.19">
        <ExtendedData>
          <SchemaData schemaUrl="#Distrito_VILLA_YGATIM__.schema">
            <SimpleData name="CÈdula">3330550.00000000000</SimpleData>
            <SimpleData name="cedula">3330550</SimpleData>
            <SimpleData name="CÈdula_1">3330550.00000000000</SimpleData>
            <SimpleData name="N">84.00000000000</SimpleData>
            <SimpleData name="Nombres_y_">LIDIA VILLALBA MARTINEZ</SimpleData>
            <SimpleData name="Sexo">Mujer</SimpleData>
            <SimpleData name="Cambio_de_">NO</SimpleData>
            <SimpleData name="Titular_se">NO</SimpleData>
            <SimpleData name="CÈdula_Ti">-</SimpleData>
            <SimpleData name="SituaciÛn">NO</SimpleData>
            <SimpleData name="Comunidad">Ind?gena</SimpleData>
            <SimpleData name="Modelo_imp">Modelo 1</SimpleData>
            <SimpleData name="Departamen">CANINDEYU</SimpleData>
            <SimpleData name="Distrito">VILLA YGATIM?</SimpleData>
            <SimpleData name="Localidad">COM INDIG CHUPA POU</SimpleData>
            <SimpleData name="TelÈfono">0982218450</SimpleData>
            <SimpleData name="Vivienda_L">-24.21321160000</SimpleData>
            <SimpleData name="Vivienda_1">-55.66989370000</SimpleData>
            <SimpleData name="Superficie">0.80000000000</SimpleData>
            <SimpleData name="Situaci_1">Pol?gono</SimpleData>
            <SimpleData name="Plantado">Si</SimpleData>
            <SimpleData name="Parcela_La">-24.21401955000</SimpleData>
            <SimpleData name="Parcela_Lo">-55.67028253000</SimpleData>
            <SimpleData name="Grupo_Impl">G2</SimpleData>
            <SimpleData name="Grupo_de_P">H-P2-P10P10-XX-XX</SimpleData>
            <SimpleData name="Jornales">4.00000000000</SimpleData>
            <SimpleData name="Monto">446008.00000000000</SimpleData>
            <SimpleData name="ETAPA_FAO">Mantenimiento A?o 1.2</SimpleData>
            <SimpleData name="Asistencia">-</SimpleData>
            <SimpleData name="Estado_del">Activo</SimpleData>
            <SimpleData name="Empresa">Hyh Consultores SRL</SimpleData>
            <SimpleData name="Lote">H</SimpleData>
            <SimpleData name="Monitorear">No</SimpleData>
            <SimpleData name="Fecha_de_M">-</SimpleData>
            <SimpleData name="F__de_pren">-</SimpleData>
            <SimpleData name="Estado_FAO">Monitorear</SimpleData>
            <SimpleData name="Etapa_de_i">Mantenimiento A?o 1.2</SimpleData>
            <SimpleData name="Fecha_visi">2026/09/02</SimpleData>
            <SimpleData name="Cumple_sup">Si</SimpleData>
            <SimpleData name="Estado_mon">-</SimpleData>
            <SimpleData name="Situaci_12">-</SimpleData>
            <SimpleData name="Observaci">-</SimpleData>
            <SimpleData name="Dias_trans">4.40599537037</SimpleData>
            <SimpleData name="Prioridad">ALTA</SimpleData>
            <SimpleData name="OBJECTID_1">84</SimpleData>
          </SchemaData>
        </ExtendedData>
        <Point>
          <coordinates>
            -55.6702825256756,-24.21401955217,0
          </coordinates>
        </Point>
      </Placemark>
      <Placemark id="Distrito_VILLA_YGATIM__.20">
        <ExtendedData>
          <SchemaData schemaUrl="#Distrito_VILLA_YGATIM__.schema">
            <SimpleData name="CÈdula">7295040.00000000000</SimpleData>
            <SimpleData name="cedula">7295040</SimpleData>
            <SimpleData name="CÈdula_1">7295040.00000000000</SimpleData>
            <SimpleData name="N">136.00000000000</SimpleData>
            <SimpleData name="Nombres_y_">SUNI AVALOS MARTINEZ</SimpleData>
            <SimpleData name="Sexo">Mujer</SimpleData>
            <SimpleData name="Cambio_de_">NO</SimpleData>
            <SimpleData name="Titular_se">NO</SimpleData>
            <SimpleData name="CÈdula_Ti">-</SimpleData>
            <SimpleData name="SituaciÛn">NO</SimpleData>
            <SimpleData name="Comunidad">Ind?gena</SimpleData>
            <SimpleData name="Modelo_imp">Modelo 1</SimpleData>
            <SimpleData name="Departamen">CANINDEYU</SimpleData>
            <SimpleData name="Distrito">VILLA YGATIM?</SimpleData>
            <SimpleData name="Localidad">COM INDIG SAN ANTONIO</SimpleData>
            <SimpleData name="TelÈfono">0986396487</SimpleData>
            <SimpleData name="Vivienda_L">-24.06528580000</SimpleData>
            <SimpleData name="Vivienda_1">-55.74005530000</SimpleData>
            <SimpleData name="Superficie">0.80000000000</SimpleData>
            <SimpleData name="Situaci_1">Par?metro</SimpleData>
            <SimpleData name="Plantado">Si</SimpleData>
            <SimpleData name="Parcela_La">-24.06332300000</SimpleData>
            <SimpleData name="Parcela_Lo">-55.73841475000</SimpleData>
            <SimpleData name="Grupo_Impl">G2</SimpleData>
            <SimpleData name="Grupo_de_P">H-P14-XX-XX-XX</SimpleData>
            <SimpleData name="Jornales">0.00000000000</SimpleData>
            <SimpleData name="Monto">0.00000000000</SimpleData>
            <SimpleData name="ETAPA_FAO">Mantenimiento A?o 1.1</SimpleData>
            <SimpleData name="Asistencia">-</SimpleData>
            <SimpleData name="Estado_del">Activo</SimpleData>
            <SimpleData name="Empresa">Hyh Consultores SRL</SimpleData>
            <SimpleData name="Lote">H</SimpleData>
            <SimpleData name="Monitorear">No</SimpleData>
            <SimpleData name="Fecha_de_M">-</SimpleData>
            <SimpleData name="F__de_pren">-</SimpleData>
            <SimpleData name="Estado_FAO">Verificar posible desercion</SimpleData>
            <SimpleData name="Etapa_de_i">Mantenimiento A?o 1.1</SimpleData>
            <SimpleData name="Fecha_visi">2026/08/26</SimpleData>
            <SimpleData name="Cumple_sup">-</SimpleData>
            <SimpleData name="Estado_mon">-</SimpleData>
            <SimpleData name="Situaci_12">-</SimpleData>
            <SimpleData name="Observaci">Falta de inter?s o no ve el beneficio;No hay inter?s</SimpleData>
            <SimpleData name="Dias_trans">11.60764108800</SimpleData>
            <SimpleData name="Prioridad">ALTA</SimpleData>
            <SimpleData name="OBJECTID_1">136</SimpleData>
          </SchemaData>
        </ExtendedData>
        <Point>
          <coordinates>
            -55.738414754223,-24.0633229967384,0
          </coordinates>
        </Point>
      </Placemark>
      <Placemark id="Distrito_VILLA_YGATIM__.21">
        <ExtendedData>
          <SchemaData schemaUrl="#Distrito_VILLA_YGATIM__.schema">
            <SimpleData name="CÈdula">6349340.00000000000</SimpleData>
            <SimpleData name="cedula">6349340</SimpleData>
            <SimpleData name="CÈdula_1">6349340.00000000000</SimpleData>
            <SimpleData name="N">332.00000000000</SimpleData>
            <SimpleData name="Nombres_y_">LIZ MABEL CHEJUGI JAVAGI VYGYGI</SimpleData>
            <SimpleData name="Sexo">Mujer</SimpleData>
            <SimpleData name="Cambio_de_">NO</SimpleData>
            <SimpleData name="Titular_se">NO</SimpleData>
            <SimpleData name="CÈdula_Ti">-</SimpleData>
            <SimpleData name="SituaciÛn">NO</SimpleData>
            <SimpleData name="Comunidad">Ind?gena</SimpleData>
            <SimpleData name="Modelo_imp">Modelo 4</SimpleData>
            <SimpleData name="Departamen">CANINDEYU</SimpleData>
            <SimpleData name="Distrito">VILLA YGATIM?</SimpleData>
            <SimpleData name="Localidad">COM INDIG CHUPA POU</SimpleData>
            <SimpleData name="TelÈfono">1234567890</SimpleData>
            <SimpleData name="Vivienda_L">-24.21688670000</SimpleData>
            <SimpleData name="Vivienda_1">-55.66428000000</SimpleData>
            <SimpleData name="Superficie">0.70000000000</SimpleData>
            <SimpleData name="Situaci_1">Pol?gono</SimpleData>
            <SimpleData name="Plantado">Si</SimpleData>
            <SimpleData name="Parcela_La">-24.21926775000</SimpleData>
            <SimpleData name="Parcela_Lo">-55.70654302000</SimpleData>
            <SimpleData name="Grupo_Impl">G2</SimpleData>
            <SimpleData name="Grupo_de_P">H-P3-P10P10-XX-XX</SimpleData>
            <SimpleData name="Jornales">4.00000000000</SimpleData>
            <SimpleData name="Monto">446008.00000000000</SimpleData>
            <SimpleData name="ETAPA_FAO">Mantenimiento A?o 1.2</SimpleData>
            <SimpleData name="Asistencia">-</SimpleData>
            <SimpleData name="Estado_del">Activo</SimpleData>
            <SimpleData name="Empresa">Hyh Consultores SRL</SimpleData>
            <SimpleData name="Lote">H</SimpleData>
            <SimpleData name="Monitorear">No</SimpleData>
            <SimpleData name="Fecha_de_M">-</SimpleData>
            <SimpleData name="F__de_pren">-</SimpleData>
            <SimpleData name="Estado_FAO">Monitorear</SimpleData>
            <SimpleData name="Etapa_de_i">Mantenimiento A?o 1.2</SimpleData>
            <SimpleData name="Fecha_visi">2026/07/08</SimpleData>
            <SimpleData name="Cumple_sup">Si</SimpleData>
            <SimpleData name="Estado_mon">-</SimpleData>
            <SimpleData name="Situaci_12">-</SimpleData>
            <SimpleData name="Observaci">-</SimpleData>
            <SimpleData name="Dias_trans">60.59611111110</SimpleData>
            <SimpleData name="Prioridad">ALTA</SimpleData>
            <SimpleData name="OBJECTID_1">332</SimpleData>
          </SchemaData>
        </ExtendedData>
        <Point>
          <coordinates>
            -55.7065430211186,-24.219267750888,0
          </coordinates>
        </Point>
      </Placemark>
      <Placemark id="Distrito_VILLA_YGATIM__.22">
        <ExtendedData>
          <SchemaData schemaUrl="#Distrito_VILLA_YGATIM__.schema">
            <SimpleData name="CÈdula">6349352.00000000000</SimpleData>
            <SimpleData name="cedula">6349352</SimpleData>
            <SimpleData name="CÈdula_1">6349352.00000000000</SimpleData>
            <SimpleData name="N">95.00000000000</SimpleData>
            <SimpleData name="Nombres_y_">ANDREA MBECHEPEGI PAYVAGI DE DUARTE</SimpleData>
            <SimpleData name="Sexo">Mujer</SimpleData>
            <SimpleData name="Cambio_de_">NO</SimpleData>
            <SimpleData name="Titular_se">NO</SimpleData>
            <SimpleData name="CÈdula_Ti">-</SimpleData>
            <SimpleData name="SituaciÛn">NO</SimpleData>
            <SimpleData name="Comunidad">Ind?gena</SimpleData>
            <SimpleData name="Modelo_imp">Modelo 4</SimpleData>
            <SimpleData name="Departamen">CANINDEYU</SimpleData>
            <SimpleData name="Distrito">VILLA YGATIM?</SimpleData>
            <SimpleData name="Localidad">COM INDIG CHUPA POU</SimpleData>
            <SimpleData name="TelÈfono">No tiene</SimpleData>
            <SimpleData name="Vivienda_L">-24.21154950000</SimpleData>
            <SimpleData name="Vivienda_1">-55.67158080000</SimpleData>
            <SimpleData name="Superficie">0.70000000000</SimpleData>
            <SimpleData name="Situaci_1">Pol?gono</SimpleData>
            <SimpleData name="Plantado">Si</SimpleData>
            <SimpleData name="Parcela_La">-24.22396486000</SimpleData>
            <SimpleData name="Parcela_Lo">-55.70906456000</SimpleData>
            <SimpleData name="Grupo_Impl">G2</SimpleData>
            <SimpleData name="Grupo_de_P">H-P2-P10P10-XX-XX</SimpleData>
            <SimpleData name="Jornales">4.00000000000</SimpleData>
            <SimpleData name="Monto">446008.00000000000</SimpleData>
            <SimpleData name="ETAPA_FAO">Mantenimiento A?o 1.2</SimpleData>
            <SimpleData name="Asistencia">-</SimpleData>
            <SimpleData name="Estado_del">Activo</SimpleData>
            <SimpleData name="Empresa">Hyh Consultores SRL</SimpleData>
            <SimpleData name="Lote">H</SimpleData>
            <SimpleData name="Monitorear">No</SimpleData>
            <SimpleData name="Fecha_de_M">-</SimpleData>
            <SimpleData name="F__de_pren">-</SimpleData>
            <SimpleData name="Estado_FAO">Monitorear</SimpleData>
            <SimpleData name="Etapa_de_i">Mantenimiento A?o 1.2</SimpleData>
            <SimpleData name="Fecha_visi">2026/08/20</SimpleData>
            <SimpleData name="Cumple_sup">Si</SimpleData>
            <SimpleData name="Estado_mon">-</SimpleData>
            <SimpleData name="Situaci_12">-</SimpleData>
            <SimpleData name="Observaci">-</SimpleData>
            <SimpleData name="Dias_trans">17.19887731480</SimpleData>
            <SimpleData name="Prioridad">ALTA</SimpleData>
            <SimpleData name="OBJECTID_1">95</SimpleData>
          </SchemaData>
        </ExtendedData>
        <Point>
          <coordinates>
            -55.709064560583,-24.2239648556618,0
          </coordinates>
        </Point>
      </Placemark>
      <Placemark id="Distrito_VILLA_YGATIM__.23">
        <ExtendedData>
          <SchemaData schemaUrl="#Distrito_VILLA_YGATIM__.schema">
            <SimpleData name="CÈdula">6740324.00000000000</SimpleData>
            <SimpleData name="cedula">6740324</SimpleData>
            <SimpleData name="CÈdula_1">6740324.00000000000</SimpleData>
            <SimpleData name="N">109.00000000000</SimpleData>
            <SimpleData name="Nombres_y_">CARINA CHAMORRO DELMONTE</SimpleData>
            <SimpleData name="Sexo">Mujer</SimpleData>
            <SimpleData name="Cambio_de_">NO</SimpleData>
            <SimpleData name="Titular_se">NO</SimpleData>
            <SimpleData name="CÈdula_Ti">-</SimpleData>
            <SimpleData name="SituaciÛn">NO</SimpleData>
            <SimpleData name="Comunidad">Ind?gena</SimpleData>
            <SimpleData name="Modelo_imp">Modelo 2</SimpleData>
            <SimpleData name="Departamen">CANINDEYU</SimpleData>
            <SimpleData name="Distrito">VILLA YGATIM?</SimpleData>
            <SimpleData name="Localidad">COM INDIG ARROYO MOKOI - YVA POTY</SimpleData>
            <SimpleData name="TelÈfono">0986889458</SimpleData>
            <SimpleData name="Vivienda_L">-24.03806210000</SimpleData>
            <SimpleData name="Vivienda_1">-55.53394300000</SimpleData>
            <SimpleData name="Superficie">0.80000000000</SimpleData>
            <SimpleData name="Situaci_1">Pol?gono</SimpleData>
            <SimpleData name="Plantado">Si</SimpleData>
            <SimpleData name="Parcela_La">-24.03844089000</SimpleData>
            <SimpleData name="Parcela_Lo">-55.53311654000</SimpleData>
            <SimpleData name="Grupo_Impl">G2</SimpleData>
            <SimpleData name="Grupo_de_P">H-P5-XX-XX-XX</SimpleData>
            <SimpleData name="Jornales">0.00000000000</SimpleData>
            <SimpleData name="Monto">0.00000000000</SimpleData>
            <SimpleData name="ETAPA_FAO">Mantenimiento A?o 1.1</SimpleData>
            <SimpleData name="Asistencia">-</SimpleData>
            <SimpleData name="Estado_del">Activo</SimpleData>
            <SimpleData name="Empresa">Hyh Consultores SRL</SimpleData>
            <SimpleData name="Lote">H</SimpleData>
            <SimpleData name="Monitorear">No</SimpleData>
            <SimpleData name="Fecha_de_M">16/7/2026</SimpleData>
            <SimpleData name="F__de_pren">60</SimpleData>
            <SimpleData name="Estado_FAO">Monitorear Reposicion</SimpleData>
            <SimpleData name="Etapa_de_i">Mantenimiento A?o 1.1</SimpleData>
            <SimpleData name="Fecha_visi">2026/08/29</SimpleData>
            <SimpleData name="Cumple_sup">-</SimpleData>
            <SimpleData name="Estado_mon">??????NO CUMPLE??????</SimpleData>
            <SimpleData name="Situaci_12">Al momento  del monitoreo de mantenimiento y asistencia t?cnica se observa que la parcela no cumple con las especificaciones t?cnicas establecidas. Se visualiza una alta cantidad de especies forestales nativas y de r?pido crecimiento prendimiento. Se</SimpleData>
            <SimpleData name="Observaci">-</SimpleData>
            <SimpleData name="Dias_trans">8.53750000000</SimpleData>
            <SimpleData name="Prioridad">ALTA</SimpleData>
            <SimpleData name="OBJECTID_1">109</SimpleData>
          </SchemaData>
        </ExtendedData>
        <Point>
          <coordinates>
            -55.533116539891,-24.0384408901852,0
          </coordinates>
        </Point>
      </Placemark>
      <Placemark id="Distrito_VILLA_YGATIM__.24">
        <ExtendedData>
          <SchemaData schemaUrl="#Distrito_VILLA_YGATIM__.schema">
            <SimpleData name="CÈdula">4180676.00000000000</SimpleData>
            <SimpleData name="cedula">4180676</SimpleData>
            <SimpleData name="CÈdula_1">4180676.00000000000</SimpleData>
            <SimpleData name="N">87.00000000000</SimpleData>
            <SimpleData name="Nombres_y_">INOCENCIA GONZALEZ GAUTO</SimpleData>
            <SimpleData name="Sexo">Mujer</SimpleData>
            <SimpleData name="Cambio_de_">NO</SimpleData>
            <SimpleData name="Titular_se">NO</SimpleData>
            <SimpleData name="CÈdula_Ti">-</SimpleData>
            <SimpleData name="SituaciÛn">NO</SimpleData>
            <SimpleData name="Comunidad">Ind?gena</SimpleData>
            <SimpleData name="Modelo_imp">Modelo 6</SimpleData>
            <SimpleData name="Departamen">CANINDEYU</SimpleData>
            <SimpleData name="Distrito">VILLA YGATIM?</SimpleData>
            <SimpleData name="Localidad">COM INDIG ITANARAMI 8 DE DICIEMBRE</SimpleData>
            <SimpleData name="TelÈfono">0981153533</SimpleData>
            <SimpleData name="Vivienda_L">-24.08781770000</SimpleData>
            <SimpleData name="Vivienda_1">-55.70266220000</SimpleData>
            <SimpleData name="Superficie">0.90000000000</SimpleData>
            <SimpleData name="Situaci_1">Pol?gono</SimpleData>
            <SimpleData name="Plantado">Si</SimpleData>
            <SimpleData name="Parcela_La">-24.08844971000</SimpleData>
            <SimpleData name="Parcela_Lo">-55.70327349000</SimpleData>
            <SimpleData name="Grupo_Impl">G2</SimpleData>
            <SimpleData name="Grupo_de_P">H-P2-XX-XX-XX</SimpleData>
            <SimpleData name="Jornales">0.00000000000</SimpleData>
            <SimpleData name="Monto">0.00000000000</SimpleData>
            <SimpleData name="ETAPA_FAO">Mantenimiento A?o 1.1</SimpleData>
            <SimpleData name="Asistencia">-</SimpleData>
            <SimpleData name="Estado_del">Activo</SimpleData>
            <SimpleData name="Empresa">Hyh Consultores SRL</SimpleData>
            <SimpleData name="Lote">H</SimpleData>
            <SimpleData name="Monitorear">No</SimpleData>
            <SimpleData name="Fecha_de_M">12/3/2026</SimpleData>
            <SimpleData name="F__de_pren">20</SimpleData>
            <SimpleData name="Estado_FAO">Verificar posible desercion</SimpleData>
            <SimpleData name="Etapa_de_i">Mantenimiento A?o 1.1</SimpleData>
            <SimpleData name="Fecha_visi">2026/09/01</SimpleData>
            <SimpleData name="Cumple_sup">-</SimpleData>
            <SimpleData name="Estado_mon">??????NO CUMPLE??????</SimpleData>
            <SimpleData name="Situaci_12">-</SimpleData>
            <SimpleData name="Observaci">Falta de inter?s o no ve el beneficio;Parcela abandonada</SimpleData>
            <SimpleData name="Dias_trans">5.34546197917</SimpleData>
            <SimpleData name="Prioridad">ALTA</SimpleData>
            <SimpleData name="OBJECTID_1">87</SimpleData>
          </SchemaData>
        </ExtendedData>
        <Point>
          <coordinates>
            -55.703273486325,-24.0884497124442,0
          </coordinates>
        </Point>
      </Placemark>
      <Placemark id="Distrito_VILLA_YGATIM__.25">
        <ExtendedData>
          <SchemaData schemaUrl="#Distrito_VILLA_YGATIM__.schema">
            <SimpleData name="CÈdula">7758241.00000000000</SimpleData>
            <SimpleData name="cedula">7758241</SimpleData>
            <SimpleData name="CÈdula_1">7758241.00000000000</SimpleData>
            <SimpleData name="N">333.00000000000</SimpleData>
            <SimpleData name="Nombres_y_">CERAFINA  TATUGI</SimpleData>
            <SimpleData name="Sexo">Mujer</SimpleData>
            <SimpleData name="Cambio_de_">NO</SimpleData>
            <SimpleData name="Titular_se">NO</SimpleData>
            <SimpleData name="CÈdula_Ti">-</SimpleData>
            <SimpleData name="SituaciÛn">NO</SimpleData>
            <SimpleData name="Comunidad">Ind?gena</SimpleData>
            <SimpleData name="Modelo_imp">Modelo 4</SimpleData>
            <SimpleData name="Departamen">CANINDEYU</SimpleData>
            <SimpleData name="Distrito">VILLA YGATIM?</SimpleData>
            <SimpleData name="Localidad">COM INDIG CHUPA POU</SimpleData>
            <SimpleData name="TelÈfono">1234567890</SimpleData>
            <SimpleData name="Vivienda_L">-24.20869830000</SimpleData>
            <SimpleData name="Vivienda_1">-55.67762330000</SimpleData>
            <SimpleData name="Superficie">0.70000000000</SimpleData>
            <SimpleData name="Situaci_1">Pol?gono</SimpleData>
            <SimpleData name="Plantado">Si</SimpleData>
            <SimpleData name="Parcela_La">-24.21935191000</SimpleData>
            <SimpleData name="Parcela_Lo">-55.70903585000</SimpleData>
            <SimpleData name="Grupo_Impl">G2</SimpleData>
            <SimpleData name="Grupo_de_P">H-P3-P10P10-XX-XX</SimpleData>
            <SimpleData name="Jornales">4.00000000000</SimpleData>
            <SimpleData name="Monto">446008.00000000000</SimpleData>
            <SimpleData name="ETAPA_FAO">Mantenimiento A?o 1.2</SimpleData>
            <SimpleData name="Asistencia">-</SimpleData>
            <SimpleData name="Estado_del">Activo</SimpleData>
            <SimpleData name="Empresa">Hyh Consultores SRL</SimpleData>
            <SimpleData name="Lote">H</SimpleData>
            <SimpleData name="Monitorear">No</SimpleData>
            <SimpleData name="Fecha_de_M">-</SimpleData>
            <SimpleData name="F__de_pren">-</SimpleData>
            <SimpleData name="Estado_FAO">Monitorear</SimpleData>
            <SimpleData name="Etapa_de_i">Mantenimiento A?o 1.2</SimpleData>
            <SimpleData name="Fecha_visi">2026/07/08</SimpleData>
            <SimpleData name="Cumple_sup">Si</SimpleData>
            <SimpleData name="Estado_mon">-</SimpleData>
            <SimpleData name="Situaci_12">-</SimpleData>
            <SimpleData name="Observaci">-</SimpleData>
            <SimpleData name="Dias_trans">60.59479166670</SimpleData>
            <SimpleData name="Prioridad">ALTA</SimpleData>
            <SimpleData name="OBJECTID_1">333</SimpleData>
          </SchemaData>
        </ExtendedData>
        <Point>
          <coordinates>
            -55.7090358470288,-24.2193519081127,0
          </coordinates>
        </Point>
      </Placemark>
      <Placemark id="Distrito_VILLA_YGATIM__.26">
        <ExtendedData>
          <SchemaData schemaUrl="#Distrito_VILLA_YGATIM__.schema">
            <SimpleData name="CÈdula">5073836.00000000000</SimpleData>
            <SimpleData name="cedula">5073836</SimpleData>
            <SimpleData name="CÈdula_1">5073836.00000000000</SimpleData>
            <SimpleData name="N">116.00000000000</SimpleData>
            <SimpleData name="Nombres_y_">RAMONA ITURBE</SimpleData>
            <SimpleData name="Sexo">Mujer</SimpleData>
            <SimpleData name="Cambio_de_">NO</SimpleData>
            <SimpleData name="Titular_se">NO</SimpleData>
            <SimpleData name="CÈdula_Ti">-</SimpleData>
            <SimpleData name="SituaciÛn">NO</SimpleData>
            <SimpleData name="Comunidad">Ind?gena</SimpleData>
            <SimpleData name="Modelo_imp">Modelo 5</SimpleData>
            <SimpleData name="Departamen">CANINDEYU</SimpleData>
            <SimpleData name="Distrito">VILLA YGATIM?</SimpleData>
            <SimpleData name="Localidad">COM INDIG ITANARAMI CENTRO</SimpleData>
            <SimpleData name="TelÈfono">0984090718</SimpleData>
            <SimpleData name="Vivienda_L">-24.10381620000</SimpleData>
            <SimpleData name="Vivienda_1">-55.69456580000</SimpleData>
            <SimpleData name="Superficie">0.70000000000</SimpleData>
            <SimpleData name="Situaci_1">Pol?gono</SimpleData>
            <SimpleData name="Plantado">Si</SimpleData>
            <SimpleData name="Parcela_La">-24.09706804000</SimpleData>
            <SimpleData name="Parcela_Lo">-55.71119798000</SimpleData>
            <SimpleData name="Grupo_Impl">G2</SimpleData>
            <SimpleData name="Grupo_de_P">H-P3-XX-XX-XX</SimpleData>
            <SimpleData name="Jornales">0.00000000000</SimpleData>
            <SimpleData name="Monto">0.00000000000</SimpleData>
            <SimpleData name="ETAPA_FAO">Mantenimiento A?o 1.1</SimpleData>
            <SimpleData name="Asistencia">-</SimpleData>
            <SimpleData name="Estado_del">Activo</SimpleData>
            <SimpleData name="Empresa">Hyh Consultores SRL</SimpleData>
            <SimpleData name="Lote">H</SimpleData>
            <SimpleData name="Monitorear">No</SimpleData>
            <SimpleData name="Fecha_de_M">25/2/2026</SimpleData>
            <SimpleData name="F__de_pren">20</SimpleData>
            <SimpleData name="Estado_FAO">Monitorear Reposicion</SimpleData>
            <SimpleData name="Etapa_de_i">Mantenimiento A?o 1.1</SimpleData>
            <SimpleData name="Fecha_visi">2026/09/01</SimpleData>
            <SimpleData name="Cumple_sup">-</SimpleData>
            <SimpleData name="Estado_mon">??????NO CUMPLE??????</SimpleData>
            <SimpleData name="Situaci_12">En el momento del monitoreo no se observa plantines sobre vivientes por causas de las hormigas cortadoras y malezas de porte alto, recomendamos realizar reposiciones de las plantas perdidas.</SimpleData>
            <SimpleData name="Observaci">-</SimpleData>
            <SimpleData name="Dias_trans">5.25390046297</SimpleData>
            <SimpleData name="Prioridad">ALTA</SimpleData>
            <SimpleData name="OBJECTID_1">116</SimpleData>
          </SchemaData>
        </ExtendedData>
        <MultiGeometry>
          <Point>
            <coordinates>
              -55.7113700147772,-24.095990792864,0
            </coordinates>
          </Point>
          <Point>
            <coordinates>
              -55.7111979759929,-24.0970680400626,0
            </coordinates>
          </Point>
        </MultiGeometry>
      </Placemark>
      <Placemark id="Distrito_VILLA_YGATIM__.27">
        <ExtendedData>
          <SchemaData schemaUrl="#Distrito_VILLA_YGATIM__.schema">
            <SimpleData name="CÈdula">3792238.00000000000</SimpleData>
            <SimpleData name="cedula">3792238</SimpleData>
            <SimpleData name="CÈdula_1">3792238.00000000000</SimpleData>
            <SimpleData name="N">92.00000000000</SimpleData>
            <SimpleData name="Nombres_y_">FELIPE ITAPEGI</SimpleData>
            <SimpleData name="Sexo">Hombre</SimpleData>
            <SimpleData name="Cambio_de_">NO</SimpleData>
            <SimpleData name="Titular_se">NO</SimpleData>
            <SimpleData name="CÈdula_Ti">-</SimpleData>
            <SimpleData name="SituaciÛn">NO</SimpleData>
            <SimpleData name="Comunidad">Ind?gena</SimpleData>
            <SimpleData name="Modelo_imp">Modelo 1</SimpleData>
            <SimpleData name="Departamen">CANINDEYU</SimpleData>
            <SimpleData name="Distrito">VILLA YGATIM?</SimpleData>
            <SimpleData name="Localidad">COM INDIG CHUPA POU</SimpleData>
            <SimpleData name="TelÈfono">0986553936</SimpleData>
            <SimpleData name="Vivienda_L">-24.21243140000</SimpleData>
            <SimpleData name="Vivienda_1">-55.67035020000</SimpleData>
            <SimpleData name="Superficie">0.80000000000</SimpleData>
            <SimpleData name="Situaci_1">Pol?gono</SimpleData>
            <SimpleData name="Plantado">Si</SimpleData>
            <SimpleData name="Parcela_La">-24.21142377000</SimpleData>
            <SimpleData name="Parcela_Lo">-55.66973651000</SimpleData>
            <SimpleData name="Grupo_Impl">G2</SimpleData>
            <SimpleData name="Grupo_de_P">H-P2-P10P10-XX-XX</SimpleData>
            <SimpleData name="Jornales">4.00000000000</SimpleData>
            <SimpleData name="Monto">446008.00000000000</SimpleData>
            <SimpleData name="ETAPA_FAO">Mantenimiento A?o 1.2</SimpleData>
            <SimpleData name="Asistencia">-</SimpleData>
            <SimpleData name="Estado_del">Activo</SimpleData>
            <SimpleData name="Empresa">Hyh Consultores SRL</SimpleData>
            <SimpleData name="Lote">H</SimpleData>
            <SimpleData name="Monitorear">No</SimpleData>
            <SimpleData name="Fecha_de_M">21/7/2026</SimpleData>
            <SimpleData name="F__de_pren">80</SimpleData>
            <SimpleData name="Estado_FAO">Monitorear Reposicion</SimpleData>
            <SimpleData name="Etapa_de_i">Mantenimiento A?o 1.2</SimpleData>
            <SimpleData name="Fecha_visi">2026/09/01</SimpleData>
            <SimpleData name="Cumple_sup">-</SimpleData>
            <SimpleData name="Estado_mon">??????NO CUMPLE??????</SimpleData>
            <SimpleData name="Situaci_12">Al momento del monitoreo de mantenimiento y asistencia t?cnica se observa que la parcela no cumple con las especificaciones t?cnicas establecidas. Se sugiere reponer faltantes de especies de r?pido crecimiento y forestales nativas, adem?s de realizar</SimpleData>
            <SimpleData name="Observaci">-</SimpleData>
            <SimpleData name="Dias_trans">5.20746527778</SimpleData>
            <SimpleData name="Prioridad">ALTA</SimpleData>
            <SimpleData name="OBJECTID_1">92</SimpleData>
          </SchemaData>
        </ExtendedData>
        <Point>
          <coordinates>
            -55.6697365103041,-24.211423766749,0
          </coordinates>
        </Point>
      </Placemark>
      <Placemark id="Distrito_VILLA_YGATIM__.28">
        <ExtendedData>
          <SchemaData schemaUrl="#Distrito_VILLA_YGATIM__.schema">
            <SimpleData name="CÈdula">6742950.00000000000</SimpleData>
            <SimpleData name="cedula">6742950</SimpleData>
            <SimpleData name="CÈdula_1">6742950.00000000000</SimpleData>
            <SimpleData name="N">123.00000000000</SimpleData>
            <SimpleData name="Nombres_y_">DELIA NU EZ DUARTE</SimpleData>
            <SimpleData name="Sexo">Mujer</SimpleData>
            <SimpleData name="Cambio_de_">NO</SimpleData>
            <SimpleData name="Titular_se">NO</SimpleData>
            <SimpleData name="CÈdula_Ti">-</SimpleData>
            <SimpleData name="SituaciÛn">NO</SimpleData>
            <SimpleData name="Comunidad">Ind?gena</SimpleData>
            <SimpleData name="Modelo_imp">Modelo 1</SimpleData>
            <SimpleData name="Departamen">CANINDEYU</SimpleData>
            <SimpleData name="Distrito">VILLA YGATIM?</SimpleData>
            <SimpleData name="Localidad">COM INDIG MBOI JAGUA - CA?ADITA</SimpleData>
            <SimpleData name="TelÈfono">1234567890</SimpleData>
            <SimpleData name="Vivienda_L">-24.11944030000</SimpleData>
            <SimpleData name="Vivienda_1">-55.57120490000</SimpleData>
            <SimpleData name="Superficie">0.80000000000</SimpleData>
            <SimpleData name="Situaci_1">Parametro</SimpleData>
            <SimpleData name="Plantado">Si</SimpleData>
            <SimpleData name="Parcela_La">-24.12437131000</SimpleData>
            <SimpleData name="Parcela_Lo">-55.56355281000</SimpleData>
            <SimpleData name="Grupo_Impl">G2</SimpleData>
            <SimpleData name="Grupo_de_P">H-P12-XX-XX-XX</SimpleData>
            <SimpleData name="Jornales">0.00000000000</SimpleData>
            <SimpleData name="Monto">0.00000000000</SimpleData>
            <SimpleData name="ETAPA_FAO">Mantenimiento A?o 1.1</SimpleData>
            <SimpleData name="Asistencia">-</SimpleData>
            <SimpleData name="Estado_del">Activo</SimpleData>
            <SimpleData name="Empresa">Hyh Consultores SRL</SimpleData>
            <SimpleData name="Lote">H</SimpleData>
            <SimpleData name="Monitorear">Si</SimpleData>
            <SimpleData name="Fecha_de_M">14/7/2026</SimpleData>
            <SimpleData name="F__de_pren">70</SimpleData>
            <SimpleData name="Estado_FAO">Verificar posible desercion</SimpleData>
            <SimpleData name="Etapa_de_i">Mantenimiento A?o 1.1</SimpleData>
            <SimpleData name="Fecha_visi">2026/09/04</SimpleData>
            <SimpleData name="Cumple_sup">-</SimpleData>
            <SimpleData name="Estado_mon">?????? NO CUMPLE ??????</SimpleData>
            <SimpleData name="Situaci_12">-</SimpleData>
            <SimpleData name="Observaci">Incendios;Se quemo la parcela y no hay ninguna Planta</SimpleData>
            <SimpleData name="Dias_trans">2.66120840278</SimpleData>
            <SimpleData name="Prioridad">ALTA</SimpleData>
            <SimpleData name="OBJECTID_1">123</SimpleData>
          </SchemaData>
        </ExtendedData>
        <Point>
          <coordinates>
            -55.5635528108985,-24.1243713100985,0
          </coordinates>
        </Point>
      </Placemark>
      <Placemark id="Distrito_VILLA_YGATIM__.29">
        <ExtendedData>
          <SchemaData schemaUrl="#Distrito_VILLA_YGATIM__.schema">
            <SimpleData name="CÈdula">3892441.00000000000</SimpleData>
            <SimpleData name="cedula">3892441</SimpleData>
            <SimpleData name="CÈdula_1">3892441.00000000000</SimpleData>
            <SimpleData name="N">107.00000000000</SimpleData>
            <SimpleData name="Nombres_y_">CRISTINA VERA</SimpleData>
            <SimpleData name="Sexo">Mujer</SimpleData>
            <SimpleData name="Cambio_de_">NO</SimpleData>
            <SimpleData name="Titular_se">NO</SimpleData>
            <SimpleData name="CÈdula_Ti">-</SimpleData>
            <SimpleData name="SituaciÛn">NO</SimpleData>
            <SimpleData name="Comunidad">Ind?gena</SimpleData>
            <SimpleData name="Modelo_imp">Modelo 2</SimpleData>
            <SimpleData name="Departamen">CANINDEYU</SimpleData>
            <SimpleData name="Distrito">VILLA YGATIM?</SimpleData>
            <SimpleData name="Localidad">COM INDIG ITANARAMI CENTRO</SimpleData>
            <SimpleData name="TelÈfono">No tiene</SimpleData>
            <SimpleData name="Vivienda_L">-24.10728200000</SimpleData>
            <SimpleData name="Vivienda_1">-55.69283820000</SimpleData>
            <SimpleData name="Superficie">0.80000000000</SimpleData>
            <SimpleData name="Situaci_1">Par?metro</SimpleData>
            <SimpleData name="Plantado">Si</SimpleData>
            <SimpleData name="Parcela_La">-24.10251588000</SimpleData>
            <SimpleData name="Parcela_Lo">-55.69133190000</SimpleData>
            <SimpleData name="Grupo_Impl">G2</SimpleData>
            <SimpleData name="Grupo_de_P">H-P14-XX-XX-XX</SimpleData>
            <SimpleData name="Jornales">0.00000000000</SimpleData>
            <SimpleData name="Monto">0.00000000000</SimpleData>
            <SimpleData name="ETAPA_FAO">Mantenimiento A?o 1.1</SimpleData>
            <SimpleData name="Asistencia">-</SimpleData>
            <SimpleData name="Estado_del">Activo</SimpleData>
            <SimpleData name="Empresa">Hyh Consultores SRL</SimpleData>
            <SimpleData name="Lote">H</SimpleData>
            <SimpleData name="Monitorear">No</SimpleData>
            <SimpleData name="Fecha_de_M">-</SimpleData>
            <SimpleData name="F__de_pren">-</SimpleData>
            <SimpleData name="Estado_FAO">Verificar posible desercion</SimpleData>
            <SimpleData name="Etapa_de_i">Mantenimiento A?o 1.1</SimpleData>
            <SimpleData name="Fecha_visi">2026/08/26</SimpleData>
            <SimpleData name="Cumple_sup">-</SimpleData>
            <SimpleData name="Estado_mon">-</SimpleData>
            <SimpleData name="Situaci_12">-</SimpleData>
            <SimpleData name="Observaci">Falta de inter?s o no ve el beneficio;No hay inter?s</SimpleData>
            <SimpleData name="Dias_trans">11.56192671300</SimpleData>
            <SimpleData name="Prioridad">ALTA</SimpleData>
            <SimpleData name="OBJECTID_1">107</SimpleData>
          </SchemaData>
        </ExtendedData>
        <Point>
          <coordinates>
            -55.6910908123853,-24.1024304510434,0
          </coordinates>
        </Point>
      </Placemark>
      <Placemark id="Distrito_VILLA_YGATIM__.30">
        <ExtendedData>
          <SchemaData schemaUrl="#Distrito_VILLA_YGATIM__.schema">
            <SimpleData name="CÈdula">6349091.00000000000</SimpleData>
            <SimpleData name="cedula">6349091</SimpleData>
            <SimpleData name="CÈdula_1">6349091.00000000000</SimpleData>
            <SimpleData name="N">74.00000000000</SimpleData>
            <SimpleData name="Nombres_y_">ELODIA KRURUGI CHACHUGI JAMONGI</SimpleData>
            <SimpleData name="Sexo">Mujer</SimpleData>
            <SimpleData name="Cambio_de_">NO</SimpleData>
            <SimpleData name="Titular_se">NO</SimpleData>
            <SimpleData name="CÈdula_Ti">-</SimpleData>
            <SimpleData name="SituaciÛn">NO</SimpleData>
            <SimpleData name="Comunidad">Ind?gena</SimpleData>
            <SimpleData name="Modelo_imp">Modelo 1</SimpleData>
            <SimpleData name="Departamen">CANINDEYU</SimpleData>
            <SimpleData name="Distrito">VILLA YGATIM?</SimpleData>
            <SimpleData name="Localidad">COM INDIG CHUPA POU</SimpleData>
            <SimpleData name="TelÈfono">0986553777</SimpleData>
            <SimpleData name="Vivienda_L">-24.20915270000</SimpleData>
            <SimpleData name="Vivienda_1">-55.67564600000</SimpleData>
            <SimpleData name="Superficie">0.80000000000</SimpleData>
            <SimpleData name="Situaci_1">Pol?gono</SimpleData>
            <SimpleData name="Plantado">Si</SimpleData>
            <SimpleData name="Parcela_La">-24.19877670000</SimpleData>
            <SimpleData name="Parcela_Lo">-55.66640677000</SimpleData>
            <SimpleData name="Grupo_Impl">G2</SimpleData>
            <SimpleData name="Grupo_de_P">H-P2-P10P10-XX-XX</SimpleData>
            <SimpleData name="Jornales">4.00000000000</SimpleData>
            <SimpleData name="Monto">446008.00000000000</SimpleData>
            <SimpleData name="ETAPA_FAO">Mantenimiento A?o 1.2</SimpleData>
            <SimpleData name="Asistencia">-</SimpleData>
            <SimpleData name="Estado_del">Activo</SimpleData>
            <SimpleData name="Empresa">Hyh Consultores SRL</SimpleData>
            <SimpleData name="Lote">H</SimpleData>
            <SimpleData name="Monitorear">No</SimpleData>
            <SimpleData name="Fecha_de_M">-</SimpleData>
            <SimpleData name="F__de_pren">-</SimpleData>
            <SimpleData name="Estado_FAO">Monitorear</SimpleData>
            <SimpleData name="Etapa_de_i">Mantenimiento A?o 1.2</SimpleData>
            <SimpleData name="Fecha_visi">2026/08/30</SimpleData>
            <SimpleData name="Cumple_sup">Si</SimpleData>
            <SimpleData name="Estado_mon">-</SimpleData>
            <SimpleData name="Situaci_12">-</SimpleData>
            <SimpleData name="Observaci">-</SimpleData>
            <SimpleData name="Dias_trans">7.45932870371</SimpleData>
            <SimpleData name="Prioridad">ALTA</SimpleData>
            <SimpleData name="OBJECTID_1">74</SimpleData>
          </SchemaData>
        </ExtendedData>
        <Point>
          <coordinates>
            -55.6664067685344,-24.1987767005669,0
          </coordinates>
        </Point>
      </Placemark>
      <Placemark id="Distrito_VILLA_YGATIM__.31">
        <ExtendedData>
          <SchemaData schemaUrl="#Distrito_VILLA_YGATIM__.schema">
            <SimpleData name="CÈdula">6349311.00000000000</SimpleData>
            <SimpleData name="cedula">6349311</SimpleData>
            <SimpleData name="CÈdula_1">6349311.00000000000</SimpleData>
            <SimpleData name="N">75.00000000000</SimpleData>
            <SimpleData name="Nombres_y_">MARIA NAMBUGI MIRANDA TATUGI</SimpleData>
            <SimpleData name="Sexo">Mujer</SimpleData>
            <SimpleData name="Cambio_de_">NO</SimpleData>
            <SimpleData name="Titular_se">NO</SimpleData>
            <SimpleData name="CÈdula_Ti">-</SimpleData>
            <SimpleData name="SituaciÛn">NO</SimpleData>
            <SimpleData name="Comunidad">Ind?gena</SimpleData>
            <SimpleData name="Modelo_imp">Modelo 2</SimpleData>
            <SimpleData name="Departamen">CANINDEYU</SimpleData>
            <SimpleData name="Distrito">VILLA YGATIM?</SimpleData>
            <SimpleData name="Localidad">COM INDIG CHUPA POU</SimpleData>
            <SimpleData name="TelÈfono">0986557982</SimpleData>
            <SimpleData name="Vivienda_L">-24.20820810000</SimpleData>
            <SimpleData name="Vivienda_1">-55.67479310000</SimpleData>
            <SimpleData name="Superficie">0.80000000000</SimpleData>
            <SimpleData name="Situaci_1">Pol?gono</SimpleData>
            <SimpleData name="Plantado">Si</SimpleData>
            <SimpleData name="Parcela_La">-24.20758221000</SimpleData>
            <SimpleData name="Parcela_Lo">-55.67505323000</SimpleData>
            <SimpleData name="Grupo_Impl">G2</SimpleData>
            <SimpleData name="Grupo_de_P">H-P2-P10P10-XX-XX</SimpleData>
            <SimpleData name="Jornales">4.00000000000</SimpleData>
            <SimpleData name="Monto">446008.00000000000</SimpleData>
            <SimpleData name="ETAPA_FAO">Mantenimiento A?o 1.2</SimpleData>
            <SimpleData name="Asistencia">-</SimpleData>
            <SimpleData name="Estado_del">Activo</SimpleData>
            <SimpleData name="Empresa">Hyh Consultores SRL</SimpleData>
            <SimpleData name="Lote">H</SimpleData>
            <SimpleData name="Monitorear">No</SimpleData>
            <SimpleData name="Fecha_de_M">21/7/2026</SimpleData>
            <SimpleData name="F__de_pren">50</SimpleData>
            <SimpleData name="Estado_FAO">Monitorear Reposicion</SimpleData>
            <SimpleData name="Etapa_de_i">Mantenimiento A?o 1.2</SimpleData>
            <SimpleData name="Fecha_visi">2026/09/02</SimpleData>
            <SimpleData name="Cumple_sup">-</SimpleData>
            <SimpleData name="Estado_mon">??????NO CUMPLE??????</SimpleData>
            <SimpleData name="Situaci_12">Al momento del monitoreo de mantenimiento y asistencia t?cnica se observa que la parcela no cumple con las especificaciones t?cnicas establecidas.  Se verifica faltante de especies forestales nativas y eucalipto.  La reposici?n no se realiz? en la to</SimpleData>
            <SimpleData name="Observaci">-</SimpleData>
            <SimpleData name="Dias_trans">4.24476851852</SimpleData>
            <SimpleData name="Prioridad">ALTA</SimpleData>
            <SimpleData name="OBJECTID_1">75</SimpleData>
          </SchemaData>
        </ExtendedData>
        <Point>
          <coordinates>
            -55.6750532334071,-24.2075822093836,0
          </coordinates>
        </Point>
      </Placemark>
      <Placemark id="Distrito_VILLA_YGATIM__.32">
        <ExtendedData>
          <SchemaData schemaUrl="#Distrito_VILLA_YGATIM__.schema">
            <SimpleData name="CÈdula">5249994.00000000000</SimpleData>
            <SimpleData name="cedula">5249994</SimpleData>
            <SimpleData name="CÈdula_1">5249994.00000000000</SimpleData>
            <SimpleData name="N">104.00000000000</SimpleData>
            <SimpleData name="Nombres_y_">DOMINGA ROJAS GONZALEZ</SimpleData>
            <SimpleData name="Sexo">Mujer</SimpleData>
            <SimpleData name="Cambio_de_">NO</SimpleData>
            <SimpleData name="Titular_se">NO</SimpleData>
            <SimpleData name="CÈdula_Ti">-</SimpleData>
            <SimpleData name="SituaciÛn">NO</SimpleData>
            <SimpleData name="Comunidad">Ind?gena</SimpleData>
            <SimpleData name="Modelo_imp">Modelo 1</SimpleData>
            <SimpleData name="Departamen">CANINDEYU</SimpleData>
            <SimpleData name="Distrito">VILLA YGATIM?</SimpleData>
            <SimpleData name="Localidad">COM INDIG ITANARAMI 8 DE DICIEMBRE</SimpleData>
            <SimpleData name="TelÈfono">0983135986</SimpleData>
            <SimpleData name="Vivienda_L">-24.08537550000</SimpleData>
            <SimpleData name="Vivienda_1">-55.70399840000</SimpleData>
            <SimpleData name="Superficie">0.80000000000</SimpleData>
            <SimpleData name="Situaci_1">Par?metro</SimpleData>
            <SimpleData name="Plantado">Si</SimpleData>
            <SimpleData name="Parcela_La">-24.08682190000</SimpleData>
            <SimpleData name="Parcela_Lo">-55.71112110000</SimpleData>
            <SimpleData name="Grupo_Impl">G2</SimpleData>
            <SimpleData name="Grupo_de_P">H-P7-XX-XX-XX</SimpleData>
            <SimpleData name="Jornales">0.00000000000</SimpleData>
            <SimpleData name="Monto">0.00000000000</SimpleData>
            <SimpleData name="ETAPA_FAO">Mantenimiento A?o 1.1</SimpleData>
            <SimpleData name="Asistencia">-</SimpleData>
            <SimpleData name="Estado_del">Activo</SimpleData>
            <SimpleData name="Empresa">Hyh Consultores SRL</SimpleData>
            <SimpleData name="Lote">H</SimpleData>
            <SimpleData name="Monitorear">No</SimpleData>
            <SimpleData name="Fecha_de_M">16/7/2026</SimpleData>
            <SimpleData name="F__de_pren">85</SimpleData>
            <SimpleData name="Estado_FAO">Monitorear Reposicion</SimpleData>
            <SimpleData name="Etapa_de_i">Mantenimiento A?o 1.1</SimpleData>
            <SimpleData name="Fecha_visi">2026/09/02</SimpleData>
            <SimpleData name="Cumple_sup">-</SimpleData>
            <SimpleData name="Estado_mon">??????NO CUMPLE??????</SimpleData>
            <SimpleData name="Situaci_12">Se visualiza picada de gramineas invasoras(pasto colonial) en las hileras y se realiz? la aplicaci?n de herbicidas matatodo en las mismas, no obstante se recomienda el control de las gramineas en las melgas con el uso de rastra liviana</SimpleData>
            <SimpleData name="Observaci">-</SimpleData>
            <SimpleData name="Dias_trans">4.34135416667</SimpleData>
            <SimpleData name="Prioridad">ALTA</SimpleData>
            <SimpleData name="OBJECTID_1">104</SimpleData>
          </SchemaData>
        </ExtendedData>
        <Point>
          <coordinates>
            -55.7111210990383,-24.0868219002537,0
          </coordinates>
        </Point>
      </Placemark>
      <Placemark id="Distrito_VILLA_YGATIM__.33">
        <ExtendedData>
          <SchemaData schemaUrl="#Distrito_VILLA_YGATIM__.schema">
            <SimpleData name="CÈdula">6754578.00000000000</SimpleData>
            <SimpleData name="cedula">6754578</SimpleData>
            <SimpleData name="CÈdula_1">6754578.00000000000</SimpleData>
            <SimpleData name="N">117.00000000000</SimpleData>
            <SimpleData name="Nombres_y_">REINALDO MBEJUVAGI</SimpleData>
            <SimpleData name="Sexo">Hombre</SimpleData>
            <SimpleData name="Cambio_de_">NO</SimpleData>
            <SimpleData name="Titular_se">NO</SimpleData>
            <SimpleData name="CÈdula_Ti">-</SimpleData>
            <SimpleData name="SituaciÛn">NO</SimpleData>
            <SimpleData name="Comunidad">Ind?gena</SimpleData>
            <SimpleData name="Modelo_imp">Modelo 1</SimpleData>
            <SimpleData name="Departamen">CANINDEYU</SimpleData>
            <SimpleData name="Distrito">VILLA YGATIM?</SimpleData>
            <SimpleData name="Localidad">COM INDIG ARROYO BANDERA</SimpleData>
            <SimpleData name="TelÈfono">0985444262</SimpleData>
            <SimpleData name="Vivienda_L">-24.10279560000</SimpleData>
            <SimpleData name="Vivienda_1">-55.55029230000</SimpleData>
            <SimpleData name="Superficie">0.80000000000</SimpleData>
            <SimpleData name="Situaci_1">Pol?gono</SimpleData>
            <SimpleData name="Plantado">Si</SimpleData>
            <SimpleData name="Parcela_La">-24.12010771000</SimpleData>
            <SimpleData name="Parcela_Lo">-55.54503132000</SimpleData>
            <SimpleData name="Grupo_Impl">G2</SimpleData>
            <SimpleData name="Grupo_de_P">H-P2-P10P10-XX-XX</SimpleData>
            <SimpleData name="Jornales">4.00000000000</SimpleData>
            <SimpleData name="Monto">446008.00000000000</SimpleData>
            <SimpleData name="ETAPA_FAO">Mantenimiento A?o 1.2</SimpleData>
            <SimpleData name="Asistencia">-</SimpleData>
            <SimpleData name="Estado_del">Activo</SimpleData>
            <SimpleData name="Empresa">Hyh Consultores SRL</SimpleData>
            <SimpleData name="Lote">H</SimpleData>
            <SimpleData name="Monitorear">Si</SimpleData>
            <SimpleData name="Fecha_de_M">-</SimpleData>
            <SimpleData name="F__de_pren">-</SimpleData>
            <SimpleData name="Estado_FAO">Monitorear</SimpleData>
            <SimpleData name="Etapa_de_i">Mantenimiento A?o 1.2</SimpleData>
            <SimpleData name="Fecha_visi">2026/08/25</SimpleData>
            <SimpleData name="Cumple_sup">Si</SimpleData>
            <SimpleData name="Estado_mon">-</SimpleData>
            <SimpleData name="Situaci_12">-</SimpleData>
            <SimpleData name="Observaci">-</SimpleData>
            <SimpleData name="Dias_trans">12.52909722220</SimpleData>
            <SimpleData name="Prioridad">ALTA</SimpleData>
            <SimpleData name="OBJECTID_1">117</SimpleData>
          </SchemaData>
        </ExtendedData>
        <MultiGeometry>
          <Point>
            <coordinates>
              -55.5522878965148,-24.1033492896596,0
            </coordinates>
          </Point>
          <Point>
            <coordinates>
              -55.545031315593,-24.120107707587,0
            </coordinates>
          </Point>
        </MultiGeometry>
      </Placemark>
      <Placemark id="Distrito_VILLA_YGATIM__.34">
        <ExtendedData>
          <SchemaData schemaUrl="#Distrito_VILLA_YGATIM__.schema">
            <SimpleData name="CÈdula">8348512.00000000000</SimpleData>
            <SimpleData name="cedula">8348512</SimpleData>
            <SimpleData name="CÈdula_1">8348512.00000000000</SimpleData>
            <SimpleData name="N">76.00000000000</SimpleData>
            <SimpleData name="Nombres_y_">CINTHIA SABINA LOPEZ GAUTO</SimpleData>
            <SimpleData name="Sexo">Mujer</SimpleData>
            <SimpleData name="Cambio_de_">NO</SimpleData>
            <SimpleData name="Titular_se">NO</SimpleData>
            <SimpleData name="CÈdula_Ti">-</SimpleData>
            <SimpleData name="SituaciÛn">NO</SimpleData>
            <SimpleData name="Comunidad">Ind?gena</SimpleData>
            <SimpleData name="Modelo_imp">Modelo 2</SimpleData>
            <SimpleData name="Departamen">CANINDEYU</SimpleData>
            <SimpleData name="Distrito">VILLA YGATIM?</SimpleData>
            <SimpleData name="Localidad">COM INDIG ITANARAMI 8 DE DICIEMBRE</SimpleData>
            <SimpleData name="TelÈfono">0986563844</SimpleData>
            <SimpleData name="Vivienda_L">-24.09097990000</SimpleData>
            <SimpleData name="Vivienda_1">-55.69921520000</SimpleData>
            <SimpleData name="Superficie">0.80000000000</SimpleData>
            <SimpleData name="Situaci_1">Pol?gono</SimpleData>
            <SimpleData name="Plantado">Si</SimpleData>
            <SimpleData name="Parcela_La">-24.09214623000</SimpleData>
            <SimpleData name="Parcela_Lo">-55.70171127000</SimpleData>
            <SimpleData name="Grupo_Impl">G2</SimpleData>
            <SimpleData name="Grupo_de_P">H-P3-XX-XX-XX</SimpleData>
            <SimpleData name="Jornales">0.00000000000</SimpleData>
            <SimpleData name="Monto">0.00000000000</SimpleData>
            <SimpleData name="ETAPA_FAO">Mantenimiento A?o 1.1</SimpleData>
            <SimpleData name="Asistencia">-</SimpleData>
            <SimpleData name="Estado_del">Activo</SimpleData>
            <SimpleData name="Empresa">Hyh Consultores SRL</SimpleData>
            <SimpleData name="Lote">H</SimpleData>
            <SimpleData name="Monitorear">No</SimpleData>
            <SimpleData name="Fecha_de_M">9/6/2026</SimpleData>
            <SimpleData name="F__de_pren">70</SimpleData>
            <SimpleData name="Estado_FAO">Verificar posible desercion</SimpleData>
            <SimpleData name="Etapa_de_i">Mantenimiento A?o 1.1</SimpleData>
            <SimpleData name="Fecha_visi">2026/09/01</SimpleData>
            <SimpleData name="Cumple_sup">-</SimpleData>
            <SimpleData name="Estado_mon">?????? NO CUMPLE ??????</SimpleData>
            <SimpleData name="Situaci_12">-</SimpleData>
            <SimpleData name="Observaci">Falta de inter?s o no ve el beneficio;Parcela abandonada</SimpleData>
            <SimpleData name="Dias_trans">5.66960832176</SimpleData>
            <SimpleData name="Prioridad">ALTA</SimpleData>
            <SimpleData name="OBJECTID_1">76</SimpleData>
          </SchemaData>
        </ExtendedData>
        <Point>
          <coordinates>
            -55.7017112705062,-24.0921462254224,0
          </coordinates>
        </Point>
      </Placemark>
      <Placemark id="Distrito_VILLA_YGATIM__.35">
        <ExtendedData>
          <SchemaData schemaUrl="#Distrito_VILLA_YGATIM__.schema">
            <SimpleData name="CÈdula">4173708.00000000000</SimpleData>
            <SimpleData name="cedula">4173708</SimpleData>
            <SimpleData name="CÈdula_1">4173708.00000000000</SimpleData>
            <SimpleData name="N">102.00000000000</SimpleData>
            <SimpleData name="Nombres_y_">LIDIA JUKUGI GARCIA</SimpleData>
            <SimpleData name="Sexo">Mujer</SimpleData>
            <SimpleData name="Cambio_de_">NO</SimpleData>
            <SimpleData name="Titular_se">NO</SimpleData>
            <SimpleData name="CÈdula_Ti">-</SimpleData>
            <SimpleData name="SituaciÛn">NO</SimpleData>
            <SimpleData name="Comunidad">Ind?gena</SimpleData>
            <SimpleData name="Modelo_imp">Modelo 6</SimpleData>
            <SimpleData name="Departamen">CANINDEYU</SimpleData>
            <SimpleData name="Distrito">VILLA YGATIM?</SimpleData>
            <SimpleData name="Localidad">COM INDIG ARROYO BANDERA</SimpleData>
            <SimpleData name="TelÈfono">No tiene</SimpleData>
            <SimpleData name="Vivienda_L">-24.10403810000</SimpleData>
            <SimpleData name="Vivienda_1">-55.54981630000</SimpleData>
            <SimpleData name="Superficie">0.90000000000</SimpleData>
            <SimpleData name="Situaci_1">Pol?gono</SimpleData>
            <SimpleData name="Plantado">Si</SimpleData>
            <SimpleData name="Parcela_La">-24.10950436000</SimpleData>
            <SimpleData name="Parcela_Lo">-55.54516039000</SimpleData>
            <SimpleData name="Grupo_Impl">G2</SimpleData>
            <SimpleData name="Grupo_de_P">H-P1-P4P4-XX-XX</SimpleData>
            <SimpleData name="Jornales">4.00000000000</SimpleData>
            <SimpleData name="Monto">446008.00000000000</SimpleData>
            <SimpleData name="ETAPA_FAO">Mantenimiento A?o 1.2</SimpleData>
            <SimpleData name="Asistencia">-</SimpleData>
            <SimpleData name="Estado_del">Activo</SimpleData>
            <SimpleData name="Empresa">Hyh Consultores SRL</SimpleData>
            <SimpleData name="Lote">H</SimpleData>
            <SimpleData name="Monitorear">Si</SimpleData>
            <SimpleData name="Fecha_de_M">14/7/2026</SimpleData>
            <SimpleData name="F__de_pren">30</SimpleData>
            <SimpleData name="Estado_FAO">Monitorear Reposicion</SimpleData>
            <SimpleData name="Etapa_de_i">Mantenimiento A?o 1.2</SimpleData>
            <SimpleData name="Fecha_visi">2026/08/29</SimpleData>
            <SimpleData name="Cumple_sup">-</SimpleData>
            <SimpleData name="Estado_mon">??????NO CUMPLE??????</SimpleData>
            <SimpleData name="Situaci_12">Al momento del monitoreo de mantenimiento y asistencia t?cnica se observa que la parcela no cumple con las especificaciones t?cnicas establecidas. Se visualiza importante p?rdida de plantines de yerba mate por falta de prendimiento,  se sugiere reposi</SimpleData>
            <SimpleData name="Observaci">-</SimpleData>
            <SimpleData name="Dias_trans">8.47369212963</SimpleData>
            <SimpleData name="Prioridad">ALTA</SimpleData>
            <SimpleData name="OBJECTID_1">102</SimpleData>
          </SchemaData>
        </ExtendedData>
        <Point>
          <coordinates>
            -55.5451603868811,-24.1095043577473,0
          </coordinates>
        </Point>
      </Placemark>
      <Placemark id="Distrito_VILLA_YGATIM__.36">
        <ExtendedData>
          <SchemaData schemaUrl="#Distrito_VILLA_YGATIM__.schema">
            <SimpleData name="CÈdula">6349370.00000000000</SimpleData>
            <SimpleData name="cedula">6349370</SimpleData>
            <SimpleData name="CÈdula_1">6349370.00000000000</SimpleData>
            <SimpleData name="N">337.00000000000</SimpleData>
            <SimpleData name="Nombres_y_">HERODIA KREMBEGI PAYVANGI KUCHINGI</SimpleData>
            <SimpleData name="Sexo">Mujer</SimpleData>
            <SimpleData name="Cambio_de_">NO</SimpleData>
            <SimpleData name="Titular_se">NO</SimpleData>
            <SimpleData name="CÈdula_Ti">-</SimpleData>
            <SimpleData name="SituaciÛn">NO</SimpleData>
            <SimpleData name="Comunidad">Ind?gena</SimpleData>
            <SimpleData name="Modelo_imp">Modelo 1</SimpleData>
            <SimpleData name="Departamen">CANINDEYU</SimpleData>
            <SimpleData name="Distrito">VILLA YGATIM?</SimpleData>
            <SimpleData name="Localidad">COM INDIG CHUPA POU</SimpleData>
            <SimpleData name="TelÈfono">984526256</SimpleData>
            <SimpleData name="Vivienda_L">-24.21021170000</SimpleData>
            <SimpleData name="Vivienda_1">-55.67404500000</SimpleData>
            <SimpleData name="Superficie">0.80000000000</SimpleData>
            <SimpleData name="Situaci_1">Pol?gono</SimpleData>
            <SimpleData name="Plantado">Si</SimpleData>
            <SimpleData name="Parcela_La">-24.21974309000</SimpleData>
            <SimpleData name="Parcela_Lo">-55.66366803000</SimpleData>
            <SimpleData name="Grupo_Impl">G2</SimpleData>
            <SimpleData name="Grupo_de_P">H-P3-XX-XX-XX</SimpleData>
            <SimpleData name="Jornales">0.00000000000</SimpleData>
            <SimpleData name="Monto">0.00000000000</SimpleData>
            <SimpleData name="ETAPA_FAO">Mantenimiento A?o 1.1</SimpleData>
            <SimpleData name="Asistencia">-</SimpleData>
            <SimpleData name="Estado_del">Activo</SimpleData>
            <SimpleData name="Empresa">Hyh Consultores SRL</SimpleData>
            <SimpleData name="Lote">H</SimpleData>
            <SimpleData name="Monitorear">No</SimpleData>
            <SimpleData name="Fecha_de_M">12/8/2026</SimpleData>
            <SimpleData name="F__de_pren">70</SimpleData>
            <SimpleData name="Estado_FAO">Monitorear Reposicion</SimpleData>
            <SimpleData name="Etapa_de_i">Mantenimiento A?o 1.1</SimpleData>
            <SimpleData name="Fecha_visi">2026/09/03</SimpleData>
            <SimpleData name="Cumple_sup">-</SimpleData>
            <SimpleData name="Estado_mon">??????NO CUMPLE??????</SimpleData>
            <SimpleData name="Situaci_12">Al momento del monitoreo de mantenimiento y asistencia t?cnica se observa que la parcela no cumple con las especificaciones t?cnicas establecidas. Se visualiza presencia de malezas invasoras (gram?neas) y faltantes de plantines de especies forestales</SimpleData>
            <SimpleData name="Observaci">-</SimpleData>
            <SimpleData name="Dias_trans">3.30881944444</SimpleData>
            <SimpleData name="Prioridad">ALTA</SimpleData>
            <SimpleData name="OBJECTID_1">337</SimpleData>
          </SchemaData>
        </ExtendedData>
        <Point>
          <coordinates>
            -55.663668033518,-24.2197430907232,0
          </coordinates>
        </Point>
      </Placemark>
      <Placemark id="Distrito_VILLA_YGATIM__.37">
        <ExtendedData>
          <SchemaData schemaUrl="#Distrito_VILLA_YGATIM__.schema">
            <SimpleData name="CÈdula">8311562.00000000000</SimpleData>
            <SimpleData name="cedula">8311562</SimpleData>
            <SimpleData name="CÈdula_1">8311562.00000000000</SimpleData>
            <SimpleData name="N">72.00000000000</SimpleData>
            <SimpleData name="Nombres_y_">VERONICA PORTILLO ROMERO</SimpleData>
            <SimpleData name="Sexo">Mujer</SimpleData>
            <SimpleData name="Cambio_de_">NO</SimpleData>
            <SimpleData name="Titular_se">NO</SimpleData>
            <SimpleData name="CÈdula_Ti">-</SimpleData>
            <SimpleData name="SituaciÛn">NO</SimpleData>
            <SimpleData name="Comunidad">Ind?gena</SimpleData>
            <SimpleData name="Modelo_imp">Modelo 5</SimpleData>
            <SimpleData name="Departamen">CANINDEYU</SimpleData>
            <SimpleData name="Distrito">VILLA YGATIM?</SimpleData>
            <SimpleData name="Localidad">COM INDIG MBOI JAGUA - CA?ADITA</SimpleData>
            <SimpleData name="TelÈfono">No tiene</SimpleData>
            <SimpleData name="Vivienda_L">-24.11535630000</SimpleData>
            <SimpleData name="Vivienda_1">-55.55611160000</SimpleData>
            <SimpleData name="Superficie">0.70000000000</SimpleData>
            <SimpleData name="Situaci_1">Pol?gono</SimpleData>
            <SimpleData name="Plantado">Si</SimpleData>
            <SimpleData name="Parcela_La">-24.11469429000</SimpleData>
            <SimpleData name="Parcela_Lo">-55.55650290000</SimpleData>
            <SimpleData name="Grupo_Impl">G2</SimpleData>
            <SimpleData name="Grupo_de_P">H-P2-XX-XX-XX</SimpleData>
            <SimpleData name="Jornales">0.00000000000</SimpleData>
            <SimpleData name="Monto">0.00000000000</SimpleData>
            <SimpleData name="ETAPA_FAO">Mantenimiento A?o 1.1</SimpleData>
            <SimpleData name="Asistencia">-</SimpleData>
            <SimpleData name="Estado_del">Activo</SimpleData>
            <SimpleData name="Empresa">Hyh Consultores SRL</SimpleData>
            <SimpleData name="Lote">H</SimpleData>
            <SimpleData name="Monitorear">Si</SimpleData>
            <SimpleData name="Fecha_de_M">26/3/2026</SimpleData>
            <SimpleData name="F__de_pren">40</SimpleData>
            <SimpleData name="Estado_FAO">Monitorear Reposicion</SimpleData>
            <SimpleData name="Etapa_de_i">Mantenimiento A?o 1.1</SimpleData>
            <SimpleData name="Fecha_visi">2026/09/03</SimpleData>
            <SimpleData name="Cumple_sup">-</SimpleData>
            <SimpleData name="Estado_mon">??????NO CUMPLE??????</SimpleData>
            <SimpleData name="Situaci_12">Al momento del monitoreo de mantenimiento y asistencia t?cnica se observa que la parcela no cumple con las especificaciones t?cnicas establecidas. Se visualiza presencia de malezas invasoras en una  de las parcelas. Se sugiere limpieza de callejones y</SimpleData>
            <SimpleData name="Observaci">-</SimpleData>
            <SimpleData name="Dias_trans">3.51098379630</SimpleData>
            <SimpleData name="Prioridad">ALTA</SimpleData>
            <SimpleData name="OBJECTID_1">72</SimpleData>
          </SchemaData>
        </ExtendedData>
        <MultiGeometry>
          <Point>
            <coordinates>
              -55.5572639226084,-24.1148668207608,0
            </coordinates>
          </Point>
          <Point>
            <coordinates>
              -55.5565028977618,-24.1146942880673,0
            </coordinates>
          </Point>
        </MultiGeometry>
      </Placemark>
      <Placemark id="Distrito_VILLA_YGATIM__.38">
        <ExtendedData>
          <SchemaData schemaUrl="#Distrito_VILLA_YGATIM__.schema">
            <SimpleData name="CÈdula">4630101.00000000000</SimpleData>
            <SimpleData name="cedula">4630101</SimpleData>
            <SimpleData name="CÈdula_1">4630101.00000000000</SimpleData>
            <SimpleData name="N">66.00000000000</SimpleData>
            <SimpleData name="Nombres_y_">LETICIA KUAREMINIGI MBEJUAGI MBEPURANGI</SimpleData>
            <SimpleData name="Sexo">Mujer</SimpleData>
            <SimpleData name="Cambio_de_">NO</SimpleData>
            <SimpleData name="Titular_se">NO</SimpleData>
            <SimpleData name="CÈdula_Ti">-</SimpleData>
            <SimpleData name="SituaciÛn">NO</SimpleData>
            <SimpleData name="Comunidad">Ind?gena</SimpleData>
            <SimpleData name="Modelo_imp">Modelo 5</SimpleData>
            <SimpleData name="Departamen">CANINDEYU</SimpleData>
            <SimpleData name="Distrito">VILLA YGATIM?</SimpleData>
            <SimpleData name="Localidad">COM INDIG CHUPA POU</SimpleData>
            <SimpleData name="TelÈfono">0986553047</SimpleData>
            <SimpleData name="Vivienda_L">-24.21013170000</SimpleData>
            <SimpleData name="Vivienda_1">-55.68083670000</SimpleData>
            <SimpleData name="Superficie">0.70000000000</SimpleData>
            <SimpleData name="Situaci_1">Pol?gono</SimpleData>
            <SimpleData name="Plantado">Si</SimpleData>
            <SimpleData name="Parcela_La">-24.21018500000</SimpleData>
            <SimpleData name="Parcela_Lo">-55.68063826000</SimpleData>
            <SimpleData name="Grupo_Impl">G2</SimpleData>
            <SimpleData name="Grupo_de_P">H-P2-P10P10-XX-XX</SimpleData>
            <SimpleData name="Jornales">4.00000000000</SimpleData>
            <SimpleData name="Monto">446008.00000000000</SimpleData>
            <SimpleData name="ETAPA_FAO">Mantenimiento A?o 1.2</SimpleData>
            <SimpleData name="Asistencia">-</SimpleData>
            <SimpleData name="Estado_del">Activo</SimpleData>
            <SimpleData name="Empresa">Hyh Consultores SRL</SimpleData>
            <SimpleData name="Lote">H</SimpleData>
            <SimpleData name="Monitorear">No</SimpleData>
            <SimpleData name="Fecha_de_M">-</SimpleData>
            <SimpleData name="F__de_pren">-</SimpleData>
            <SimpleData name="Estado_FAO">Monitorear</SimpleData>
            <SimpleData name="Etapa_de_i">Mantenimiento A?o 1.2</SimpleData>
            <SimpleData name="Fecha_visi">2026/09/01</SimpleData>
            <SimpleData name="Cumple_sup">Si</SimpleData>
            <SimpleData name="Estado_mon">-</SimpleData>
            <SimpleData name="Situaci_12">-</SimpleData>
            <SimpleData name="Observaci">-</SimpleData>
            <SimpleData name="Dias_trans">5.31435185186</SimpleData>
            <SimpleData name="Prioridad">ALTA</SimpleData>
            <SimpleData name="OBJECTID_1">66</SimpleData>
          </SchemaData>
        </ExtendedData>
        <Point>
          <coordinates>
            -55.6806382635929,-24.210184996716,0
          </coordinates>
        </Point>
      </Placemark>
      <Placemark id="Distrito_VILLA_YGATIM__.39">
        <ExtendedData>
          <SchemaData schemaUrl="#Distrito_VILLA_YGATIM__.schema">
            <SimpleData name="CÈdula">5170882.00000000000</SimpleData>
            <SimpleData name="cedula">5170882</SimpleData>
            <SimpleData name="CÈdula_1">5170882.00000000000</SimpleData>
            <SimpleData name="N">110.00000000000</SimpleData>
            <SimpleData name="Nombres_y_">AMELIA KRYYGI VACHUGI KRIROGI</SimpleData>
            <SimpleData name="Sexo">Mujer</SimpleData>
            <SimpleData name="Cambio_de_">NO</SimpleData>
            <SimpleData name="Titular_se">NO</SimpleData>
            <SimpleData name="CÈdula_Ti">-</SimpleData>
            <SimpleData name="SituaciÛn">NO</SimpleData>
            <SimpleData name="Comunidad">Ind?gena</SimpleData>
            <SimpleData name="Modelo_imp">Modelo 2</SimpleData>
            <SimpleData name="Departamen">CANINDEYU</SimpleData>
            <SimpleData name="Distrito">VILLA YGATIM?</SimpleData>
            <SimpleData name="Localidad">COM INDIG CHUPA POU</SimpleData>
            <SimpleData name="TelÈfono">0983721909</SimpleData>
            <SimpleData name="Vivienda_L">-24.21694150000</SimpleData>
            <SimpleData name="Vivienda_1">-55.66352710000</SimpleData>
            <SimpleData name="Superficie">0.80000000000</SimpleData>
            <SimpleData name="Situaci_1">Pol?gono</SimpleData>
            <SimpleData name="Plantado">Si</SimpleData>
            <SimpleData name="Parcela_La">-24.21619265000</SimpleData>
            <SimpleData name="Parcela_Lo">-55.66378128000</SimpleData>
            <SimpleData name="Grupo_Impl">G2</SimpleData>
            <SimpleData name="Grupo_de_P">H-P2-P10P10-XX-XX</SimpleData>
            <SimpleData name="Jornales">4.00000000000</SimpleData>
            <SimpleData name="Monto">446008.00000000000</SimpleData>
            <SimpleData name="ETAPA_FAO">Mantenimiento A?o 1.2</SimpleData>
            <SimpleData name="Asistencia">-</SimpleData>
            <SimpleData name="Estado_del">Activo</SimpleData>
            <SimpleData name="Empresa">Hyh Consultores SRL</SimpleData>
            <SimpleData name="Lote">H</SimpleData>
            <SimpleData name="Monitorear">No</SimpleData>
            <SimpleData name="Fecha_de_M">24/7/2026</SimpleData>
            <SimpleData name="F__de_pren">60</SimpleData>
            <SimpleData name="Estado_FAO">Monitorear Reposicion</SimpleData>
            <SimpleData name="Etapa_de_i">Mantenimiento A?o 1.2</SimpleData>
            <SimpleData name="Fecha_visi">2026/09/03</SimpleData>
            <SimpleData name="Cumple_sup">-</SimpleData>
            <SimpleData name="Estado_mon">??????NO CUMPLE??????</SimpleData>
            <SimpleData name="Situaci_12">Al momento del monitoreo de mantenimiento y asistencia t?cnica se observa que la parcela no cumple con las especificaciones t?cnicas establecidas. En la parcela 1 se observa faltantes de plantines de especies forestales nativas y de r?pido crecimiento</SimpleData>
            <SimpleData name="Observaci">-</SimpleData>
            <SimpleData name="Dias_trans">3.46600694444</SimpleData>
            <SimpleData name="Prioridad">ALTA</SimpleData>
            <SimpleData name="OBJECTID_1">110</SimpleData>
          </SchemaData>
        </ExtendedData>
        <MultiGeometry>
          <Point>
            <coordinates>
              -55.6646678741677,-24.2178579391885,0
            </coordinates>
          </Point>
          <Point>
            <coordinates>
              -55.6637812791688,-24.2161926484764,0
            </coordinates>
          </Point>
        </MultiGeometry>
      </Placemark>
      <Placemark id="Distrito_VILLA_YGATIM__.40">
        <ExtendedData>
          <SchemaData schemaUrl="#Distrito_VILLA_YGATIM__.schema">
            <SimpleData name="CÈdula">4630091.00000000000</SimpleData>
            <SimpleData name="cedula">4630091</SimpleData>
            <SimpleData name="CÈdula_1">4630091.00000000000</SimpleData>
            <SimpleData name="N">94.00000000000</SimpleData>
            <SimpleData name="Nombres_y_">CRISTINA MBYVANGI MBEPIGI DE CHEVUGI</SimpleData>
            <SimpleData name="Sexo">Mujer</SimpleData>
            <SimpleData name="Cambio_de_">NO</SimpleData>
            <SimpleData name="Titular_se">NO</SimpleData>
            <SimpleData name="CÈdula_Ti">-</SimpleData>
            <SimpleData name="SituaciÛn">NO</SimpleData>
            <SimpleData name="Comunidad">Ind?gena</SimpleData>
            <SimpleData name="Modelo_imp">Modelo 4</SimpleData>
            <SimpleData name="Departamen">CANINDEYU</SimpleData>
            <SimpleData name="Distrito">VILLA YGATIM?</SimpleData>
            <SimpleData name="Localidad">COM INDIG CHUPA POU</SimpleData>
            <SimpleData name="TelÈfono">0982218161</SimpleData>
            <SimpleData name="Vivienda_L">-24.21154650000</SimpleData>
            <SimpleData name="Vivienda_1">-55.67216140000</SimpleData>
            <SimpleData name="Superficie">0.70000000000</SimpleData>
            <SimpleData name="Situaci_1">Pol?gono</SimpleData>
            <SimpleData name="Plantado">Si</SimpleData>
            <SimpleData name="Parcela_La">-24.22111319000</SimpleData>
            <SimpleData name="Parcela_Lo">-55.71140176000</SimpleData>
            <SimpleData name="Grupo_Impl">G2</SimpleData>
            <SimpleData name="Grupo_de_P">H-P1-P4P4-XX-XX</SimpleData>
            <SimpleData name="Jornales">4.00000000000</SimpleData>
            <SimpleData name="Monto">446008.00000000000</SimpleData>
            <SimpleData name="ETAPA_FAO">Mantenimiento A?o 1.2</SimpleData>
            <SimpleData name="Asistencia">-</SimpleData>
            <SimpleData name="Estado_del">Activo</SimpleData>
            <SimpleData name="Empresa">Hyh Consultores SRL</SimpleData>
            <SimpleData name="Lote">H</SimpleData>
            <SimpleData name="Monitorear">No</SimpleData>
            <SimpleData name="Fecha_de_M">-</SimpleData>
            <SimpleData name="F__de_pren">-</SimpleData>
            <SimpleData name="Estado_FAO">Monitorear</SimpleData>
            <SimpleData name="Etapa_de_i">Mantenimiento A?o 1.2</SimpleData>
            <SimpleData name="Fecha_visi">2026/08/19</SimpleData>
            <SimpleData name="Cumple_sup">Si</SimpleData>
            <SimpleData name="Estado_mon">-</SimpleData>
            <SimpleData name="Situaci_12">-</SimpleData>
            <SimpleData name="Observaci">-</SimpleData>
            <SimpleData name="Dias_trans">18.23843750000</SimpleData>
            <SimpleData name="Prioridad">ALTA</SimpleData>
            <SimpleData name="OBJECTID_1">94</SimpleData>
          </SchemaData>
        </ExtendedData>
        <Point>
          <coordinates>
            -55.7114017562132,-24.2211131891025,0
          </coordinates>
        </Point>
      </Placemark>
      <Placemark id="Distrito_VILLA_YGATIM__.41">
        <ExtendedData>
          <SchemaData schemaUrl="#Distrito_VILLA_YGATIM__.schema">
            <SimpleData name="CÈdula">7176764.00000000000</SimpleData>
            <SimpleData name="cedula">7176764</SimpleData>
            <SimpleData name="CÈdula_1">7176764.00000000000</SimpleData>
            <SimpleData name="N">79.00000000000</SimpleData>
            <SimpleData name="Nombres_y_">EVER OJEDA DEL MONTE</SimpleData>
            <SimpleData name="Sexo">Hombre</SimpleData>
            <SimpleData name="Cambio_de_">NO</SimpleData>
            <SimpleData name="Titular_se">NO</SimpleData>
            <SimpleData name="CÈdula_Ti">-</SimpleData>
            <SimpleData name="SituaciÛn">NO</SimpleData>
            <SimpleData name="Comunidad">Ind?gena</SimpleData>
            <SimpleData name="Modelo_imp">Modelo 5</SimpleData>
            <SimpleData name="Departamen">CANINDEYU</SimpleData>
            <SimpleData name="Distrito">VILLA YGATIM?</SimpleData>
            <SimpleData name="Localidad">COM INDIG MBOI JAGUA ? PINDOTY</SimpleData>
            <SimpleData name="TelÈfono">0971821913</SimpleData>
            <SimpleData name="Vivienda_L">-24.12886760000</SimpleData>
            <SimpleData name="Vivienda_1">-55.59285290000</SimpleData>
            <SimpleData name="Superficie">0.70000000000</SimpleData>
            <SimpleData name="Situaci_1">Pol?gono</SimpleData>
            <SimpleData name="Plantado">Si</SimpleData>
            <SimpleData name="Parcela_La">-24.12618941000</SimpleData>
            <SimpleData name="Parcela_Lo">-55.59516484000</SimpleData>
            <SimpleData name="Grupo_Impl">G2</SimpleData>
            <SimpleData name="Grupo_de_P">H-P2-XX-XX-XX</SimpleData>
            <SimpleData name="Jornales">0.00000000000</SimpleData>
            <SimpleData name="Monto">0.00000000000</SimpleData>
            <SimpleData name="ETAPA_FAO">Mantenimiento A?o 1.1</SimpleData>
            <SimpleData name="Asistencia">-</SimpleData>
            <SimpleData name="Estado_del">Activo</SimpleData>
            <SimpleData name="Empresa">Hyh Consultores SRL</SimpleData>
            <SimpleData name="Lote">H</SimpleData>
            <SimpleData name="Monitorear">Si</SimpleData>
            <SimpleData name="Fecha_de_M">20/5/2026</SimpleData>
            <SimpleData name="F__de_pren">60</SimpleData>
            <SimpleData name="Estado_FAO">Monitorear Reposicion</SimpleData>
            <SimpleData name="Etapa_de_i">Mantenimiento A?o 1.1</SimpleData>
            <SimpleData name="Fecha_visi">2026/09/03</SimpleData>
            <SimpleData name="Cumple_sup">-</SimpleData>
            <SimpleData name="Estado_mon">??????NO CUMPLE??????</SimpleData>
            <SimpleData name="Situaci_12">Al momento del monitoreo de mantenimiento y asistencia t?cnica se observa que la parcela no cumple con las especificaciones t?cnicas establecidas.  Se visualiza presencia importante de malezas invasoras (gram?neas), p?rdida de injertos en c?tricos,</SimpleData>
            <SimpleData name="Observaci">-</SimpleData>
            <SimpleData name="Dias_trans">3.10526620370</SimpleData>
            <SimpleData name="Prioridad">ALTA</SimpleData>
            <SimpleData name="OBJECTID_1">79</SimpleData>
          </SchemaData>
        </ExtendedData>
        <Point>
          <coordinates>
            -55.595164835397,-24.1261894120047,0
          </coordinates>
        </Point>
      </Placemark>
      <Placemark id="Distrito_VILLA_YGATIM__.42">
        <ExtendedData>
          <SchemaData schemaUrl="#Distrito_VILLA_YGATIM__.schema">
            <SimpleData name="CÈdula">3534955.00000000000</SimpleData>
            <SimpleData name="cedula">3534955</SimpleData>
            <SimpleData name="CÈdula_1">3534955.00000000000</SimpleData>
            <SimpleData name="N">113.00000000000</SimpleData>
            <SimpleData name="Nombres_y_">JOAQUIN ACHIPURANGI</SimpleData>
            <SimpleData name="Sexo">Hombre</SimpleData>
            <SimpleData name="Cambio_de_">NO</SimpleData>
            <SimpleData name="Titular_se">NO</SimpleData>
            <SimpleData name="CÈdula_Ti">-</SimpleData>
            <SimpleData name="SituaciÛn">NO</SimpleData>
            <SimpleData name="Comunidad">Ind?gena</SimpleData>
            <SimpleData name="Modelo_imp">Modelo 4</SimpleData>
            <SimpleData name="Departamen">CANINDEYU</SimpleData>
            <SimpleData name="Distrito">VILLA YGATIM?</SimpleData>
            <SimpleData name="Localidad">COM INDIG CHUPA POU</SimpleData>
            <SimpleData name="TelÈfono">0984156203</SimpleData>
            <SimpleData name="Vivienda_L">-24.21286910000</SimpleData>
            <SimpleData name="Vivienda_1">-55.67015280000</SimpleData>
            <SimpleData name="Superficie">0.70000000000</SimpleData>
            <SimpleData name="Situaci_1">Pol?gono</SimpleData>
            <SimpleData name="Plantado">Si</SimpleData>
            <SimpleData name="Parcela_La">-24.21920349000</SimpleData>
            <SimpleData name="Parcela_Lo">-55.70724073000</SimpleData>
            <SimpleData name="Grupo_Impl">G2</SimpleData>
            <SimpleData name="Grupo_de_P">H-P2-P10P10-XX-XX</SimpleData>
            <SimpleData name="Jornales">4.00000000000</SimpleData>
            <SimpleData name="Monto">446008.00000000000</SimpleData>
            <SimpleData name="ETAPA_FAO">Mantenimiento A?o 1.2</SimpleData>
            <SimpleData name="Asistencia">-</SimpleData>
            <SimpleData name="Estado_del">Activo</SimpleData>
            <SimpleData name="Empresa">Hyh Consultores SRL</SimpleData>
            <SimpleData name="Lote">H</SimpleData>
            <SimpleData name="Monitorear">No</SimpleData>
            <SimpleData name="Fecha_de_M">-</SimpleData>
            <SimpleData name="F__de_pren">-</SimpleData>
            <SimpleData name="Estado_FAO">Monitorear</SimpleData>
            <SimpleData name="Etapa_de_i">Mantenimiento A?o 1.2</SimpleData>
            <SimpleData name="Fecha_visi">2026/07/08</SimpleData>
            <SimpleData name="Cumple_sup">Si</SimpleData>
            <SimpleData name="Estado_mon">-</SimpleData>
            <SimpleData name="Situaci_12">-</SimpleData>
            <SimpleData name="Observaci">-</SimpleData>
            <SimpleData name="Dias_trans">60.59968750000</SimpleData>
            <SimpleData name="Prioridad">ALTA</SimpleData>
            <SimpleData name="OBJECTID_1">113</SimpleData>
          </SchemaData>
        </ExtendedData>
        <Point>
          <coordinates>
            -55.7072407272551,-24.2192034882722,0
          </coordinates>
        </Point>
      </Placemark>
      <Placemark id="Distrito_VILLA_YGATIM__.43">
        <ExtendedData>
          <SchemaData schemaUrl="#Distrito_VILLA_YGATIM__.schema">
            <SimpleData name="CÈdula">5752666.00000000000</SimpleData>
            <SimpleData name="cedula">5752666</SimpleData>
            <SimpleData name="CÈdula_1">5752666.00000000000</SimpleData>
            <SimpleData name="N">330.00000000000</SimpleData>
            <SimpleData name="Nombres_y_">JOANA MBECHAKRAMAGI PIKYGI MBYVANGI</SimpleData>
            <SimpleData name="Sexo">Mujer</SimpleData>
            <SimpleData name="Cambio_de_">NO</SimpleData>
            <SimpleData name="Titular_se">NO</SimpleData>
            <SimpleData name="CÈdula_Ti">-</SimpleData>
            <SimpleData name="SituaciÛn">NO</SimpleData>
            <SimpleData name="Comunidad">Ind?gena</SimpleData>
            <SimpleData name="Modelo_imp">Modelo 4</SimpleData>
            <SimpleData name="Departamen">CANINDEYU</SimpleData>
            <SimpleData name="Distrito">VILLA YGATIM?</SimpleData>
            <SimpleData name="Localidad">COM INDIG CHUPA POU</SimpleData>
            <SimpleData name="TelÈfono">981310499</SimpleData>
            <SimpleData name="Vivienda_L">-24.20891330000</SimpleData>
            <SimpleData name="Vivienda_1">-55.67929170000</SimpleData>
            <SimpleData name="Superficie">0.70000000000</SimpleData>
            <SimpleData name="Situaci_1">Pol?gono</SimpleData>
            <SimpleData name="Plantado">Si</SimpleData>
            <SimpleData name="Parcela_La">-24.22299021000</SimpleData>
            <SimpleData name="Parcela_Lo">-55.70680670000</SimpleData>
            <SimpleData name="Grupo_Impl">G2</SimpleData>
            <SimpleData name="Grupo_de_P">H-P3-P10P10-XX-XX</SimpleData>
            <SimpleData name="Jornales">4.00000000000</SimpleData>
            <SimpleData name="Monto">446008.00000000000</SimpleData>
            <SimpleData name="ETAPA_FAO">Mantenimiento A?o 1.2</SimpleData>
            <SimpleData name="Asistencia">-</SimpleData>
            <SimpleData name="Estado_del">Activo</SimpleData>
            <SimpleData name="Empresa">Hyh Consultores SRL</SimpleData>
            <SimpleData name="Lote">H</SimpleData>
            <SimpleData name="Monitorear">No</SimpleData>
            <SimpleData name="Fecha_de_M">-</SimpleData>
            <SimpleData name="F__de_pren">-</SimpleData>
            <SimpleData name="Estado_FAO">Monitorear</SimpleData>
            <SimpleData name="Etapa_de_i">Mantenimiento A?o 1.2</SimpleData>
            <SimpleData name="Fecha_visi">2026/08/20</SimpleData>
            <SimpleData name="Cumple_sup">Si</SimpleData>
            <SimpleData name="Estado_mon">-</SimpleData>
            <SimpleData name="Situaci_12">-</SimpleData>
            <SimpleData name="Observaci">-</SimpleData>
            <SimpleData name="Dias_trans">17.19871527780</SimpleData>
            <SimpleData name="Prioridad">ALTA</SimpleData>
            <SimpleData name="OBJECTID_1">330</SimpleData>
          </SchemaData>
        </ExtendedData>
        <Point>
          <coordinates>
            -55.7068066988786,-24.2229902119093,0
          </coordinates>
        </Point>
      </Placemark>
      <Placemark id="Distrito_VILLA_YGATIM__.44">
        <ExtendedData>
          <SchemaData schemaUrl="#Distrito_VILLA_YGATIM__.schema">
            <SimpleData name="CÈdula">4173682.00000000000</SimpleData>
            <SimpleData name="cedula">4173682</SimpleData>
            <SimpleData name="CÈdula_1">4173682.00000000000</SimpleData>
            <SimpleData name="N">96.00000000000</SimpleData>
            <SimpleData name="Nombres_y_">ANTONIA MBYVANGI</SimpleData>
            <SimpleData name="Sexo">Mujer</SimpleData>
            <SimpleData name="Cambio_de_">NO</SimpleData>
            <SimpleData name="Titular_se">NO</SimpleData>
            <SimpleData name="CÈdula_Ti">-</SimpleData>
            <SimpleData name="SituaciÛn">NO</SimpleData>
            <SimpleData name="Comunidad">Ind?gena</SimpleData>
            <SimpleData name="Modelo_imp">Modelo 4</SimpleData>
            <SimpleData name="Departamen">CANINDEYU</SimpleData>
            <SimpleData name="Distrito">VILLA YGATIM?</SimpleData>
            <SimpleData name="Localidad">COM INDIG CHUPA POU</SimpleData>
            <SimpleData name="TelÈfono">No tiene</SimpleData>
            <SimpleData name="Vivienda_L">-24.20920180000</SimpleData>
            <SimpleData name="Vivienda_1">-55.67851560000</SimpleData>
            <SimpleData name="Superficie">0.70000000000</SimpleData>
            <SimpleData name="Situaci_1">Pol?gono</SimpleData>
            <SimpleData name="Plantado">Si</SimpleData>
            <SimpleData name="Parcela_La">-24.21016055000</SimpleData>
            <SimpleData name="Parcela_Lo">-55.67837013000</SimpleData>
            <SimpleData name="Grupo_Impl">G2</SimpleData>
            <SimpleData name="Grupo_de_P">H-P2-P10P10-XX-XX</SimpleData>
            <SimpleData name="Jornales">4.00000000000</SimpleData>
            <SimpleData name="Monto">446008.00000000000</SimpleData>
            <SimpleData name="ETAPA_FAO">Mantenimiento A?o 1.2</SimpleData>
            <SimpleData name="Asistencia">-</SimpleData>
            <SimpleData name="Estado_del">Activo</SimpleData>
            <SimpleData name="Empresa">Hyh Consultores SRL</SimpleData>
            <SimpleData name="Lote">H</SimpleData>
            <SimpleData name="Monitorear">No</SimpleData>
            <SimpleData name="Fecha_de_M">-</SimpleData>
            <SimpleData name="F__de_pren">-</SimpleData>
            <SimpleData name="Estado_FAO">Monitorear</SimpleData>
            <SimpleData name="Etapa_de_i">Mantenimiento A?o 1.2</SimpleData>
            <SimpleData name="Fecha_visi">2026/08/06</SimpleData>
            <SimpleData name="Cumple_sup">Si</SimpleData>
            <SimpleData name="Estado_mon">-</SimpleData>
            <SimpleData name="Situaci_12">-</SimpleData>
            <SimpleData name="Observaci">-</SimpleData>
            <SimpleData name="Dias_trans">31.21402777780</SimpleData>
            <SimpleData name="Prioridad">ALTA</SimpleData>
            <SimpleData name="OBJECTID_1">96</SimpleData>
          </SchemaData>
        </ExtendedData>
        <Point>
          <coordinates>
            -55.6783701291937,-24.2101605450795,0
          </coordinates>
        </Point>
      </Placemark>
      <Placemark id="Distrito_VILLA_YGATIM__.45">
        <ExtendedData>
          <SchemaData schemaUrl="#Distrito_VILLA_YGATIM__.schema">
            <SimpleData name="CÈdula">7297215.00000000000</SimpleData>
            <SimpleData name="cedula">7297215</SimpleData>
            <SimpleData name="CÈdula_1">7297215.00000000000</SimpleData>
            <SimpleData name="N">98.00000000000</SimpleData>
            <SimpleData name="Nombres_y_">ROGELIA CARDOZO GARCIA</SimpleData>
            <SimpleData name="Sexo">Mujer</SimpleData>
            <SimpleData name="Cambio_de_">NO</SimpleData>
            <SimpleData name="Titular_se">NO</SimpleData>
            <SimpleData name="CÈdula_Ti">-</SimpleData>
            <SimpleData name="SituaciÛn">NO</SimpleData>
            <SimpleData name="Comunidad">Ind?gena</SimpleData>
            <SimpleData name="Modelo_imp">Modelo 4</SimpleData>
            <SimpleData name="Departamen">CANINDEYU</SimpleData>
            <SimpleData name="Distrito">VILLA YGATIM?</SimpleData>
            <SimpleData name="Localidad">COM INDIG CHUPA POU</SimpleData>
            <SimpleData name="TelÈfono">0986308660</SimpleData>
            <SimpleData name="Vivienda_L">-24.20859330000</SimpleData>
            <SimpleData name="Vivienda_1">-55.67502830000</SimpleData>
            <SimpleData name="Superficie">0.70000000000</SimpleData>
            <SimpleData name="Situaci_1">Pol?gono</SimpleData>
            <SimpleData name="Plantado">Si</SimpleData>
            <SimpleData name="Parcela_La">-24.22006179000</SimpleData>
            <SimpleData name="Parcela_Lo">-55.71179647000</SimpleData>
            <SimpleData name="Grupo_Impl">G2</SimpleData>
            <SimpleData name="Grupo_de_P">H-P2-P10P10-XX-XX</SimpleData>
            <SimpleData name="Jornales">4.00000000000</SimpleData>
            <SimpleData name="Monto">446008.00000000000</SimpleData>
            <SimpleData name="ETAPA_FAO">Mantenimiento A?o 1.2</SimpleData>
            <SimpleData name="Asistencia">-</SimpleData>
            <SimpleData name="Estado_del">Activo</SimpleData>
            <SimpleData name="Empresa">Hyh Consultores SRL</SimpleData>
            <SimpleData name="Lote">H</SimpleData>
            <SimpleData name="Monitorear">No</SimpleData>
            <SimpleData name="Fecha_de_M">-</SimpleData>
            <SimpleData name="F__de_pren">-</SimpleData>
            <SimpleData name="Estado_FAO">Monitorear</SimpleData>
            <SimpleData name="Etapa_de_i">Mantenimiento A?o 1.2</SimpleData>
            <SimpleData name="Fecha_visi">2026/08/19</SimpleData>
            <SimpleData name="Cumple_sup">Si</SimpleData>
            <SimpleData name="Estado_mon">-</SimpleData>
            <SimpleData name="Situaci_12">-</SimpleData>
            <SimpleData name="Observaci">-</SimpleData>
            <SimpleData name="Dias_trans">18.39545138890</SimpleData>
            <SimpleData name="Prioridad">ALTA</SimpleData>
            <SimpleData name="OBJECTID_1">98</SimpleData>
          </SchemaData>
        </ExtendedData>
        <Point>
          <coordinates>
            -55.711796472596,-24.2200617878779,0
          </coordinates>
        </Point>
      </Placemark>
      <Placemark id="Distrito_VILLA_YGATIM__.46">
        <ExtendedData>
          <SchemaData schemaUrl="#Distrito_VILLA_YGATIM__.schema">
            <SimpleData name="CÈdula">6349351.00000000000</SimpleData>
            <SimpleData name="cedula">6349351</SimpleData>
            <SimpleData name="CÈdula_1">6349351.00000000000</SimpleData>
            <SimpleData name="N">335.00000000000</SimpleData>
            <SimpleData name="Nombres_y_">MARIANELA AIRAGI ACHIPURANGI FUA AGI</SimpleData>
            <SimpleData name="Sexo">Mujer</SimpleData>
            <SimpleData name="Cambio_de_">NO</SimpleData>
            <SimpleData name="Titular_se">NO</SimpleData>
            <SimpleData name="CÈdula_Ti">-</SimpleData>
            <SimpleData name="SituaciÛn">NO</SimpleData>
            <SimpleData name="Comunidad">Ind?gena</SimpleData>
            <SimpleData name="Modelo_imp">Modelo 1</SimpleData>
            <SimpleData name="Departamen">CANINDEYU</SimpleData>
            <SimpleData name="Distrito">VILLA YGATIM?</SimpleData>
            <SimpleData name="Localidad">COM INDIG CHUPA POU</SimpleData>
            <SimpleData name="TelÈfono">983182973</SimpleData>
            <SimpleData name="Vivienda_L">-24.20947170000</SimpleData>
            <SimpleData name="Vivienda_1">-55.68187500000</SimpleData>
            <SimpleData name="Superficie">0.80000000000</SimpleData>
            <SimpleData name="Situaci_1">Pol?gono</SimpleData>
            <SimpleData name="Plantado">Si</SimpleData>
            <SimpleData name="Parcela_La">-24.20736430000</SimpleData>
            <SimpleData name="Parcela_Lo">-55.68457695000</SimpleData>
            <SimpleData name="Grupo_Impl">G2</SimpleData>
            <SimpleData name="Grupo_de_P">H-P3-XX-XX-XX</SimpleData>
            <SimpleData name="Jornales">0.00000000000</SimpleData>
            <SimpleData name="Monto">0.00000000000</SimpleData>
            <SimpleData name="ETAPA_FAO">Mantenimiento A?o 1.1</SimpleData>
            <SimpleData name="Asistencia">-</SimpleData>
            <SimpleData name="Estado_del">Activo</SimpleData>
            <SimpleData name="Empresa">Hyh Consultores SRL</SimpleData>
            <SimpleData name="Lote">H</SimpleData>
            <SimpleData name="Monitorear">No</SimpleData>
            <SimpleData name="Fecha_de_M">17/8/2026</SimpleData>
            <SimpleData name="F__de_pren">50</SimpleData>
            <SimpleData name="Estado_FAO">Monitorear Reposicion</SimpleData>
            <SimpleData name="Etapa_de_i">Mantenimiento A?o 1.1</SimpleData>
            <SimpleData name="Fecha_visi">2026/09/04</SimpleData>
            <SimpleData name="Cumple_sup">-</SimpleData>
            <SimpleData name="Estado_mon">??????NO CUMPLE??????</SimpleData>
            <SimpleData name="Situaci_12">En el momento del monitoreo no se observa plantines sobre vivientes por causas de las hormigas cortadoras, recomendamos realizar reposiciones de las plantas perdidas.</SimpleData>
            <SimpleData name="Observaci">-</SimpleData>
            <SimpleData name="Dias_trans">2.24942129630</SimpleData>
            <SimpleData name="Prioridad">ALTA</SimpleData>
            <SimpleData name="OBJECTID_1">335</SimpleData>
          </SchemaData>
        </ExtendedData>
        <Point>
          <coordinates>
            -55.6845769457064,-24.2073643027439,0
          </coordinates>
        </Point>
      </Placemark>
      <Placemark id="Distrito_VILLA_YGATIM__.47">
        <ExtendedData>
          <SchemaData schemaUrl="#Distrito_VILLA_YGATIM__.schema">
            <SimpleData name="CÈdula">4285785.00000000000</SimpleData>
            <SimpleData name="cedula">4285785</SimpleData>
            <SimpleData name="CÈdula_1">4285785.00000000000</SimpleData>
            <SimpleData name="N">373.00000000000</SimpleData>
            <SimpleData name="Nombres_y_">DANIEL PORTILLO GARCIA</SimpleData>
            <SimpleData name="Sexo">Hombre</SimpleData>
            <SimpleData name="Cambio_de_">NO</SimpleData>
            <SimpleData name="Titular_se">NO</SimpleData>
            <SimpleData name="CÈdula_Ti">-</SimpleData>
            <SimpleData name="SituaciÛn">-</SimpleData>
            <SimpleData name="Comunidad">Ind?gena</SimpleData>
            <SimpleData name="Modelo_imp">Modelo 2</SimpleData>
            <SimpleData name="Departamen">CANINDEYU</SimpleData>
            <SimpleData name="Distrito">VILLA YGATIM?</SimpleData>
            <SimpleData name="Localidad">COM INDIG MBOI JAGUA - CA ADITA</SimpleData>
            <SimpleData name="TelÈfono">-</SimpleData>
            <SimpleData name="Vivienda_L">-24.11421670000</SimpleData>
            <SimpleData name="Vivienda_1">-55.55687670000</SimpleData>
            <SimpleData name="Superficie">0.80000000000</SimpleData>
            <SimpleData name="Situaci_1">Parametro</SimpleData>
            <SimpleData name="Plantado">Si</SimpleData>
            <SimpleData name="Parcela_La">-24.11948924000</SimpleData>
            <SimpleData name="Parcela_Lo">-55.55599159000</SimpleData>
            <SimpleData name="Grupo_Impl">G2</SimpleData>
            <SimpleData name="Grupo_de_P">H-P17-XX-XX-XX</SimpleData>
            <SimpleData name="Jornales">0.00000000000</SimpleData>
            <SimpleData name="Monto">0.00000000000</SimpleData>
            <SimpleData name="ETAPA_FAO">Mantenimiento A?o 1.1</SimpleData>
            <SimpleData name="Asistencia">-</SimpleData>
            <SimpleData name="Estado_del">Activo</SimpleData>
            <SimpleData name="Empresa">Hyh Consultores SRL</SimpleData>
            <SimpleData name="Lote">H</SimpleData>
            <SimpleData name="Monitorear">No</SimpleData>
            <SimpleData name="Fecha_de_M">-</SimpleData>
            <SimpleData name="F__de_pren">-</SimpleData>
            <SimpleData name="Estado_FAO">Monitorear</SimpleData>
            <SimpleData name="Etapa_de_i">Mantenimiento A?o 1.1</SimpleData>
            <SimpleData name="Fecha_visi">2026/08/27</SimpleData>
            <SimpleData name="Cumple_sup">Si</SimpleData>
            <SimpleData name="Estado_mon">-</SimpleData>
            <SimpleData name="Situaci_12">-</SimpleData>
            <SimpleData name="Observaci">-</SimpleData>
            <SimpleData name="Dias_trans">10.16001157410</SimpleData>
            <SimpleData name="Prioridad">ALTA</SimpleData>
            <SimpleData name="OBJECTID_1">373</SimpleData>
          </SchemaData>
        </ExtendedData>
        <Point>
          <coordinates>
            -55.555991592222,-24.1194892373434,0
          </coordinates>
        </Point>
      </Placemark>
      <Placemark id="Distrito_VILLA_YGATIM__.48">
        <ExtendedData>
          <SchemaData schemaUrl="#Distrito_VILLA_YGATIM__.schema">
            <SimpleData name="CÈdula">1045209.00000000000</SimpleData>
            <SimpleData name="cedula">1045209</SimpleData>
            <SimpleData name="CÈdula_1">1045209.00000000000</SimpleData>
            <SimpleData name="N">82.00000000000</SimpleData>
            <SimpleData name="Nombres_y_">DANIEL EMILIO OVIEDO</SimpleData>
            <SimpleData name="Sexo">Hombre</SimpleData>
            <SimpleData name="Cambio_de_">NO</SimpleData>
            <SimpleData name="Titular_se">NO</SimpleData>
            <SimpleData name="CÈdula_Ti">-</SimpleData>
            <SimpleData name="SituaciÛn">NO</SimpleData>
            <SimpleData name="Comunidad">Ind?gena</SimpleData>
            <SimpleData name="Modelo_imp">Modelo 1</SimpleData>
            <SimpleData name="Departamen">CANINDEYU</SimpleData>
            <SimpleData name="Distrito">VILLA YGATIM?</SimpleData>
            <SimpleData name="Localidad">COM INDIG CHUPA POU</SimpleData>
            <SimpleData name="TelÈfono">0986558729</SimpleData>
            <SimpleData name="Vivienda_L">-24.21397280000</SimpleData>
            <SimpleData name="Vivienda_1">-55.66875700000</SimpleData>
            <SimpleData name="Superficie">0.80000000000</SimpleData>
            <SimpleData name="Situaci_1">Pol?gono</SimpleData>
            <SimpleData name="Plantado">Si</SimpleData>
            <SimpleData name="Parcela_La">-24.21825108000</SimpleData>
            <SimpleData name="Parcela_Lo">-55.67137244000</SimpleData>
            <SimpleData name="Grupo_Impl">G2</SimpleData>
            <SimpleData name="Grupo_de_P">H-P2-P10P10-XX-XX</SimpleData>
            <SimpleData name="Jornales">4.00000000000</SimpleData>
            <SimpleData name="Monto">446008.00000000000</SimpleData>
            <SimpleData name="ETAPA_FAO">Mantenimiento A?o 1.2</SimpleData>
            <SimpleData name="Asistencia">-</SimpleData>
            <SimpleData name="Estado_del">Activo</SimpleData>
            <SimpleData name="Empresa">Hyh Consultores SRL</SimpleData>
            <SimpleData name="Lote">H</SimpleData>
            <SimpleData name="Monitorear">No</SimpleData>
            <SimpleData name="Fecha_de_M">12/8/2026</SimpleData>
            <SimpleData name="F__de_pren">70</SimpleData>
            <SimpleData name="Estado_FAO">Monitorear Reposicion</SimpleData>
            <SimpleData name="Etapa_de_i">Mantenimiento A?o 1.2</SimpleData>
            <SimpleData name="Fecha_visi">2026/09/04</SimpleData>
            <SimpleData name="Cumple_sup">-</SimpleData>
            <SimpleData name="Estado_mon">??????NO CUMPLE??????</SimpleData>
            <SimpleData name="Situaci_12">Al momento del monitoreo de mantenimiento y asistencia t?cnica se observa que la parcela no cumple con las especificaciones t?cnicas establecidas. Se  visualiza ataque de hormigas cortadoras y faltantes de plantines de especies forestales de r?pido cr</SimpleData>
            <SimpleData name="Observaci">-</SimpleData>
            <SimpleData name="Dias_trans">2.49987268518</SimpleData>
            <SimpleData name="Prioridad">ALTA</SimpleData>
            <SimpleData name="OBJECTID_1">82</SimpleData>
          </SchemaData>
        </ExtendedData>
        <Point>
          <coordinates>
            -55.6713724413716,-24.2182510775661,0
          </coordinates>
        </Point>
      </Placemark>
      <Placemark id="Distrito_VILLA_YGATIM__.49">
        <ExtendedData>
          <SchemaData schemaUrl="#Distrito_VILLA_YGATIM__.schema">
            <SimpleData name="CÈdula">5752676.00000000000</SimpleData>
            <SimpleData name="cedula">5752676</SimpleData>
            <SimpleData name="CÈdula_1">5752676.00000000000</SimpleData>
            <SimpleData name="N">105.00000000000</SimpleData>
            <SimpleData name="Nombres_y_">HILARIA KANJEGI DE TORANGI</SimpleData>
            <SimpleData name="Sexo">Mujer</SimpleData>
            <SimpleData name="Cambio_de_">NO</SimpleData>
            <SimpleData name="Titular_se">NO</SimpleData>
            <SimpleData name="CÈdula_Ti">-</SimpleData>
            <SimpleData name="SituaciÛn">NO</SimpleData>
            <SimpleData name="Comunidad">Ind?gena</SimpleData>
            <SimpleData name="Modelo_imp">Modelo 4</SimpleData>
            <SimpleData name="Departamen">CANINDEYU</SimpleData>
            <SimpleData name="Distrito">VILLA YGATIM?</SimpleData>
            <SimpleData name="Localidad">COM INDIG CHUPA POU</SimpleData>
            <SimpleData name="TelÈfono">0986556518</SimpleData>
            <SimpleData name="Vivienda_L">-24.24352830000</SimpleData>
            <SimpleData name="Vivienda_1">-55.73007000000</SimpleData>
            <SimpleData name="Superficie">0.70000000000</SimpleData>
            <SimpleData name="Situaci_1">Pol?gono</SimpleData>
            <SimpleData name="Plantado">Si</SimpleData>
            <SimpleData name="Parcela_La">-24.23829965000</SimpleData>
            <SimpleData name="Parcela_Lo">-55.73464283000</SimpleData>
            <SimpleData name="Grupo_Impl">G2</SimpleData>
            <SimpleData name="Grupo_de_P">H-P2-P10P10-XX-XX</SimpleData>
            <SimpleData name="Jornales">4.00000000000</SimpleData>
            <SimpleData name="Monto">446008.00000000000</SimpleData>
            <SimpleData name="ETAPA_FAO">Mantenimiento A?o 1.2</SimpleData>
            <SimpleData name="Asistencia">-</SimpleData>
            <SimpleData name="Estado_del">Activo</SimpleData>
            <SimpleData name="Empresa">Hyh Consultores SRL</SimpleData>
            <SimpleData name="Lote">H</SimpleData>
            <SimpleData name="Monitorear">No</SimpleData>
            <SimpleData name="Fecha_de_M">-</SimpleData>
            <SimpleData name="F__de_pren">-</SimpleData>
            <SimpleData name="Estado_FAO">Monitorear</SimpleData>
            <SimpleData name="Etapa_de_i">Mantenimiento A?o 1.2</SimpleData>
            <SimpleData name="Fecha_visi">2026/09/04</SimpleData>
            <SimpleData name="Cumple_sup">Si</SimpleData>
            <SimpleData name="Estado_mon">-</SimpleData>
            <SimpleData name="Situaci_12">-</SimpleData>
            <SimpleData name="Observaci">-</SimpleData>
            <SimpleData name="Dias_trans">2.50146990741</SimpleData>
            <SimpleData name="Prioridad">ALTA</SimpleData>
            <SimpleData name="OBJECTID_1">105</SimpleData>
          </SchemaData>
        </ExtendedData>
        <Point>
          <coordinates>
            -55.7346428335787,-24.2382996476241,0
          </coordinates>
        </Point>
      </Placemark>
      <Placemark id="Distrito_VILLA_YGATIM__.50">
        <ExtendedData>
          <SchemaData schemaUrl="#Distrito_VILLA_YGATIM__.schema">
            <SimpleData name="CÈdula">6349048.00000000000</SimpleData>
            <SimpleData name="cedula">6349048</SimpleData>
            <SimpleData name="CÈdula_1">6349048.00000000000</SimpleData>
            <SimpleData name="N">112.00000000000</SimpleData>
            <SimpleData name="Nombres_y_">ADAN MROMBEGI KMABUGI PIRAJUGI</SimpleData>
            <SimpleData name="Sexo">Hombre</SimpleData>
            <SimpleData name="Cambio_de_">NO</SimpleData>
            <SimpleData name="Titular_se">NO</SimpleData>
            <SimpleData name="CÈdula_Ti">-</SimpleData>
            <SimpleData name="SituaciÛn">NO</SimpleData>
            <SimpleData name="Comunidad">Ind?gena</SimpleData>
            <SimpleData name="Modelo_imp">Modelo 1</SimpleData>
            <SimpleData name="Departamen">CANINDEYU</SimpleData>
            <SimpleData name="Distrito">VILLA YGATIM?</SimpleData>
            <SimpleData name="Localidad">COM INDIG CHUPA POU</SimpleData>
            <SimpleData name="TelÈfono">0985555590</SimpleData>
            <SimpleData name="Vivienda_L">-24.20902630000</SimpleData>
            <SimpleData name="Vivienda_1">-55.67515710000</SimpleData>
            <SimpleData name="Superficie">0.80000000000</SimpleData>
            <SimpleData name="Situaci_1">Pol?gono</SimpleData>
            <SimpleData name="Plantado">Si</SimpleData>
            <SimpleData name="Parcela_La">-24.20769945000</SimpleData>
            <SimpleData name="Parcela_Lo">-55.67566177000</SimpleData>
            <SimpleData name="Grupo_Impl">G2</SimpleData>
            <SimpleData name="Grupo_de_P">H-P2-P10P10-XX-XX</SimpleData>
            <SimpleData name="Jornales">4.00000000000</SimpleData>
            <SimpleData name="Monto">446008.00000000000</SimpleData>
            <SimpleData name="ETAPA_FAO">Mantenimiento A?o 1.2</SimpleData>
            <SimpleData name="Asistencia">-</SimpleData>
            <SimpleData name="Estado_del">Activo</SimpleData>
            <SimpleData name="Empresa">Hyh Consultores SRL</SimpleData>
            <SimpleData name="Lote">H</SimpleData>
            <SimpleData name="Monitorear">No</SimpleData>
            <SimpleData name="Fecha_de_M">-</SimpleData>
            <SimpleData name="F__de_pren">-</SimpleData>
            <SimpleData name="Estado_FAO">Monitorear</SimpleData>
            <SimpleData name="Etapa_de_i">Mantenimiento A?o 1.2</SimpleData>
            <SimpleData name="Fecha_visi">2026/09/03</SimpleData>
            <SimpleData name="Cumple_sup">Si</SimpleData>
            <SimpleData name="Estado_mon">-</SimpleData>
            <SimpleData name="Situaci_12">-</SimpleData>
            <SimpleData name="Observaci">-</SimpleData>
            <SimpleData name="Dias_trans">3.30938657407</SimpleData>
            <SimpleData name="Prioridad">ALTA</SimpleData>
            <SimpleData name="OBJECTID_1">112</SimpleData>
          </SchemaData>
        </ExtendedData>
        <Point>
          <coordinates>
            -55.6756617699527,-24.207699446197,0
          </coordinates>
        </Point>
      </Placemark>
      <Placemark id="Distrito_VILLA_YGATIM__.51">
        <ExtendedData>
          <SchemaData schemaUrl="#Distrito_VILLA_YGATIM__.schema">
            <SimpleData name="CÈdula">5170881.00000000000</SimpleData>
            <SimpleData name="cedula">5170881</SimpleData>
            <SimpleData name="CÈdula_1">5170881.00000000000</SimpleData>
            <SimpleData name="N">329.00000000000</SimpleData>
            <SimpleData name="Nombres_y_">VENICIA KUAREMINIGI CHACHUGI TORANGI</SimpleData>
            <SimpleData name="Sexo">Mujer</SimpleData>
            <SimpleData name="Cambio_de_">NO</SimpleData>
            <SimpleData name="Titular_se">NO</SimpleData>
            <SimpleData name="CÈdula_Ti">-</SimpleData>
            <SimpleData name="SituaciÛn">NO</SimpleData>
            <SimpleData name="Comunidad">Ind?gena</SimpleData>
            <SimpleData name="Modelo_imp">Modelo 4</SimpleData>
            <SimpleData name="Departamen">CANINDEYU</SimpleData>
            <SimpleData name="Distrito">VILLA YGATIM?</SimpleData>
            <SimpleData name="Localidad">COM INDIG CHUPA POU</SimpleData>
            <SimpleData name="TelÈfono">985901733</SimpleData>
            <SimpleData name="Vivienda_L">-24.20831500000</SimpleData>
            <SimpleData name="Vivienda_1">-55.67714670000</SimpleData>
            <SimpleData name="Superficie">0.70000000000</SimpleData>
            <SimpleData name="Situaci_1">Pol?gono</SimpleData>
            <SimpleData name="Plantado">Si</SimpleData>
            <SimpleData name="Parcela_La">-24.22199801000</SimpleData>
            <SimpleData name="Parcela_Lo">-55.70674613000</SimpleData>
            <SimpleData name="Grupo_Impl">G2</SimpleData>
            <SimpleData name="Grupo_de_P">H-P3-P10P10-XX-XX</SimpleData>
            <SimpleData name="Jornales">4.00000000000</SimpleData>
            <SimpleData name="Monto">446008.00000000000</SimpleData>
            <SimpleData name="ETAPA_FAO">Mantenimiento A?o 1.2</SimpleData>
            <SimpleData name="Asistencia">-</SimpleData>
            <SimpleData name="Estado_del">Activo</SimpleData>
            <SimpleData name="Empresa">Hyh Consultores SRL</SimpleData>
            <SimpleData name="Lote">H</SimpleData>
            <SimpleData name="Monitorear">No</SimpleData>
            <SimpleData name="Fecha_de_M">-</SimpleData>
            <SimpleData name="F__de_pren">-</SimpleData>
            <SimpleData name="Estado_FAO">Monitorear</SimpleData>
            <SimpleData name="Etapa_de_i">Mantenimiento A?o 1.2</SimpleData>
            <SimpleData name="Fecha_visi">2026/08/21</SimpleData>
            <SimpleData name="Cumple_sup">Si</SimpleData>
            <SimpleData name="Estado_mon">-</SimpleData>
            <SimpleData name="Situaci_12">-</SimpleData>
            <SimpleData name="Observaci">-</SimpleData>
            <SimpleData name="Dias_trans">16.23738425930</SimpleData>
            <SimpleData name="Prioridad">ALTA</SimpleData>
            <SimpleData name="OBJECTID_1">329</SimpleData>
          </SchemaData>
        </ExtendedData>
        <Point>
          <coordinates>
            -55.7067461335712,-24.2219980111509,0
          </coordinates>
        </Point>
      </Placemark>
      <Placemark id="Distrito_VILLA_YGATIM__.52">
        <ExtendedData>
          <SchemaData schemaUrl="#Distrito_VILLA_YGATIM__.schema">
            <SimpleData name="CÈdula">6314557.00000000000</SimpleData>
            <SimpleData name="cedula">6314557</SimpleData>
            <SimpleData name="CÈdula_1">6314557.00000000000</SimpleData>
            <SimpleData name="N">97.00000000000</SimpleData>
            <SimpleData name="Nombres_y_">DORKA KREMBEGI TAKUANGI MBYVANGI</SimpleData>
            <SimpleData name="Sexo">Mujer</SimpleData>
            <SimpleData name="Cambio_de_">NO</SimpleData>
            <SimpleData name="Titular_se">NO</SimpleData>
            <SimpleData name="CÈdula_Ti">-</SimpleData>
            <SimpleData name="SituaciÛn">NO</SimpleData>
            <SimpleData name="Comunidad">Ind?gena</SimpleData>
            <SimpleData name="Modelo_imp">Modelo 4</SimpleData>
            <SimpleData name="Departamen">CANINDEYU</SimpleData>
            <SimpleData name="Distrito">VILLA YGATIM?</SimpleData>
            <SimpleData name="Localidad">COM INDIG CHUPA POU</SimpleData>
            <SimpleData name="TelÈfono">0983753324</SimpleData>
            <SimpleData name="Vivienda_L">-24.20915390000</SimpleData>
            <SimpleData name="Vivienda_1">-55.67881700000</SimpleData>
            <SimpleData name="Superficie">0.70000000000</SimpleData>
            <SimpleData name="Situaci_1">Pol?gono</SimpleData>
            <SimpleData name="Plantado">Si</SimpleData>
            <SimpleData name="Parcela_La">-24.21024331000</SimpleData>
            <SimpleData name="Parcela_Lo">-55.67932934000</SimpleData>
            <SimpleData name="Grupo_Impl">G2</SimpleData>
            <SimpleData name="Grupo_de_P">H-P2-P10P10-XX-XX</SimpleData>
            <SimpleData name="Jornales">4.00000000000</SimpleData>
            <SimpleData name="Monto">446008.00000000000</SimpleData>
            <SimpleData name="ETAPA_FAO">Mantenimiento A?o 1.2</SimpleData>
            <SimpleData name="Asistencia">-</SimpleData>
            <SimpleData name="Estado_del">Activo</SimpleData>
            <SimpleData name="Empresa">Hyh Consultores SRL</SimpleData>
            <SimpleData name="Lote">H</SimpleData>
            <SimpleData name="Monitorear">No</SimpleData>
            <SimpleData name="Fecha_de_M">-</SimpleData>
            <SimpleData name="F__de_pren">-</SimpleData>
            <SimpleData name="Estado_FAO">Monitorear</SimpleData>
            <SimpleData name="Etapa_de_i">Mantenimiento A?o 1.2</SimpleData>
            <SimpleData name="Fecha_visi">2026/08/06</SimpleData>
            <SimpleData name="Cumple_sup">Si</SimpleData>
            <SimpleData name="Estado_mon">-</SimpleData>
            <SimpleData name="Situaci_12">-</SimpleData>
            <SimpleData name="Observaci">-</SimpleData>
            <SimpleData name="Dias_trans">31.22151620370</SimpleData>
            <SimpleData name="Prioridad">ALTA</SimpleData>
            <SimpleData name="OBJECTID_1">97</SimpleData>
          </SchemaData>
        </ExtendedData>
        <Point>
          <coordinates>
            -55.6793293381534,-24.210243312137,0
          </coordinates>
        </Point>
      </Placemark>
      <Placemark id="Distrito_VILLA_YGATIM__.53">
        <ExtendedData>
          <SchemaData schemaUrl="#Distrito_VILLA_YGATIM__.schema">
            <SimpleData name="CÈdula">7964460.00000000000</SimpleData>
            <SimpleData name="cedula">7964460</SimpleData>
            <SimpleData name="CÈdula_1">7964460.00000000000</SimpleData>
            <SimpleData name="N">60.00000000000</SimpleData>
            <SimpleData name="Nombres_y_">DANIELA ORTIZ BARRETO</SimpleData>
            <SimpleData name="Sexo">Mujer</SimpleData>
            <SimpleData name="Cambio_de_">NO</SimpleData>
            <SimpleData name="Titular_se">NO</SimpleData>
            <SimpleData name="CÈdula_Ti">-</SimpleData>
            <SimpleData name="SituaciÛn">NO</SimpleData>
            <SimpleData name="Comunidad">Campesina</SimpleData>
            <SimpleData name="Modelo_imp">Modelo 4</SimpleData>
            <SimpleData name="Departamen">CANINDEYU</SimpleData>
            <SimpleData name="Distrito">VILLA YGATIM?</SimpleData>
            <SimpleData name="Localidad">ARROYO GUAZU</SimpleData>
            <SimpleData name="TelÈfono">0976537394</SimpleData>
            <SimpleData name="Vivienda_L">-24.03659500000</SimpleData>
            <SimpleData name="Vivienda_1">-55.65772000000</SimpleData>
            <SimpleData name="Superficie">0.70000000000</SimpleData>
            <SimpleData name="Situaci_1">Pol?gono</SimpleData>
            <SimpleData name="Plantado">Si</SimpleData>
            <SimpleData name="Parcela_La">-24.03693321000</SimpleData>
            <SimpleData name="Parcela_Lo">-55.65859127000</SimpleData>
            <SimpleData name="Grupo_Impl">G2</SimpleData>
            <SimpleData name="Grupo_de_P">H-P5-XX-XX-XX</SimpleData>
            <SimpleData name="Jornales">0.00000000000</SimpleData>
            <SimpleData name="Monto">0.00000000000</SimpleData>
            <SimpleData name="ETAPA_FAO">Mantenimiento A?o 1.1</SimpleData>
            <SimpleData name="Asistencia">-</SimpleData>
            <SimpleData name="Estado_del">Activo</SimpleData>
            <SimpleData name="Empresa">Hyh Consultores SRL</SimpleData>
            <SimpleData name="Lote">H</SimpleData>
            <SimpleData name="Monitorear">No</SimpleData>
            <SimpleData name="Fecha_de_M">12/3/2026</SimpleData>
            <SimpleData name="F__de_pren">50</SimpleData>
            <SimpleData name="Estado_FAO">Monitorear Reposicion</SimpleData>
            <SimpleData name="Etapa_de_i">Mantenimiento A?o 1.1</SimpleData>
            <SimpleData name="Fecha_visi">2026/08/31</SimpleData>
            <SimpleData name="Cumple_sup">-</SimpleData>
            <SimpleData name="Estado_mon">??????NO CUMPLE??????</SimpleData>
            <SimpleData name="Situaci_12">En el momento del monitoreo la parcela se encuentra con picadas bien definidas, pero se observan p?rdidas significativas de plantines de yerba mate.</SimpleData>
            <SimpleData name="Observaci">-</SimpleData>
            <SimpleData name="Dias_trans">6.36159722223</SimpleData>
            <SimpleData name="Prioridad">ALTA</SimpleData>
            <SimpleData name="OBJECTID_1">60</SimpleData>
          </SchemaData>
        </ExtendedData>
        <Point>
          <coordinates>
            -55.6585912694263,-24.0369332121513,0
          </coordinates>
        </Point>
      </Placemark>
      <Placemark id="Distrito_VILLA_YGATIM__.54">
        <ExtendedData>
          <SchemaData schemaUrl="#Distrito_VILLA_YGATIM__.schema">
            <SimpleData name="CÈdula">6349328.00000000000</SimpleData>
            <SimpleData name="cedula">6349328</SimpleData>
            <SimpleData name="CÈdula_1">6349328.00000000000</SimpleData>
            <SimpleData name="N">336.00000000000</SimpleData>
            <SimpleData name="Nombres_y_">VERONICA MEMBOPURANGI PIRAGI KRYGI</SimpleData>
            <SimpleData name="Sexo">Mujer</SimpleData>
            <SimpleData name="Cambio_de_">NO</SimpleData>
            <SimpleData name="Titular_se">NO</SimpleData>
            <SimpleData name="CÈdula_Ti">-</SimpleData>
            <SimpleData name="SituaciÛn">NO</SimpleData>
            <SimpleData name="Comunidad">Ind?gena</SimpleData>
            <SimpleData name="Modelo_imp">Modelo 1</SimpleData>
            <SimpleData name="Departamen">CANINDEYU</SimpleData>
            <SimpleData name="Distrito">VILLA YGATIM?</SimpleData>
            <SimpleData name="Localidad">COM INDIG CHUPA POU</SimpleData>
            <SimpleData name="TelÈfono">1234567890</SimpleData>
            <SimpleData name="Vivienda_L">-24.21440000000</SimpleData>
            <SimpleData name="Vivienda_1">-55.66762500000</SimpleData>
            <SimpleData name="Superficie">0.80000000000</SimpleData>
            <SimpleData name="Situaci_1">Pol?gono</SimpleData>
            <SimpleData name="Plantado">Si</SimpleData>
            <SimpleData name="Parcela_La">-24.22262311000</SimpleData>
            <SimpleData name="Parcela_Lo">-55.67042716000</SimpleData>
            <SimpleData name="Grupo_Impl">G2</SimpleData>
            <SimpleData name="Grupo_de_P">H-P3-XX-XX-XX</SimpleData>
            <SimpleData name="Jornales">0.00000000000</SimpleData>
            <SimpleData name="Monto">0.00000000000</SimpleData>
            <SimpleData name="ETAPA_FAO">Mantenimiento A?o 1.1</SimpleData>
            <SimpleData name="Asistencia">-</SimpleData>
            <SimpleData name="Estado_del">Activo</SimpleData>
            <SimpleData name="Empresa">Hyh Consultores SRL</SimpleData>
            <SimpleData name="Lote">H</SimpleData>
            <SimpleData name="Monitorear">No</SimpleData>
            <SimpleData name="Fecha_de_M">12/8/2026</SimpleData>
            <SimpleData name="F__de_pren">70</SimpleData>
            <SimpleData name="Estado_FAO">Monitorear Reposicion</SimpleData>
            <SimpleData name="Etapa_de_i">Mantenimiento A?o 1.1</SimpleData>
            <SimpleData name="Fecha_visi">2026/09/02</SimpleData>
            <SimpleData name="Cumple_sup">-</SimpleData>
            <SimpleData name="Estado_mon">??????NO CUMPLE??????</SimpleData>
            <SimpleData name="Situaci_12">Al momento del monitoreo de mantenimiento y asistencia t?cnica se observa que la parcela no cumple con las especificaciones t?cnicas establecidas. Se sugiere limpieza de callejones con rastra melga, reposici?n de plantines de especies forestales nativ</SimpleData>
            <SimpleData name="Observaci">-</SimpleData>
            <SimpleData name="Dias_trans">4.17925925926</SimpleData>
            <SimpleData name="Prioridad">ALTA</SimpleData>
            <SimpleData name="OBJECTID_1">336</SimpleData>
          </SchemaData>
        </ExtendedData>
        <Point>
          <coordinates>
            -55.6704271558547,-24.222623106618,0
          </coordinates>
        </Point>
      </Placemark>
      <Placemark id="Distrito_VILLA_YGATIM__.55">
        <ExtendedData>
          <SchemaData schemaUrl="#Distrito_VILLA_YGATIM__.schema">
            <SimpleData name="CÈdula">6349365.00000000000</SimpleData>
            <SimpleData name="cedula">6349365</SimpleData>
            <SimpleData name="CÈdula_1">6349365.00000000000</SimpleData>
            <SimpleData name="N">114.00000000000</SimpleData>
            <SimpleData name="Nombres_y_"><![CDATA[RAFAELA KRY'YPURANGI]]></SimpleData>
            <SimpleData name="Sexo">Mujer</SimpleData>
            <SimpleData name="Cambio_de_">NO</SimpleData>
            <SimpleData name="Titular_se">NO</SimpleData>
            <SimpleData name="CÈdula_Ti">-</SimpleData>
            <SimpleData name="SituaciÛn">NO</SimpleData>
            <SimpleData name="Comunidad">Ind?gena</SimpleData>
            <SimpleData name="Modelo_imp">Modelo 4</SimpleData>
            <SimpleData name="Departamen">CANINDEYU</SimpleData>
            <SimpleData name="Distrito">VILLA YGATIM?</SimpleData>
            <SimpleData name="Localidad">COM INDIG CHUPA POU</SimpleData>
            <SimpleData name="TelÈfono">0985942900</SimpleData>
            <SimpleData name="Vivienda_L">-24.21042980000</SimpleData>
            <SimpleData name="Vivienda_1">-55.67354820000</SimpleData>
            <SimpleData name="Superficie">0.70000000000</SimpleData>
            <SimpleData name="Situaci_1">Pol?gono</SimpleData>
            <SimpleData name="Plantado">Si</SimpleData>
            <SimpleData name="Parcela_La">-24.22072224000</SimpleData>
            <SimpleData name="Parcela_Lo">-55.71217638000</SimpleData>
            <SimpleData name="Grupo_Impl">G2</SimpleData>
            <SimpleData name="Grupo_de_P">H-P2-P10P10-XX-XX</SimpleData>
            <SimpleData name="Jornales">4.00000000000</SimpleData>
            <SimpleData name="Monto">446008.00000000000</SimpleData>
            <SimpleData name="ETAPA_FAO">Mantenimiento A?o 1.2</SimpleData>
            <SimpleData name="Asistencia">-</SimpleData>
            <SimpleData name="Estado_del">Activo</SimpleData>
            <SimpleData name="Empresa">Hyh Consultores SRL</SimpleData>
            <SimpleData name="Lote">H</SimpleData>
            <SimpleData name="Monitorear">No</SimpleData>
            <SimpleData name="Fecha_de_M">-</SimpleData>
            <SimpleData name="F__de_pren">-</SimpleData>
            <SimpleData name="Estado_FAO">Monitorear</SimpleData>
            <SimpleData name="Etapa_de_i">Mantenimiento A?o 1.2</SimpleData>
            <SimpleData name="Fecha_visi">2026/08/19</SimpleData>
            <SimpleData name="Cumple_sup">Si</SimpleData>
            <SimpleData name="Estado_mon">-</SimpleData>
            <SimpleData name="Situaci_12">-</SimpleData>
            <SimpleData name="Observaci">-</SimpleData>
            <SimpleData name="Dias_trans">18.39688657410</SimpleData>
            <SimpleData name="Prioridad">ALTA</SimpleData>
            <SimpleData name="OBJECTID_1">114</SimpleData>
          </SchemaData>
        </ExtendedData>
        <Point>
          <coordinates>
            -55.7121763766683,-24.2207222406005,0
          </coordinates>
        </Point>
      </Placemark>
      <Placemark id="Distrito_VILLA_YGATIM__.56">
        <ExtendedData>
          <SchemaData schemaUrl="#Distrito_VILLA_YGATIM__.schema">
            <SimpleData name="CÈdula">6349329.00000000000</SimpleData>
            <SimpleData name="cedula">6349329</SimpleData>
            <SimpleData name="CÈdula_1">6349329.00000000000</SimpleData>
            <SimpleData name="N">327.00000000000</SimpleData>
            <SimpleData name="Nombres_y_">VERONICA PIRAGI MBYVANGI CHEVUGI</SimpleData>
            <SimpleData name="Sexo">Mujer</SimpleData>
            <SimpleData name="Cambio_de_">NO</SimpleData>
            <SimpleData name="Titular_se">NO</SimpleData>
            <SimpleData name="CÈdula_Ti">-</SimpleData>
            <SimpleData name="SituaciÛn">NO</SimpleData>
            <SimpleData name="Comunidad">Ind?gena</SimpleData>
            <SimpleData name="Modelo_imp">Modelo 4</SimpleData>
            <SimpleData name="Departamen">CANINDEYU</SimpleData>
            <SimpleData name="Distrito">VILLA YGATIM?</SimpleData>
            <SimpleData name="Localidad">COM INDIG CHUPA POU</SimpleData>
            <SimpleData name="TelÈfono">987479242</SimpleData>
            <SimpleData name="Vivienda_L">-24.20918830000</SimpleData>
            <SimpleData name="Vivienda_1">-55.67575170000</SimpleData>
            <SimpleData name="Superficie">0.70000000000</SimpleData>
            <SimpleData name="Situaci_1">Pol?gono</SimpleData>
            <SimpleData name="Plantado">Si</SimpleData>
            <SimpleData name="Parcela_La">-24.22673157000</SimpleData>
            <SimpleData name="Parcela_Lo">-55.70705263000</SimpleData>
            <SimpleData name="Grupo_Impl">G2</SimpleData>
            <SimpleData name="Grupo_de_P">H-P3-P10P10-XX-XX</SimpleData>
            <SimpleData name="Jornales">4.00000000000</SimpleData>
            <SimpleData name="Monto">446008.00000000000</SimpleData>
            <SimpleData name="ETAPA_FAO">Mantenimiento A?o 1.2</SimpleData>
            <SimpleData name="Asistencia">-</SimpleData>
            <SimpleData name="Estado_del">Activo</SimpleData>
            <SimpleData name="Empresa">Hyh Consultores SRL</SimpleData>
            <SimpleData name="Lote">H</SimpleData>
            <SimpleData name="Monitorear">No</SimpleData>
            <SimpleData name="Fecha_de_M">-</SimpleData>
            <SimpleData name="F__de_pren">-</SimpleData>
            <SimpleData name="Estado_FAO">Monitorear</SimpleData>
            <SimpleData name="Etapa_de_i">Mantenimiento A?o 1.2</SimpleData>
            <SimpleData name="Fecha_visi">2026/09/04</SimpleData>
            <SimpleData name="Cumple_sup">Si</SimpleData>
            <SimpleData name="Estado_mon">-</SimpleData>
            <SimpleData name="Situaci_12">-</SimpleData>
            <SimpleData name="Observaci">-</SimpleData>
            <SimpleData name="Dias_trans">2.28299768519</SimpleData>
            <SimpleData name="Prioridad">ALTA</SimpleData>
            <SimpleData name="OBJECTID_1">327</SimpleData>
          </SchemaData>
        </ExtendedData>
        <Point>
          <coordinates>
            -55.7070526274606,-24.226731569561,0
          </coordinates>
        </Point>
      </Placemark>
      <Placemark id="Distrito_VILLA_YGATIM__.57">
        <ExtendedData>
          <SchemaData schemaUrl="#Distrito_VILLA_YGATIM__.schema">
            <SimpleData name="CÈdula">6349169.00000000000</SimpleData>
            <SimpleData name="cedula">6349169</SimpleData>
            <SimpleData name="CÈdula_1">6349169.00000000000</SimpleData>
            <SimpleData name="N">118.00000000000</SimpleData>
            <SimpleData name="Nombres_y_">ALEJANDRA KUCHINGI</SimpleData>
            <SimpleData name="Sexo">Mujer</SimpleData>
            <SimpleData name="Cambio_de_">NO</SimpleData>
            <SimpleData name="Titular_se">NO</SimpleData>
            <SimpleData name="CÈdula_Ti">-</SimpleData>
            <SimpleData name="SituaciÛn">NO</SimpleData>
            <SimpleData name="Comunidad">Ind?gena</SimpleData>
            <SimpleData name="Modelo_imp">Modelo 4</SimpleData>
            <SimpleData name="Departamen">CANINDEYU</SimpleData>
            <SimpleData name="Distrito">VILLA YGATIM?</SimpleData>
            <SimpleData name="Localidad">COM INDIG CHUPA POU</SimpleData>
            <SimpleData name="TelÈfono">0984086688</SimpleData>
            <SimpleData name="Vivienda_L">-24.21629650000</SimpleData>
            <SimpleData name="Vivienda_1">-55.66549640000</SimpleData>
            <SimpleData name="Superficie">0.70000000000</SimpleData>
            <SimpleData name="Situaci_1">Pol?gono</SimpleData>
            <SimpleData name="Plantado">Si</SimpleData>
            <SimpleData name="Parcela_La">-24.22122239000</SimpleData>
            <SimpleData name="Parcela_Lo">-55.70775136000</SimpleData>
            <SimpleData name="Grupo_Impl">G2</SimpleData>
            <SimpleData name="Grupo_de_P">H-P2-P10P10-XX-XX</SimpleData>
            <SimpleData name="Jornales">4.00000000000</SimpleData>
            <SimpleData name="Monto">446008.00000000000</SimpleData>
            <SimpleData name="ETAPA_FAO">Mantenimiento A?o 1.2</SimpleData>
            <SimpleData name="Asistencia">-</SimpleData>
            <SimpleData name="Estado_del">Activo</SimpleData>
            <SimpleData name="Empresa">Hyh Consultores SRL</SimpleData>
            <SimpleData name="Lote">H</SimpleData>
            <SimpleData name="Monitorear">No</SimpleData>
            <SimpleData name="Fecha_de_M">-</SimpleData>
            <SimpleData name="F__de_pren">-</SimpleData>
            <SimpleData name="Estado_FAO">Monitorear</SimpleData>
            <SimpleData name="Etapa_de_i">Mantenimiento A?o 1.2</SimpleData>
            <SimpleData name="Fecha_visi">2026/08/21</SimpleData>
            <SimpleData name="Cumple_sup">Si</SimpleData>
            <SimpleData name="Estado_mon">-</SimpleData>
            <SimpleData name="Situaci_12">-</SimpleData>
            <SimpleData name="Observaci">-</SimpleData>
            <SimpleData name="Dias_trans">16.23608796300</SimpleData>
            <SimpleData name="Prioridad">ALTA</SimpleData>
            <SimpleData name="OBJECTID_1">118</SimpleData>
          </SchemaData>
        </ExtendedData>
        <Point>
          <coordinates>
            -55.7077513562836,-24.2212223882587,0
          </coordinates>
        </Point>
      </Placemark>
      <Placemark id="Distrito_VILLA_YGATIM__.58">
        <ExtendedData>
          <SchemaData schemaUrl="#Distrito_VILLA_YGATIM__.schema">
            <SimpleData name="CÈdula">6349364.00000000000</SimpleData>
            <SimpleData name="cedula">6349364</SimpleData>
            <SimpleData name="CÈdula_1">6349364.00000000000</SimpleData>
            <SimpleData name="N">70.00000000000</SimpleData>
            <SimpleData name="Nombres_y_">CORNELIA MBEPEGI KRACHOGI MBEPURANGI</SimpleData>
            <SimpleData name="Sexo">Mujer</SimpleData>
            <SimpleData name="Cambio_de_">NO</SimpleData>
            <SimpleData name="Titular_se">NO</SimpleData>
            <SimpleData name="CÈdula_Ti">-</SimpleData>
            <SimpleData name="SituaciÛn">NO</SimpleData>
            <SimpleData name="Comunidad">Ind?gena</SimpleData>
            <SimpleData name="Modelo_imp">Modelo 1</SimpleData>
            <SimpleData name="Departamen">CANINDEYU</SimpleData>
            <SimpleData name="Distrito">VILLA YGATIM?</SimpleData>
            <SimpleData name="Localidad">COM INDIG CHUPA POU</SimpleData>
            <SimpleData name="TelÈfono">0986555289</SimpleData>
            <SimpleData name="Vivienda_L">-24.20880670000</SimpleData>
            <SimpleData name="Vivienda_1">-55.67963170000</SimpleData>
            <SimpleData name="Superficie">0.80000000000</SimpleData>
            <SimpleData name="Situaci_1">Pol?gono</SimpleData>
            <SimpleData name="Plantado">Si</SimpleData>
            <SimpleData name="Parcela_La">-24.20351122000</SimpleData>
            <SimpleData name="Parcela_Lo">-55.68176613000</SimpleData>
            <SimpleData name="Grupo_Impl">G2</SimpleData>
            <SimpleData name="Grupo_de_P">H-P2-P10P10-XX-XX</SimpleData>
            <SimpleData name="Jornales">4.00000000000</SimpleData>
            <SimpleData name="Monto">446008.00000000000</SimpleData>
            <SimpleData name="ETAPA_FAO">Mantenimiento A?o 1.2</SimpleData>
            <SimpleData name="Asistencia">-</SimpleData>
            <SimpleData name="Estado_del">Activo</SimpleData>
            <SimpleData name="Empresa">Hyh Consultores SRL</SimpleData>
            <SimpleData name="Lote">H</SimpleData>
            <SimpleData name="Monitorear">No</SimpleData>
            <SimpleData name="Fecha_de_M">-</SimpleData>
            <SimpleData name="F__de_pren">-</SimpleData>
            <SimpleData name="Estado_FAO">Monitorear</SimpleData>
            <SimpleData name="Etapa_de_i">Mantenimiento A?o 1.2</SimpleData>
            <SimpleData name="Fecha_visi">2026/08/29</SimpleData>
            <SimpleData name="Cumple_sup">Si</SimpleData>
            <SimpleData name="Estado_mon">-</SimpleData>
            <SimpleData name="Situaci_12">-</SimpleData>
            <SimpleData name="Observaci">-</SimpleData>
            <SimpleData name="Dias_trans">8.42844907408</SimpleData>
            <SimpleData name="Prioridad">ALTA</SimpleData>
            <SimpleData name="OBJECTID_1">70</SimpleData>
          </SchemaData>
        </ExtendedData>
        <Point>
          <coordinates>
            -55.6817661259935,-24.2035112236266,0
          </coordinates>
        </Point>
      </Placemark>
      <Placemark id="Distrito_VILLA_YGATIM__.59">
        <ExtendedData>
          <SchemaData schemaUrl="#Distrito_VILLA_YGATIM__.schema">
            <SimpleData name="CÈdula">5451969.00000000000</SimpleData>
            <SimpleData name="cedula">5451969</SimpleData>
            <SimpleData name="CÈdula_1">5451969.00000000000</SimpleData>
            <SimpleData name="N">103.00000000000</SimpleData>
            <SimpleData name="Nombres_y_">FATIMA PIKYGI CENTURION VELAZQUEZ</SimpleData>
            <SimpleData name="Sexo">Mujer</SimpleData>
            <SimpleData name="Cambio_de_">NO</SimpleData>
            <SimpleData name="Titular_se">NO</SimpleData>
            <SimpleData name="CÈdula_Ti">-</SimpleData>
            <SimpleData name="SituaciÛn">NO</SimpleData>
            <SimpleData name="Comunidad">Ind?gena</SimpleData>
            <SimpleData name="Modelo_imp">Modelo 4</SimpleData>
            <SimpleData name="Departamen">CANINDEYU</SimpleData>
            <SimpleData name="Distrito">VILLA YGATIM?</SimpleData>
            <SimpleData name="Localidad">COM INDIG CHUPA POU</SimpleData>
            <SimpleData name="TelÈfono">0982541449</SimpleData>
            <SimpleData name="Vivienda_L">-24.24251360000</SimpleData>
            <SimpleData name="Vivienda_1">-55.73021030000</SimpleData>
            <SimpleData name="Superficie">0.70000000000</SimpleData>
            <SimpleData name="Situaci_1">Pol?gono</SimpleData>
            <SimpleData name="Plantado">Si</SimpleData>
            <SimpleData name="Parcela_La">-24.23310638000</SimpleData>
            <SimpleData name="Parcela_Lo">-55.73484221000</SimpleData>
            <SimpleData name="Grupo_Impl">G2</SimpleData>
            <SimpleData name="Grupo_de_P">H-P2-P10P10-XX-XX</SimpleData>
            <SimpleData name="Jornales">4.00000000000</SimpleData>
            <SimpleData name="Monto">446008.00000000000</SimpleData>
            <SimpleData name="ETAPA_FAO">Mantenimiento A?o 1.2</SimpleData>
            <SimpleData name="Asistencia">-</SimpleData>
            <SimpleData name="Estado_del">Activo</SimpleData>
            <SimpleData name="Empresa">Hyh Consultores SRL</SimpleData>
            <SimpleData name="Lote">H</SimpleData>
            <SimpleData name="Monitorear">No</SimpleData>
            <SimpleData name="Fecha_de_M">-</SimpleData>
            <SimpleData name="F__de_pren">-</SimpleData>
            <SimpleData name="Estado_FAO">Monitorear</SimpleData>
            <SimpleData name="Etapa_de_i">Mantenimiento A?o 1.2</SimpleData>
            <SimpleData name="Fecha_visi">2026/09/01</SimpleData>
            <SimpleData name="Cumple_sup">Si</SimpleData>
            <SimpleData name="Estado_mon">-</SimpleData>
            <SimpleData name="Situaci_12">-</SimpleData>
            <SimpleData name="Observaci">-</SimpleData>
            <SimpleData name="Dias_trans">5.23655092593</SimpleData>
            <SimpleData name="Prioridad">ALTA</SimpleData>
            <SimpleData name="OBJECTID_1">103</SimpleData>
          </SchemaData>
        </ExtendedData>
        <Point>
          <coordinates>
            -55.7348422091775,-24.2331063781061,0
          </coordinates>
        </Point>
      </Placemark>
      <Placemark id="Distrito_VILLA_YGATIM__.60">
        <ExtendedData>
          <SchemaData schemaUrl="#Distrito_VILLA_YGATIM__.schema">
            <SimpleData name="CÈdula">4251068.00000000000</SimpleData>
            <SimpleData name="cedula">4251068</SimpleData>
            <SimpleData name="CÈdula_1">4251068.00000000000</SimpleData>
            <SimpleData name="N">63.00000000000</SimpleData>
            <SimpleData name="Nombres_y_">AGUEDA EVANGELINA PAREDEZ GAVILAN</SimpleData>
            <SimpleData name="Sexo">Mujer</SimpleData>
            <SimpleData name="Cambio_de_">NO</SimpleData>
            <SimpleData name="Titular_se">NO</SimpleData>
            <SimpleData name="CÈdula_Ti">-</SimpleData>
            <SimpleData name="SituaciÛn">NO</SimpleData>
            <SimpleData name="Comunidad">Campesina</SimpleData>
            <SimpleData name="Modelo_imp">Modelo 5</SimpleData>
            <SimpleData name="Departamen">CANINDEYU</SimpleData>
            <SimpleData name="Distrito">VILLA YGATIM?</SimpleData>
            <SimpleData name="Localidad">ARROYO GUAZU</SimpleData>
            <SimpleData name="TelÈfono">0984324645</SimpleData>
            <SimpleData name="Vivienda_L">-24.01210830000</SimpleData>
            <SimpleData name="Vivienda_1">-55.65809170000</SimpleData>
            <SimpleData name="Superficie">0.70000000000</SimpleData>
            <SimpleData name="Situaci_1">Par?metro</SimpleData>
            <SimpleData name="Plantado">Si</SimpleData>
            <SimpleData name="Parcela_La">-24.01056682000</SimpleData>
            <SimpleData name="Parcela_Lo">-55.65825087000</SimpleData>
            <SimpleData name="Grupo_Impl">G2</SimpleData>
            <SimpleData name="Grupo_de_P">H-P8-XX-XX-XX</SimpleData>
            <SimpleData name="Jornales">0.00000000000</SimpleData>
            <SimpleData name="Monto">0.00000000000</SimpleData>
            <SimpleData name="ETAPA_FAO">Mantenimiento A?o 1.1</SimpleData>
            <SimpleData name="Asistencia">-</SimpleData>
            <SimpleData name="Estado_del">Activo</SimpleData>
            <SimpleData name="Empresa">Hyh Consultores SRL</SimpleData>
            <SimpleData name="Lote">H</SimpleData>
            <SimpleData name="Monitorear">Si</SimpleData>
            <SimpleData name="Fecha_de_M">-</SimpleData>
            <SimpleData name="F__de_pren">-</SimpleData>
            <SimpleData name="Estado_FAO">Monitorear</SimpleData>
            <SimpleData name="Etapa_de_i">Mantenimiento A?o 1.1</SimpleData>
            <SimpleData name="Fecha_visi">2026/09/04</SimpleData>
            <SimpleData name="Cumple_sup">Si</SimpleData>
            <SimpleData name="Estado_mon">-</SimpleData>
            <SimpleData name="Situaci_12">-</SimpleData>
            <SimpleData name="Observaci">-</SimpleData>
            <SimpleData name="Dias_trans">2.24746527777</SimpleData>
            <SimpleData name="Prioridad">ALTA</SimpleData>
            <SimpleData name="OBJECTID_1">63</SimpleData>
          </SchemaData>
        </ExtendedData>
        <Point>
          <coordinates>
            -55.6582508734129,-24.0105668160622,0
          </coordinates>
        </Point>
      </Placemark>
      <Placemark id="Distrito_VILLA_YGATIM__.61">
        <ExtendedData>
          <SchemaData schemaUrl="#Distrito_VILLA_YGATIM__.schema">
            <SimpleData name="CÈdula">6760723.00000000000</SimpleData>
            <SimpleData name="cedula">6760723</SimpleData>
            <SimpleData name="CÈdula_1">6760723.00000000000</SimpleData>
            <SimpleData name="N">119.00000000000</SimpleData>
            <SimpleData name="Nombres_y_">AGUSTIN RUIZ DIAZ MARTINEZ</SimpleData>
            <SimpleData name="Sexo">Hombre</SimpleData>
            <SimpleData name="Cambio_de_">NO</SimpleData>
            <SimpleData name="Titular_se">NO</SimpleData>
            <SimpleData name="CÈdula_Ti">-</SimpleData>
            <SimpleData name="SituaciÛn">NO</SimpleData>
            <SimpleData name="Comunidad">Ind?gena</SimpleData>
            <SimpleData name="Modelo_imp">Modelo 1</SimpleData>
            <SimpleData name="Departamen">CANINDEYU</SimpleData>
            <SimpleData name="Distrito">VILLA YGATIM?</SimpleData>
            <SimpleData name="Localidad">COM INDIG CHUPA POU</SimpleData>
            <SimpleData name="TelÈfono">0982051940</SimpleData>
            <SimpleData name="Vivienda_L">-24.21679240000</SimpleData>
            <SimpleData name="Vivienda_1">-55.66459040000</SimpleData>
            <SimpleData name="Superficie">0.80000000000</SimpleData>
            <SimpleData name="Situaci_1">Pol?gono</SimpleData>
            <SimpleData name="Plantado">Si</SimpleData>
            <SimpleData name="Parcela_La">-24.21419666000</SimpleData>
            <SimpleData name="Parcela_Lo">-55.66543113000</SimpleData>
            <SimpleData name="Grupo_Impl">G2</SimpleData>
            <SimpleData name="Grupo_de_P">H-P2-P10P10-XX-XX</SimpleData>
            <SimpleData name="Jornales">4.00000000000</SimpleData>
            <SimpleData name="Monto">446008.00000000000</SimpleData>
            <SimpleData name="ETAPA_FAO">Mantenimiento A?o 1.2</SimpleData>
            <SimpleData name="Asistencia">-</SimpleData>
            <SimpleData name="Estado_del">Activo</SimpleData>
            <SimpleData name="Empresa">Hyh Consultores SRL</SimpleData>
            <SimpleData name="Lote">H</SimpleData>
            <SimpleData name="Monitorear">No</SimpleData>
            <SimpleData name="Fecha_de_M">-</SimpleData>
            <SimpleData name="F__de_pren">-</SimpleData>
            <SimpleData name="Estado_FAO">Monitorear</SimpleData>
            <SimpleData name="Etapa_de_i">Mantenimiento A?o 1.2</SimpleData>
            <SimpleData name="Fecha_visi">2026/08/28</SimpleData>
            <SimpleData name="Cumple_sup">Si</SimpleData>
            <SimpleData name="Estado_mon">-</SimpleData>
            <SimpleData name="Situaci_12">-</SimpleData>
            <SimpleData name="Observaci">-</SimpleData>
            <SimpleData name="Dias_trans">9.49357638889</SimpleData>
            <SimpleData name="Prioridad">ALTA</SimpleData>
            <SimpleData name="OBJECTID_1">119</SimpleData>
          </SchemaData>
        </ExtendedData>
        <Point>
          <coordinates>
            -55.6654311343597,-24.2141966649389,0
          </coordinates>
        </Point>
      </Placemark>
      <Placemark id="Distrito_VILLA_YGATIM__.62">
        <ExtendedData>
          <SchemaData schemaUrl="#Distrito_VILLA_YGATIM__.schema">
            <SimpleData name="CÈdula">1086286.00000000000</SimpleData>
            <SimpleData name="cedula">1086286</SimpleData>
            <SimpleData name="CÈdula_1">1086286.00000000000</SimpleData>
            <SimpleData name="N">83.00000000000</SimpleData>
            <SimpleData name="Nombres_y_">PETRONA TATUGI DE TYKUARANGI</SimpleData>
            <SimpleData name="Sexo">Mujer</SimpleData>
            <SimpleData name="Cambio_de_">NO</SimpleData>
            <SimpleData name="Titular_se">NO</SimpleData>
            <SimpleData name="CÈdula_Ti">-</SimpleData>
            <SimpleData name="SituaciÛn">NO</SimpleData>
            <SimpleData name="Comunidad">Ind?gena</SimpleData>
            <SimpleData name="Modelo_imp">Modelo 4</SimpleData>
            <SimpleData name="Departamen">CANINDEYU</SimpleData>
            <SimpleData name="Distrito">VILLA YGATIM?</SimpleData>
            <SimpleData name="Localidad">COM INDIG CHUPA POU</SimpleData>
            <SimpleData name="TelÈfono">0981244179</SimpleData>
            <SimpleData name="Vivienda_L">-24.22237390000</SimpleData>
            <SimpleData name="Vivienda_1">-55.71194430000</SimpleData>
            <SimpleData name="Superficie">0.70000000000</SimpleData>
            <SimpleData name="Situaci_1">Pol?gono</SimpleData>
            <SimpleData name="Plantado">Si</SimpleData>
            <SimpleData name="Parcela_La">-24.23661708000</SimpleData>
            <SimpleData name="Parcela_Lo">-55.72688813000</SimpleData>
            <SimpleData name="Grupo_Impl">G2</SimpleData>
            <SimpleData name="Grupo_de_P">H-P2-P10P10-XX-XX</SimpleData>
            <SimpleData name="Jornales">4.00000000000</SimpleData>
            <SimpleData name="Monto">446008.00000000000</SimpleData>
            <SimpleData name="ETAPA_FAO">Mantenimiento A?o 1.2</SimpleData>
            <SimpleData name="Asistencia">-</SimpleData>
            <SimpleData name="Estado_del">Activo</SimpleData>
            <SimpleData name="Empresa">Hyh Consultores SRL</SimpleData>
            <SimpleData name="Lote">H</SimpleData>
            <SimpleData name="Monitorear">No</SimpleData>
            <SimpleData name="Fecha_de_M">-</SimpleData>
            <SimpleData name="F__de_pren">-</SimpleData>
            <SimpleData name="Estado_FAO">Monitorear</SimpleData>
            <SimpleData name="Etapa_de_i">Mantenimiento A?o 1.2</SimpleData>
            <SimpleData name="Fecha_visi">2026/09/01</SimpleData>
            <SimpleData name="Cumple_sup">Si</SimpleData>
            <SimpleData name="Estado_mon">-</SimpleData>
            <SimpleData name="Situaci_12">-</SimpleData>
            <SimpleData name="Observaci">-</SimpleData>
            <SimpleData name="Dias_trans">5.23400462963</SimpleData>
            <SimpleData name="Prioridad">ALTA</SimpleData>
            <SimpleData name="OBJECTID_1">83</SimpleData>
          </SchemaData>
        </ExtendedData>
        <Point>
          <coordinates>
            -55.7268881292105,-24.2366170757417,0
          </coordinates>
        </Point>
      </Placemark>
      <Placemark id="Distrito_VILLA_YGATIM__.63">
        <ExtendedData>
          <SchemaData schemaUrl="#Distrito_VILLA_YGATIM__.schema">
            <SimpleData name="CÈdula">5752680.00000000000</SimpleData>
            <SimpleData name="cedula">5752680</SimpleData>
            <SimpleData name="CÈdula_1">5752680.00000000000</SimpleData>
            <SimpleData name="N">85.00000000000</SimpleData>
            <SimpleData name="Nombres_y_">SINTHIA FAGI</SimpleData>
            <SimpleData name="Sexo">Mujer</SimpleData>
            <SimpleData name="Cambio_de_">NO</SimpleData>
            <SimpleData name="Titular_se">NO</SimpleData>
            <SimpleData name="CÈdula_Ti">-</SimpleData>
            <SimpleData name="SituaciÛn">NO</SimpleData>
            <SimpleData name="Comunidad">Ind?gena</SimpleData>
            <SimpleData name="Modelo_imp">Modelo 6</SimpleData>
            <SimpleData name="Departamen">CANINDEYU</SimpleData>
            <SimpleData name="Distrito">VILLA YGATIM?</SimpleData>
            <SimpleData name="Localidad">COM INDIG CHUPA POU</SimpleData>
            <SimpleData name="TelÈfono">0982441484</SimpleData>
            <SimpleData name="Vivienda_L">-24.21355340000</SimpleData>
            <SimpleData name="Vivienda_1">-55.66951180000</SimpleData>
            <SimpleData name="Superficie">0.90000000000</SimpleData>
            <SimpleData name="Situaci_1">Pol?gono</SimpleData>
            <SimpleData name="Plantado">Si</SimpleData>
            <SimpleData name="Parcela_La">-24.21752707000</SimpleData>
            <SimpleData name="Parcela_Lo">-55.67789409000</SimpleData>
            <SimpleData name="Grupo_Impl">G2</SimpleData>
            <SimpleData name="Grupo_de_P">H-P2-XX-XX-XX</SimpleData>
            <SimpleData name="Jornales">0.00000000000</SimpleData>
            <SimpleData name="Monto">0.00000000000</SimpleData>
            <SimpleData name="ETAPA_FAO">Mantenimiento A?o 1.1</SimpleData>
            <SimpleData name="Asistencia">-</SimpleData>
            <SimpleData name="Estado_del">Activo</SimpleData>
            <SimpleData name="Empresa">Hyh Consultores SRL</SimpleData>
            <SimpleData name="Lote">H</SimpleData>
            <SimpleData name="Monitorear">No</SimpleData>
            <SimpleData name="Fecha_de_M">9/2/2026</SimpleData>
            <SimpleData name="F__de_pren">0</SimpleData>
            <SimpleData name="Estado_FAO">Verificar posible desercion</SimpleData>
            <SimpleData name="Etapa_de_i">Mantenimiento A?o 1.1</SimpleData>
            <SimpleData name="Fecha_visi">2026/09/02</SimpleData>
            <SimpleData name="Cumple_sup">-</SimpleData>
            <SimpleData name="Estado_mon">??????NO CUMPLE??????</SimpleData>
            <SimpleData name="Situaci_12">-</SimpleData>
            <SimpleData name="Observaci">Falta de inter?s o no ve el beneficio;Parcela abandonada</SimpleData>
            <SimpleData name="Dias_trans">4.51574703704</SimpleData>
            <SimpleData name="Prioridad">ALTA</SimpleData>
            <SimpleData name="OBJECTID_1">85</SimpleData>
          </SchemaData>
        </ExtendedData>
        <Point>
          <coordinates>
            -55.6778940888128,-24.2175270683114,0
          </coordinates>
        </Point>
      </Placemark>
      <Placemark id="Distrito_VILLA_YGATIM__.64">
        <ExtendedData>
          <SchemaData schemaUrl="#Distrito_VILLA_YGATIM__.schema">
            <SimpleData name="CÈdula">5752668.00000000000</SimpleData>
            <SimpleData name="cedula">5752668</SimpleData>
            <SimpleData name="CÈdula_1">5752668.00000000000</SimpleData>
            <SimpleData name="N">81.00000000000</SimpleData>
            <SimpleData name="Nombres_y_">PATRICIA ACHIPURANGI</SimpleData>
            <SimpleData name="Sexo">Mujer</SimpleData>
            <SimpleData name="Cambio_de_">NO</SimpleData>
            <SimpleData name="Titular_se">NO</SimpleData>
            <SimpleData name="CÈdula_Ti">-</SimpleData>
            <SimpleData name="SituaciÛn">NO</SimpleData>
            <SimpleData name="Comunidad">Ind?gena</SimpleData>
            <SimpleData name="Modelo_imp">Modelo 2</SimpleData>
            <SimpleData name="Departamen">CANINDEYU</SimpleData>
            <SimpleData name="Distrito">VILLA YGATIM?</SimpleData>
            <SimpleData name="Localidad">COM INDIG CHUPA POU</SimpleData>
            <SimpleData name="TelÈfono">0982848455</SimpleData>
            <SimpleData name="Vivienda_L">-24.21353600000</SimpleData>
            <SimpleData name="Vivienda_1">-55.66875110000</SimpleData>
            <SimpleData name="Superficie">0.80000000000</SimpleData>
            <SimpleData name="Situaci_1">Pol?gono</SimpleData>
            <SimpleData name="Plantado">Si</SimpleData>
            <SimpleData name="Parcela_La">-24.21237604000</SimpleData>
            <SimpleData name="Parcela_Lo">-55.66828580000</SimpleData>
            <SimpleData name="Grupo_Impl">G2</SimpleData>
            <SimpleData name="Grupo_de_P">H-P2-P10P10-XX-XX</SimpleData>
            <SimpleData name="Jornales">4.00000000000</SimpleData>
            <SimpleData name="Monto">446008.00000000000</SimpleData>
            <SimpleData name="ETAPA_FAO">Mantenimiento A?o 1.2</SimpleData>
            <SimpleData name="Asistencia">-</SimpleData>
            <SimpleData name="Estado_del">Activo</SimpleData>
            <SimpleData name="Empresa">Hyh Consultores SRL</SimpleData>
            <SimpleData name="Lote">H</SimpleData>
            <SimpleData name="Monitorear">No</SimpleData>
            <SimpleData name="Fecha_de_M">21/7/2026</SimpleData>
            <SimpleData name="F__de_pren">70</SimpleData>
            <SimpleData name="Estado_FAO">Monitorear Reposicion</SimpleData>
            <SimpleData name="Etapa_de_i">Mantenimiento A?o 1.2</SimpleData>
            <SimpleData name="Fecha_visi">2026/09/01</SimpleData>
            <SimpleData name="Cumple_sup">-</SimpleData>
            <SimpleData name="Estado_mon">??????NO CUMPLE??????</SimpleData>
            <SimpleData name="Situaci_12">Al momento del monitoreo de mantenimiento y asistencia t?cnica se observa que la parcela no cumple con las especificaciones t?cnicas establecidas.  Se visualiza faltante de especies forestales nativas y eucalipto.  La reposici?n no se realiz? en la t</SimpleData>
            <SimpleData name="Observaci">-</SimpleData>
            <SimpleData name="Dias_trans">5.26018518519</SimpleData>
            <SimpleData name="Prioridad">ALTA</SimpleData>
            <SimpleData name="OBJECTID_1">81</SimpleData>
          </SchemaData>
        </ExtendedData>
        <Point>
          <coordinates>
            -55.6682857983014,-24.2123760449753,0
          </coordinates>
        </Point>
      </Placemark>
      <Placemark id="Distrito_VILLA_YGATIM__.65">
        <ExtendedData>
          <SchemaData schemaUrl="#Distrito_VILLA_YGATIM__.schema">
            <SimpleData name="CÈdula">6860001.00000000000</SimpleData>
            <SimpleData name="cedula">6860001</SimpleData>
            <SimpleData name="CÈdula_1">6860001.00000000000</SimpleData>
            <SimpleData name="N">93.00000000000</SimpleData>
            <SimpleData name="Nombres_y_">SARA CHIVURAGI</SimpleData>
            <SimpleData name="Sexo">Mujer</SimpleData>
            <SimpleData name="Cambio_de_">NO</SimpleData>
            <SimpleData name="Titular_se">NO</SimpleData>
            <SimpleData name="CÈdula_Ti">-</SimpleData>
            <SimpleData name="SituaciÛn">NO</SimpleData>
            <SimpleData name="Comunidad">Ind?gena</SimpleData>
            <SimpleData name="Modelo_imp">Modelo 4</SimpleData>
            <SimpleData name="Departamen">CANINDEYU</SimpleData>
            <SimpleData name="Distrito">VILLA YGATIM?</SimpleData>
            <SimpleData name="Localidad">COM INDIG CHUPA POU</SimpleData>
            <SimpleData name="TelÈfono">0984178761</SimpleData>
            <SimpleData name="Vivienda_L">-24.20872690000</SimpleData>
            <SimpleData name="Vivienda_1">-55.67612500000</SimpleData>
            <SimpleData name="Superficie">0.70000000000</SimpleData>
            <SimpleData name="Situaci_1">Pol?gono</SimpleData>
            <SimpleData name="Plantado">Si</SimpleData>
            <SimpleData name="Parcela_La">-24.22341739000</SimpleData>
            <SimpleData name="Parcela_Lo">-55.70819753000</SimpleData>
            <SimpleData name="Grupo_Impl">G2</SimpleData>
            <SimpleData name="Grupo_de_P">H-P2-P10P10-XX-XX</SimpleData>
            <SimpleData name="Jornales">4.00000000000</SimpleData>
            <SimpleData name="Monto">446008.00000000000</SimpleData>
            <SimpleData name="ETAPA_FAO">Mantenimiento A?o 1.2</SimpleData>
            <SimpleData name="Asistencia">-</SimpleData>
            <SimpleData name="Estado_del">Activo</SimpleData>
            <SimpleData name="Empresa">Hyh Consultores SRL</SimpleData>
            <SimpleData name="Lote">H</SimpleData>
            <SimpleData name="Monitorear">No</SimpleData>
            <SimpleData name="Fecha_de_M">-</SimpleData>
            <SimpleData name="F__de_pren">-</SimpleData>
            <SimpleData name="Estado_FAO">Monitorear</SimpleData>
            <SimpleData name="Etapa_de_i">Mantenimiento A?o 1.2</SimpleData>
            <SimpleData name="Fecha_visi">2026/08/20</SimpleData>
            <SimpleData name="Cumple_sup">Si</SimpleData>
            <SimpleData name="Estado_mon">-</SimpleData>
            <SimpleData name="Situaci_12">-</SimpleData>
            <SimpleData name="Observaci">-</SimpleData>
            <SimpleData name="Dias_trans">17.40005787040</SimpleData>
            <SimpleData name="Prioridad">ALTA</SimpleData>
            <SimpleData name="OBJECTID_1">93</SimpleData>
          </SchemaData>
        </ExtendedData>
        <Point>
          <coordinates>
            -55.7081975296101,-24.2234173937429,0
          </coordinates>
        </Point>
      </Placemark>
      <Placemark id="Distrito_VILLA_YGATIM__.66">
        <ExtendedData>
          <SchemaData schemaUrl="#Distrito_VILLA_YGATIM__.schema">
            <SimpleData name="CÈdula">7299134.00000000000</SimpleData>
            <SimpleData name="cedula">7299134</SimpleData>
            <SimpleData name="CÈdula_1">7299134.00000000000</SimpleData>
            <SimpleData name="N">64.00000000000</SimpleData>
            <SimpleData name="Nombres_y_">MAGDALENA MORALES PIRIS</SimpleData>
            <SimpleData name="Sexo">Mujer</SimpleData>
            <SimpleData name="Cambio_de_">NO</SimpleData>
            <SimpleData name="Titular_se">NO</SimpleData>
            <SimpleData name="CÈdula_Ti">-</SimpleData>
            <SimpleData name="SituaciÛn">NO</SimpleData>
            <SimpleData name="Comunidad">Ind?gena</SimpleData>
            <SimpleData name="Modelo_imp">Modelo 5</SimpleData>
            <SimpleData name="Departamen">CANINDEYU</SimpleData>
            <SimpleData name="Distrito">VILLA YGATIM?</SimpleData>
            <SimpleData name="Localidad">COM INDIG MBOI JAGUA ? PINDOTY</SimpleData>
            <SimpleData name="TelÈfono">0975375999</SimpleData>
            <SimpleData name="Vivienda_L">-24.12562470000</SimpleData>
            <SimpleData name="Vivienda_1">-55.60627910000</SimpleData>
            <SimpleData name="Superficie">0.70000000000</SimpleData>
            <SimpleData name="Situaci_1">Pol?gono</SimpleData>
            <SimpleData name="Plantado">Si</SimpleData>
            <SimpleData name="Parcela_La">-24.12729741000</SimpleData>
            <SimpleData name="Parcela_Lo">-55.61082757000</SimpleData>
            <SimpleData name="Grupo_Impl">G2</SimpleData>
            <SimpleData name="Grupo_de_P">H-P2-XX-XX-XX</SimpleData>
            <SimpleData name="Jornales">0.00000000000</SimpleData>
            <SimpleData name="Monto">0.00000000000</SimpleData>
            <SimpleData name="ETAPA_FAO">Mantenimiento A?o 1.1</SimpleData>
            <SimpleData name="Asistencia">-</SimpleData>
            <SimpleData name="Estado_del">Activo</SimpleData>
            <SimpleData name="Empresa">Hyh Consultores SRL</SimpleData>
            <SimpleData name="Lote">H</SimpleData>
            <SimpleData name="Monitorear">Si</SimpleData>
            <SimpleData name="Fecha_de_M">20/5/2026</SimpleData>
            <SimpleData name="F__de_pren">60</SimpleData>
            <SimpleData name="Estado_FAO">Monitorear Reposicion</SimpleData>
            <SimpleData name="Etapa_de_i">Mantenimiento A?o 1.1</SimpleData>
            <SimpleData name="Fecha_visi">2026/09/03</SimpleData>
            <SimpleData name="Cumple_sup">-</SimpleData>
            <SimpleData name="Estado_mon">??????NO CUMPLE??????</SimpleData>
            <SimpleData name="Situaci_12">Al momento del monitoreo de mantenimiento y asistencia t?cnica se observa que la parcela no cumple con las especificaciones t?cnicas establecidas. Se visualiza presencia importante de malezas invasoras (gram?neas), que compiten con las especies forest</SimpleData>
            <SimpleData name="Observaci">-</SimpleData>
            <SimpleData name="Dias_trans">3.42734953704</SimpleData>
            <SimpleData name="Prioridad">ALTA</SimpleData>
            <SimpleData name="OBJECTID_1">64</SimpleData>
          </SchemaData>
        </ExtendedData>
        <Point>
          <coordinates>
            -55.6108275651074,-24.1272974142875,0
          </coordinates>
        </Point>
      </Placemark>
      <Placemark id="Distrito_VILLA_YGATIM__.67">
        <ExtendedData>
          <SchemaData schemaUrl="#Distrito_VILLA_YGATIM__.schema">
            <SimpleData name="CÈdula">6852597.00000000000</SimpleData>
            <SimpleData name="cedula">6852597</SimpleData>
            <SimpleData name="CÈdula_1">6852597.00000000000</SimpleData>
            <SimpleData name="N">325.00000000000</SimpleData>
            <SimpleData name="Nombres_y_">LUCINE  DELMONTE PIRIS</SimpleData>
            <SimpleData name="Sexo">Mujer</SimpleData>
            <SimpleData name="Cambio_de_">NO</SimpleData>
            <SimpleData name="Titular_se">NO</SimpleData>
            <SimpleData name="CÈdula_Ti">-</SimpleData>
            <SimpleData name="SituaciÛn">NO</SimpleData>
            <SimpleData name="Comunidad">Ind?gena</SimpleData>
            <SimpleData name="Modelo_imp">Modelo 1</SimpleData>
            <SimpleData name="Departamen">CANINDEYU</SimpleData>
            <SimpleData name="Distrito">VILLA YGATIM?</SimpleData>
            <SimpleData name="Localidad">COM INDIG MBOI JAGUA ? PINDOTY</SimpleData>
            <SimpleData name="TelÈfono">975296180</SimpleData>
            <SimpleData name="Vivienda_L">-24.12108580000</SimpleData>
            <SimpleData name="Vivienda_1">-55.58348890000</SimpleData>
            <SimpleData name="Superficie">0.80000000000</SimpleData>
            <SimpleData name="Situaci_1">Pol?gono</SimpleData>
            <SimpleData name="Plantado">Si</SimpleData>
            <SimpleData name="Parcela_La">-24.13544599000</SimpleData>
            <SimpleData name="Parcela_Lo">-55.57963010000</SimpleData>
            <SimpleData name="Grupo_Impl">G2</SimpleData>
            <SimpleData name="Grupo_de_P">H-P3-XX-XX-XX</SimpleData>
            <SimpleData name="Jornales">0.00000000000</SimpleData>
            <SimpleData name="Monto">0.00000000000</SimpleData>
            <SimpleData name="ETAPA_FAO">Mantenimiento A?o 1.1</SimpleData>
            <SimpleData name="Asistencia">-</SimpleData>
            <SimpleData name="Estado_del">Activo</SimpleData>
            <SimpleData name="Empresa">Hyh Consultores SRL</SimpleData>
            <SimpleData name="Lote">H</SimpleData>
            <SimpleData name="Monitorear">Si</SimpleData>
            <SimpleData name="Fecha_de_M">7/7/2026</SimpleData>
            <SimpleData name="F__de_pren">70</SimpleData>
            <SimpleData name="Estado_FAO">Verificar posible desercion</SimpleData>
            <SimpleData name="Etapa_de_i">Mantenimiento A?o 1.1</SimpleData>
            <SimpleData name="Fecha_visi">2026/09/04</SimpleData>
            <SimpleData name="Cumple_sup">-</SimpleData>
            <SimpleData name="Estado_mon">?????? NO CUMPLE ??????</SimpleData>
            <SimpleData name="Situaci_12">-</SimpleData>
            <SimpleData name="Observaci">Falta de inter?s o no ve el beneficio;No tiene cultivo, Se quem? la parcela tambi?n la due?a est? fuera del pa?s trabajando</SimpleData>
            <SimpleData name="Dias_trans">2.62107491898</SimpleData>
            <SimpleData name="Prioridad">ALTA</SimpleData>
            <SimpleData name="OBJECTID_1">325</SimpleData>
          </SchemaData>
        </ExtendedData>
        <Point>
          <coordinates>
            -55.5796300996915,-24.1354459883615,0
          </coordinates>
        </Point>
      </Placemark>
      <Placemark id="Distrito_VILLA_YGATIM__.68">
        <ExtendedData>
          <SchemaData schemaUrl="#Distrito_VILLA_YGATIM__.schema">
            <SimpleData name="CÈdula">7727132.00000000000</SimpleData>
            <SimpleData name="cedula">7727132</SimpleData>
            <SimpleData name="CÈdula_1">7727132.00000000000</SimpleData>
            <SimpleData name="N">120.00000000000</SimpleData>
            <SimpleData name="Nombres_y_">GUZMAN ANTOLIANO TUKAMPURANGI</SimpleData>
            <SimpleData name="Sexo">Hombre</SimpleData>
            <SimpleData name="Cambio_de_">NO</SimpleData>
            <SimpleData name="Titular_se">NO</SimpleData>
            <SimpleData name="CÈdula_Ti">-</SimpleData>
            <SimpleData name="SituaciÛn">NO</SimpleData>
            <SimpleData name="Comunidad">Ind?gena</SimpleData>
            <SimpleData name="Modelo_imp">Modelo 4</SimpleData>
            <SimpleData name="Departamen">CANINDEYU</SimpleData>
            <SimpleData name="Distrito">VILLA YGATIM?</SimpleData>
            <SimpleData name="Localidad">COM INDIG CHUPA POU</SimpleData>
            <SimpleData name="TelÈfono">0986161004</SimpleData>
            <SimpleData name="Vivienda_L">-24.21291370000</SimpleData>
            <SimpleData name="Vivienda_1">-55.67022160000</SimpleData>
            <SimpleData name="Superficie">0.70000000000</SimpleData>
            <SimpleData name="Situaci_1">Pol?gono</SimpleData>
            <SimpleData name="Plantado">Si</SimpleData>
            <SimpleData name="Parcela_La">-24.21986722000</SimpleData>
            <SimpleData name="Parcela_Lo">-55.70822628000</SimpleData>
            <SimpleData name="Grupo_Impl">G2</SimpleData>
            <SimpleData name="Grupo_de_P">H-P2-P10P10-XX-XX</SimpleData>
            <SimpleData name="Jornales">4.00000000000</SimpleData>
            <SimpleData name="Monto">446008.00000000000</SimpleData>
            <SimpleData name="ETAPA_FAO">Mantenimiento A?o 1.2</SimpleData>
            <SimpleData name="Asistencia">-</SimpleData>
            <SimpleData name="Estado_del">Activo</SimpleData>
            <SimpleData name="Empresa">Hyh Consultores SRL</SimpleData>
            <SimpleData name="Lote">H</SimpleData>
            <SimpleData name="Monitorear">No</SimpleData>
            <SimpleData name="Fecha_de_M">-</SimpleData>
            <SimpleData name="F__de_pren">-</SimpleData>
            <SimpleData name="Estado_FAO">Monitorear</SimpleData>
            <SimpleData name="Etapa_de_i">Mantenimiento A?o 1.2</SimpleData>
            <SimpleData name="Fecha_visi">2026/07/08</SimpleData>
            <SimpleData name="Cumple_sup">Si</SimpleData>
            <SimpleData name="Estado_mon">-</SimpleData>
            <SimpleData name="Situaci_12">-</SimpleData>
            <SimpleData name="Observaci">-</SimpleData>
            <SimpleData name="Dias_trans">60.59356481480</SimpleData>
            <SimpleData name="Prioridad">ALTA</SimpleData>
            <SimpleData name="OBJECTID_1">120</SimpleData>
          </SchemaData>
        </ExtendedData>
        <Point>
          <coordinates>
            -55.7082262820007,-24.219867222158,0
          </coordinates>
        </Point>
      </Placemark>
      <Placemark id="Distrito_VILLA_YGATIM__.69">
        <ExtendedData>
          <SchemaData schemaUrl="#Distrito_VILLA_YGATIM__.schema">
            <SimpleData name="CÈdula">7906165.00000000000</SimpleData>
            <SimpleData name="cedula">7906165</SimpleData>
            <SimpleData name="CÈdula_1">7906165.00000000000</SimpleData>
            <SimpleData name="N">61.00000000000</SimpleData>
            <SimpleData name="Nombres_y_">MARIA ANTONIA ROMERO MENDOZA</SimpleData>
            <SimpleData name="Sexo">Mujer</SimpleData>
            <SimpleData name="Cambio_de_">NO</SimpleData>
            <SimpleData name="Titular_se">NO</SimpleData>
            <SimpleData name="CÈdula_Ti">-</SimpleData>
            <SimpleData name="SituaciÛn">NO</SimpleData>
            <SimpleData name="Comunidad">Campesina</SimpleData>
            <SimpleData name="Modelo_imp">Modelo 5</SimpleData>
            <SimpleData name="Departamen">CANINDEYU</SimpleData>
            <SimpleData name="Distrito">VILLA YGATIM?</SimpleData>
            <SimpleData name="Localidad">SAN BLAS</SimpleData>
            <SimpleData name="TelÈfono">0984711589</SimpleData>
            <SimpleData name="Vivienda_L">-24.01253560000</SimpleData>
            <SimpleData name="Vivienda_1">-55.66007740000</SimpleData>
            <SimpleData name="Superficie">0.70000000000</SimpleData>
            <SimpleData name="Situaci_1">Par?metro</SimpleData>
            <SimpleData name="Plantado">Si</SimpleData>
            <SimpleData name="Parcela_La">-24.01705729000</SimpleData>
            <SimpleData name="Parcela_Lo">-55.65978997000</SimpleData>
            <SimpleData name="Grupo_Impl">G2</SimpleData>
            <SimpleData name="Grupo_de_P">H-P8-XX-XX-XX</SimpleData>
            <SimpleData name="Jornales">0.00000000000</SimpleData>
            <SimpleData name="Monto">0.00000000000</SimpleData>
            <SimpleData name="ETAPA_FAO">Mantenimiento A?o 1.1</SimpleData>
            <SimpleData name="Asistencia">-</SimpleData>
            <SimpleData name="Estado_del">Activo</SimpleData>
            <SimpleData name="Empresa">Hyh Consultores SRL</SimpleData>
            <SimpleData name="Lote">H</SimpleData>
            <SimpleData name="Monitorear">Si</SimpleData>
            <SimpleData name="Fecha_de_M">-</SimpleData>
            <SimpleData name="F__de_pren">-</SimpleData>
            <SimpleData name="Estado_FAO">Monitorear</SimpleData>
            <SimpleData name="Etapa_de_i">Mantenimiento A?o 1.1</SimpleData>
            <SimpleData name="Fecha_visi">2026/09/04</SimpleData>
            <SimpleData name="Cumple_sup">Si</SimpleData>
            <SimpleData name="Estado_mon">-</SimpleData>
            <SimpleData name="Situaci_12">-</SimpleData>
            <SimpleData name="Observaci">-</SimpleData>
            <SimpleData name="Dias_trans">2.24778935185</SimpleData>
            <SimpleData name="Prioridad">ALTA</SimpleData>
            <SimpleData name="OBJECTID_1">61</SimpleData>
          </SchemaData>
        </ExtendedData>
        <Point>
          <coordinates>
            -55.659789965797,-24.0170572929538,0
          </coordinates>
        </Point>
      </Placemark>
      <Placemark id="Distrito_VILLA_YGATIM__.70">
        <ExtendedData>
          <SchemaData schemaUrl="#Distrito_VILLA_YGATIM__.schema">
            <SimpleData name="CÈdula">6084260.00000000000</SimpleData>
            <SimpleData name="cedula">6084260</SimpleData>
            <SimpleData name="CÈdula_1">6084260.00000000000</SimpleData>
            <SimpleData name="N">101.00000000000</SimpleData>
            <SimpleData name="Nombres_y_">ESMILDA ROJAS SANTOS</SimpleData>
            <SimpleData name="Sexo">Mujer</SimpleData>
            <SimpleData name="Cambio_de_">NO</SimpleData>
            <SimpleData name="Titular_se">NO</SimpleData>
            <SimpleData name="CÈdula_Ti">-</SimpleData>
            <SimpleData name="SituaciÛn">NO</SimpleData>
            <SimpleData name="Comunidad">Ind?gena</SimpleData>
            <SimpleData name="Modelo_imp">Modelo 4</SimpleData>
            <SimpleData name="Departamen">CANINDEYU</SimpleData>
            <SimpleData name="Distrito">VILLA YGATIM?</SimpleData>
            <SimpleData name="Localidad">COM INDIG CHUPA POU</SimpleData>
            <SimpleData name="TelÈfono">0986503749</SimpleData>
            <SimpleData name="Vivienda_L">-24.21446500000</SimpleData>
            <SimpleData name="Vivienda_1">-55.66726170000</SimpleData>
            <SimpleData name="Superficie">0.70000000000</SimpleData>
            <SimpleData name="Situaci_1">Pol?gono</SimpleData>
            <SimpleData name="Plantado">Si</SimpleData>
            <SimpleData name="Parcela_La">-24.21847930000</SimpleData>
            <SimpleData name="Parcela_Lo">-55.70881518000</SimpleData>
            <SimpleData name="Grupo_Impl">G2</SimpleData>
            <SimpleData name="Grupo_de_P">H-P2-P10P10-XX-XX</SimpleData>
            <SimpleData name="Jornales">4.00000000000</SimpleData>
            <SimpleData name="Monto">446008.00000000000</SimpleData>
            <SimpleData name="ETAPA_FAO">Mantenimiento A?o 1.2</SimpleData>
            <SimpleData name="Asistencia">-</SimpleData>
            <SimpleData name="Estado_del">Activo</SimpleData>
            <SimpleData name="Empresa">Hyh Consultores SRL</SimpleData>
            <SimpleData name="Lote">H</SimpleData>
            <SimpleData name="Monitorear">No</SimpleData>
            <SimpleData name="Fecha_de_M">-</SimpleData>
            <SimpleData name="F__de_pren">-</SimpleData>
            <SimpleData name="Estado_FAO">Monitorear</SimpleData>
            <SimpleData name="Etapa_de_i">Mantenimiento A?o 1.2</SimpleData>
            <SimpleData name="Fecha_visi">2026/07/08</SimpleData>
            <SimpleData name="Cumple_sup">Si</SimpleData>
            <SimpleData name="Estado_mon">-</SimpleData>
            <SimpleData name="Situaci_12">-</SimpleData>
            <SimpleData name="Observaci">-</SimpleData>
            <SimpleData name="Dias_trans">60.60074074070</SimpleData>
            <SimpleData name="Prioridad">ALTA</SimpleData>
            <SimpleData name="OBJECTID_1">101</SimpleData>
          </SchemaData>
        </ExtendedData>
        <Point>
          <coordinates>
            -55.7088151848305,-24.218479301503,0
          </coordinates>
        </Point>
      </Placemark>
      <Placemark id="Distrito_VILLA_YGATIM__.71">
        <ExtendedData>
          <SchemaData schemaUrl="#Distrito_VILLA_YGATIM__.schema">
            <SimpleData name="CÈdula">4630097.00000000000</SimpleData>
            <SimpleData name="cedula">4630097</SimpleData>
            <SimpleData name="CÈdula_1">4630097.00000000000</SimpleData>
            <SimpleData name="N">80.00000000000</SimpleData>
            <SimpleData name="Nombres_y_">ANGELINA MBYVANGI KRAVACHUIGI DE MBECHEPEGI</SimpleData>
            <SimpleData name="Sexo">Mujer</SimpleData>
            <SimpleData name="Cambio_de_">NO</SimpleData>
            <SimpleData name="Titular_se">NO</SimpleData>
            <SimpleData name="CÈdula_Ti">-</SimpleData>
            <SimpleData name="SituaciÛn">NO</SimpleData>
            <SimpleData name="Comunidad">Ind?gena</SimpleData>
            <SimpleData name="Modelo_imp">Modelo 1</SimpleData>
            <SimpleData name="Departamen">CANINDEYU</SimpleData>
            <SimpleData name="Distrito">VILLA YGATIM?</SimpleData>
            <SimpleData name="Localidad">COM INDIG CHUPA POU</SimpleData>
            <SimpleData name="TelÈfono">0981798758</SimpleData>
            <SimpleData name="Vivienda_L">-24.21270490000</SimpleData>
            <SimpleData name="Vivienda_1">-55.67051320000</SimpleData>
            <SimpleData name="Superficie">0.80000000000</SimpleData>
            <SimpleData name="Situaci_1">Pol?gono</SimpleData>
            <SimpleData name="Plantado">Si</SimpleData>
            <SimpleData name="Parcela_La">-24.21854715000</SimpleData>
            <SimpleData name="Parcela_Lo">-55.66410183000</SimpleData>
            <SimpleData name="Grupo_Impl">G2</SimpleData>
            <SimpleData name="Grupo_de_P">H-P2-P10P10-XX-XX</SimpleData>
            <SimpleData name="Jornales">4.00000000000</SimpleData>
            <SimpleData name="Monto">446008.00000000000</SimpleData>
            <SimpleData name="ETAPA_FAO">Mantenimiento A?o 1.2</SimpleData>
            <SimpleData name="Asistencia">-</SimpleData>
            <SimpleData name="Estado_del">Activo</SimpleData>
            <SimpleData name="Empresa">Hyh Consultores SRL</SimpleData>
            <SimpleData name="Lote">H</SimpleData>
            <SimpleData name="Monitorear">No</SimpleData>
            <SimpleData name="Fecha_de_M">-</SimpleData>
            <SimpleData name="F__de_pren">-</SimpleData>
            <SimpleData name="Estado_FAO">Monitorear</SimpleData>
            <SimpleData name="Etapa_de_i">Mantenimiento A?o 1.2</SimpleData>
            <SimpleData name="Fecha_visi">2026/08/27</SimpleData>
            <SimpleData name="Cumple_sup">Si</SimpleData>
            <SimpleData name="Estado_mon">-</SimpleData>
            <SimpleData name="Situaci_12">-</SimpleData>
            <SimpleData name="Observaci">-</SimpleData>
            <SimpleData name="Dias_trans">10.64637731480</SimpleData>
            <SimpleData name="Prioridad">ALTA</SimpleData>
            <SimpleData name="OBJECTID_1">80</SimpleData>
          </SchemaData>
        </ExtendedData>
        <Point>
          <coordinates>
            -55.6641018280276,-24.2185471533679,0
          </coordinates>
        </Point>
      </Placemark>
      <Placemark id="Distrito_VILLA_YGATIM__.72">
        <ExtendedData>
          <SchemaData schemaUrl="#Distrito_VILLA_YGATIM__.schema">
            <SimpleData name="CÈdula">5451991.00000000000</SimpleData>
            <SimpleData name="cedula">5451991</SimpleData>
            <SimpleData name="CÈdula_1">5451991.00000000000</SimpleData>
            <SimpleData name="N">69.00000000000</SimpleData>
            <SimpleData name="Nombres_y_">CRISTINA PICHUGI</SimpleData>
            <SimpleData name="Sexo">Mujer</SimpleData>
            <SimpleData name="Cambio_de_">NO</SimpleData>
            <SimpleData name="Titular_se">NO</SimpleData>
            <SimpleData name="CÈdula_Ti">-</SimpleData>
            <SimpleData name="SituaciÛn">NO</SimpleData>
            <SimpleData name="Comunidad">Ind?gena</SimpleData>
            <SimpleData name="Modelo_imp">Modelo 2</SimpleData>
            <SimpleData name="Departamen">CANINDEYU</SimpleData>
            <SimpleData name="Distrito">VILLA YGATIM?</SimpleData>
            <SimpleData name="Localidad">COM INDIG CHUPA POU</SimpleData>
            <SimpleData name="TelÈfono">0985197831</SimpleData>
            <SimpleData name="Vivienda_L">-24.20885620000</SimpleData>
            <SimpleData name="Vivienda_1">-55.68008440000</SimpleData>
            <SimpleData name="Superficie">0.80000000000</SimpleData>
            <SimpleData name="Situaci_1">Pol?gono</SimpleData>
            <SimpleData name="Plantado">Si</SimpleData>
            <SimpleData name="Parcela_La">-24.20703167000</SimpleData>
            <SimpleData name="Parcela_Lo">-55.68098508000</SimpleData>
            <SimpleData name="Grupo_Impl">G2</SimpleData>
            <SimpleData name="Grupo_de_P">H-P2-P10P10-XX-XX</SimpleData>
            <SimpleData name="Jornales">4.00000000000</SimpleData>
            <SimpleData name="Monto">446008.00000000000</SimpleData>
            <SimpleData name="ETAPA_FAO">Mantenimiento A?o 1.2</SimpleData>
            <SimpleData name="Asistencia">-</SimpleData>
            <SimpleData name="Estado_del">Activo</SimpleData>
            <SimpleData name="Empresa">Hyh Consultores SRL</SimpleData>
            <SimpleData name="Lote">H</SimpleData>
            <SimpleData name="Monitorear">No</SimpleData>
            <SimpleData name="Fecha_de_M">-</SimpleData>
            <SimpleData name="F__de_pren">-</SimpleData>
            <SimpleData name="Estado_FAO">Monitorear</SimpleData>
            <SimpleData name="Etapa_de_i">Mantenimiento A?o 1.2</SimpleData>
            <SimpleData name="Fecha_visi">2026/09/01</SimpleData>
            <SimpleData name="Cumple_sup">Si</SimpleData>
            <SimpleData name="Estado_mon">-</SimpleData>
            <SimpleData name="Situaci_12">-</SimpleData>
            <SimpleData name="Observaci">-</SimpleData>
            <SimpleData name="Dias_trans">5.30493055555</SimpleData>
            <SimpleData name="Prioridad">ALTA</SimpleData>
            <SimpleData name="OBJECTID_1">69</SimpleData>
          </SchemaData>
        </ExtendedData>
        <Point>
          <coordinates>
            -55.680985076699,-24.2070316661339,0
          </coordinates>
        </Point>
      </Placemark>
      <Placemark id="Distrito_VILLA_YGATIM__.73">
        <ExtendedData>
          <SchemaData schemaUrl="#Distrito_VILLA_YGATIM__.schema">
            <SimpleData name="CÈdula">5752580.00000000000</SimpleData>
            <SimpleData name="cedula">5752580</SimpleData>
            <SimpleData name="CÈdula_1">5752580.00000000000</SimpleData>
            <SimpleData name="N">68.00000000000</SimpleData>
            <SimpleData name="Nombres_y_">VERENICE KRIROGI TYKUARANGI FLORES</SimpleData>
            <SimpleData name="Sexo">Mujer</SimpleData>
            <SimpleData name="Cambio_de_">NO</SimpleData>
            <SimpleData name="Titular_se">NO</SimpleData>
            <SimpleData name="CÈdula_Ti">-</SimpleData>
            <SimpleData name="SituaciÛn">NO</SimpleData>
            <SimpleData name="Comunidad">Ind?gena</SimpleData>
            <SimpleData name="Modelo_imp">Modelo 5</SimpleData>
            <SimpleData name="Departamen">CANINDEYU</SimpleData>
            <SimpleData name="Distrito">VILLA YGATIM?</SimpleData>
            <SimpleData name="Localidad">COM INDIG ARROYO BANDERA</SimpleData>
            <SimpleData name="TelÈfono">No tiene</SimpleData>
            <SimpleData name="Vivienda_L">-24.10347120000</SimpleData>
            <SimpleData name="Vivienda_1">-55.55150710000</SimpleData>
            <SimpleData name="Superficie">0.70000000000</SimpleData>
            <SimpleData name="Situaci_1">Pol?gono</SimpleData>
            <SimpleData name="Plantado">Si</SimpleData>
            <SimpleData name="Parcela_La">-24.10543646000</SimpleData>
            <SimpleData name="Parcela_Lo">-55.54698961000</SimpleData>
            <SimpleData name="Grupo_Impl">G2</SimpleData>
            <SimpleData name="Grupo_de_P">H-P1-P4P4-P1X-XX</SimpleData>
            <SimpleData name="Jornales">4.00000000000</SimpleData>
            <SimpleData name="Monto">446008.00000000000</SimpleData>
            <SimpleData name="ETAPA_FAO">Mantenimiento A?o 1.2</SimpleData>
            <SimpleData name="Asistencia">-</SimpleData>
            <SimpleData name="Estado_del">Activo</SimpleData>
            <SimpleData name="Empresa">Hyh Consultores SRL</SimpleData>
            <SimpleData name="Lote">H</SimpleData>
            <SimpleData name="Monitorear">Si</SimpleData>
            <SimpleData name="Fecha_de_M">-</SimpleData>
            <SimpleData name="F__de_pren">-</SimpleData>
            <SimpleData name="Estado_FAO">Monitorear</SimpleData>
            <SimpleData name="Etapa_de_i">Mantenimiento A?o 1.2</SimpleData>
            <SimpleData name="Fecha_visi">2026/08/22</SimpleData>
            <SimpleData name="Cumple_sup">Si</SimpleData>
            <SimpleData name="Estado_mon">-</SimpleData>
            <SimpleData name="Situaci_12">-</SimpleData>
            <SimpleData name="Observaci">-</SimpleData>
            <SimpleData name="Dias_trans">15.24546296300</SimpleData>
            <SimpleData name="Prioridad">ALTA</SimpleData>
            <SimpleData name="OBJECTID_1">68</SimpleData>
          </SchemaData>
        </ExtendedData>
        <Point>
          <coordinates>
            -55.54698960879,-24.1054364605104,0
          </coordinates>
        </Point>
      </Placemark>
      <Placemark id="Distrito_VILLA_YGATIM__.74">
        <ExtendedData>
          <SchemaData schemaUrl="#Distrito_VILLA_YGATIM__.schema">
            <SimpleData name="CÈdula">6551301.00000000000</SimpleData>
            <SimpleData name="cedula">6551301</SimpleData>
            <SimpleData name="CÈdula_1">6551301.00000000000</SimpleData>
            <SimpleData name="N">71.00000000000</SimpleData>
            <SimpleData name="Nombres_y_">EPIFANIO ROMERO LOPEZ</SimpleData>
            <SimpleData name="Sexo">Hombre</SimpleData>
            <SimpleData name="Cambio_de_">NO</SimpleData>
            <SimpleData name="Titular_se">NO</SimpleData>
            <SimpleData name="CÈdula_Ti">-</SimpleData>
            <SimpleData name="SituaciÛn">NO</SimpleData>
            <SimpleData name="Comunidad">Ind?gena</SimpleData>
            <SimpleData name="Modelo_imp">Modelo 4</SimpleData>
            <SimpleData name="Departamen">CANINDEYU</SimpleData>
            <SimpleData name="Distrito">VILLA YGATIM?</SimpleData>
            <SimpleData name="Localidad">COM INDIG ITA POTY</SimpleData>
            <SimpleData name="TelÈfono">0982007738</SimpleData>
            <SimpleData name="Vivienda_L">-24.10291770000</SimpleData>
            <SimpleData name="Vivienda_1">-55.60920920000</SimpleData>
            <SimpleData name="Superficie">0.70000000000</SimpleData>
            <SimpleData name="Situaci_1">Par?metro</SimpleData>
            <SimpleData name="Plantado">Si</SimpleData>
            <SimpleData name="Parcela_La">-24.10475186000</SimpleData>
            <SimpleData name="Parcela_Lo">-55.60456121000</SimpleData>
            <SimpleData name="Grupo_Impl">G2</SimpleData>
            <SimpleData name="Grupo_de_P">H-P12-XX-XX-XX</SimpleData>
            <SimpleData name="Jornales">0.00000000000</SimpleData>
            <SimpleData name="Monto">0.00000000000</SimpleData>
            <SimpleData name="ETAPA_FAO">Mantenimiento A?o 1.1</SimpleData>
            <SimpleData name="Asistencia">-</SimpleData>
            <SimpleData name="Estado_del">Activo</SimpleData>
            <SimpleData name="Empresa">Hyh Consultores SRL</SimpleData>
            <SimpleData name="Lote">H</SimpleData>
            <SimpleData name="Monitorear">No</SimpleData>
            <SimpleData name="Fecha_de_M">8/7/2026</SimpleData>
            <SimpleData name="F__de_pren">70</SimpleData>
            <SimpleData name="Estado_FAO">Monitorear Reposicion</SimpleData>
            <SimpleData name="Etapa_de_i">Mantenimiento A?o 1.1</SimpleData>
            <SimpleData name="Fecha_visi">2026/08/31</SimpleData>
            <SimpleData name="Cumple_sup">-</SimpleData>
            <SimpleData name="Estado_mon">??????NO CUMPLE??????</SimpleData>
            <SimpleData name="Situaci_12">Al momento del monitoreo de mantenimiento y asistencia t?cnica se observa que la parcela no cumple con las especificaciones t?cnicas establecidas por faltante de plantines de yerba mate, se sugiere reposici?n de los mismos.</SimpleData>
            <SimpleData name="Observaci">-</SimpleData>
            <SimpleData name="Dias_trans">6.43751157408</SimpleData>
            <SimpleData name="Prioridad">ALTA</SimpleData>
            <SimpleData name="OBJECTID_1">71</SimpleData>
          </SchemaData>
        </ExtendedData>
        <Point>
          <coordinates>
            -55.6045612123148,-24.1047518552914,0
          </coordinates>
        </Point>
      </Placemark>
      <Placemark id="Distrito_VILLA_YGATIM__.75">
        <ExtendedData>
          <SchemaData schemaUrl="#Distrito_VILLA_YGATIM__.schema">
            <SimpleData name="CÈdula">4939933.00000000000</SimpleData>
            <SimpleData name="cedula">4939933</SimpleData>
            <SimpleData name="CÈdula_1">4939933.00000000000</SimpleData>
            <SimpleData name="N">73.00000000000</SimpleData>
            <SimpleData name="Nombres_y_">EMILIA ROJAS GONZALEZ</SimpleData>
            <SimpleData name="Sexo">Mujer</SimpleData>
            <SimpleData name="Cambio_de_">NO</SimpleData>
            <SimpleData name="Titular_se">NO</SimpleData>
            <SimpleData name="CÈdula_Ti">-</SimpleData>
            <SimpleData name="SituaciÛn">NO</SimpleData>
            <SimpleData name="Comunidad">Ind?gena</SimpleData>
            <SimpleData name="Modelo_imp">Modelo 2</SimpleData>
            <SimpleData name="Departamen">CANINDEYU</SimpleData>
            <SimpleData name="Distrito">VILLA YGATIM?</SimpleData>
            <SimpleData name="Localidad">COM INDIG MBOI JAGUA ? CENTRO</SimpleData>
            <SimpleData name="TelÈfono">0985306498</SimpleData>
            <SimpleData name="Vivienda_L">-24.12199950000</SimpleData>
            <SimpleData name="Vivienda_1">-55.57920980000</SimpleData>
            <SimpleData name="Superficie">0.80000000000</SimpleData>
            <SimpleData name="Situaci_1">Pol?gono</SimpleData>
            <SimpleData name="Plantado">Si</SimpleData>
            <SimpleData name="Parcela_La">-24.12133943000</SimpleData>
            <SimpleData name="Parcela_Lo">-55.57848438000</SimpleData>
            <SimpleData name="Grupo_Impl">G2</SimpleData>
            <SimpleData name="Grupo_de_P">H-P2-P10P10-XX-XX</SimpleData>
            <SimpleData name="Jornales">4.00000000000</SimpleData>
            <SimpleData name="Monto">446008.00000000000</SimpleData>
            <SimpleData name="ETAPA_FAO">Mantenimiento A?o 1.2</SimpleData>
            <SimpleData name="Asistencia">-</SimpleData>
            <SimpleData name="Estado_del">Activo</SimpleData>
            <SimpleData name="Empresa">Hyh Consultores SRL</SimpleData>
            <SimpleData name="Lote">H</SimpleData>
            <SimpleData name="Monitorear">Si</SimpleData>
            <SimpleData name="Fecha_de_M">23/7/2026</SimpleData>
            <SimpleData name="F__de_pren">60</SimpleData>
            <SimpleData name="Estado_FAO">Monitorear Reposicion</SimpleData>
            <SimpleData name="Etapa_de_i">Mantenimiento A?o 1.2</SimpleData>
            <SimpleData name="Fecha_visi">2026/09/04</SimpleData>
            <SimpleData name="Cumple_sup">-</SimpleData>
            <SimpleData name="Estado_mon">??????NO CUMPLE??????</SimpleData>
            <SimpleData name="Situaci_12">Al momento del monitoreo de mantenimiento y asistencia t?cnica se observa que la parcela 1 no cumple con las especificaciones t?cnicas establecidas por falta de especies forestales nativas y eucalipto. Se visualiza adem?s presencia importante de malez</SimpleData>
            <SimpleData name="Observaci">-</SimpleData>
            <SimpleData name="Dias_trans">2.29947916666</SimpleData>
            <SimpleData name="Prioridad">ALTA</SimpleData>
            <SimpleData name="OBJECTID_1">73</SimpleData>
          </SchemaData>
        </ExtendedData>
        <MultiGeometry>
          <Point>
            <coordinates>
              -55.5791956765983,-24.1225331523055,0
            </coordinates>
          </Point>
          <Point>
            <coordinates>
              -55.5784843792596,-24.1213394267218,0
            </coordinates>
          </Point>
        </MultiGeometry>
      </Placemark>
      <Placemark id="Distrito_VILLA_YGATIM__.76">
        <ExtendedData>
          <SchemaData schemaUrl="#Distrito_VILLA_YGATIM__.schema">
            <SimpleData name="CÈdula">6656854.00000000000</SimpleData>
            <SimpleData name="cedula">6656854</SimpleData>
            <SimpleData name="CÈdula_1">6656854.00000000000</SimpleData>
            <SimpleData name="N">77.00000000000</SimpleData>
            <SimpleData name="Nombres_y_">REGINA ISASI GONZALEZ</SimpleData>
            <SimpleData name="Sexo">Mujer</SimpleData>
            <SimpleData name="Cambio_de_">NO</SimpleData>
            <SimpleData name="Titular_se">NO</SimpleData>
            <SimpleData name="CÈdula_Ti">-</SimpleData>
            <SimpleData name="SituaciÛn">NO</SimpleData>
            <SimpleData name="Comunidad">Ind?gena</SimpleData>
            <SimpleData name="Modelo_imp">Modelo 6</SimpleData>
            <SimpleData name="Departamen">CANINDEYU</SimpleData>
            <SimpleData name="Distrito">VILLA YGATIM?</SimpleData>
            <SimpleData name="Localidad">COM INDIG MBOI JAGUA ? PINDOTY</SimpleData>
            <SimpleData name="TelÈfono">0986551625</SimpleData>
            <SimpleData name="Vivienda_L">-24.12865130000</SimpleData>
            <SimpleData name="Vivienda_1">-55.59375790000</SimpleData>
            <SimpleData name="Superficie">0.90000000000</SimpleData>
            <SimpleData name="Situaci_1">Pol?gono</SimpleData>
            <SimpleData name="Plantado">Si</SimpleData>
            <SimpleData name="Parcela_La">-24.12565064000</SimpleData>
            <SimpleData name="Parcela_Lo">-55.59430208000</SimpleData>
            <SimpleData name="Grupo_Impl">G2</SimpleData>
            <SimpleData name="Grupo_de_P">H-P1-P4P4-XX-XX</SimpleData>
            <SimpleData name="Jornales">4.00000000000</SimpleData>
            <SimpleData name="Monto">446008.00000000000</SimpleData>
            <SimpleData name="ETAPA_FAO">Mantenimiento A?o 1.2</SimpleData>
            <SimpleData name="Asistencia">-</SimpleData>
            <SimpleData name="Estado_del">Activo</SimpleData>
            <SimpleData name="Empresa">Hyh Consultores SRL</SimpleData>
            <SimpleData name="Lote">H</SimpleData>
            <SimpleData name="Monitorear">Si</SimpleData>
            <SimpleData name="Fecha_de_M">30/10/2025</SimpleData>
            <SimpleData name="F__de_pren">90</SimpleData>
            <SimpleData name="Estado_FAO">Verificar posible desercion</SimpleData>
            <SimpleData name="Etapa_de_i">Mantenimiento A?o 1.2</SimpleData>
            <SimpleData name="Fecha_visi">2026/09/03</SimpleData>
            <SimpleData name="Cumple_sup">-</SimpleData>
            <SimpleData name="Estado_mon">?????? CUMPLE??????</SimpleData>
            <SimpleData name="Situaci_12">-</SimpleData>
            <SimpleData name="Observaci">Falta de inter?s o no ve el beneficio;En el momento de la visita se observa que la parcela est? abandonada y todo quemada</SimpleData>
            <SimpleData name="Dias_trans">3.33812152778</SimpleData>
            <SimpleData name="Prioridad">ALTA</SimpleData>
            <SimpleData name="OBJECTID_1">77</SimpleData>
          </SchemaData>
        </ExtendedData>
        <Point>
          <coordinates>
            -55.5943020813125,-24.1256506381821,0
          </coordinates>
        </Point>
      </Placemark>
      <Placemark id="Distrito_VILLA_YGATIM__.77">
        <ExtendedData>
          <SchemaData schemaUrl="#Distrito_VILLA_YGATIM__.schema">
            <SimpleData name="CÈdula">6349320.00000000000</SimpleData>
            <SimpleData name="cedula">6349320</SimpleData>
            <SimpleData name="CÈdula_1">6349320.00000000000</SimpleData>
            <SimpleData name="N">106.00000000000</SimpleData>
            <SimpleData name="Nombres_y_">CLAUDIA NAMBUVACHUGI TYKUARANGI DE TORANGI</SimpleData>
            <SimpleData name="Sexo">Mujer</SimpleData>
            <SimpleData name="Cambio_de_">NO</SimpleData>
            <SimpleData name="Titular_se">NO</SimpleData>
            <SimpleData name="CÈdula_Ti">-</SimpleData>
            <SimpleData name="SituaciÛn">NO</SimpleData>
            <SimpleData name="Comunidad">Ind?gena</SimpleData>
            <SimpleData name="Modelo_imp">Modelo 4</SimpleData>
            <SimpleData name="Departamen">CANINDEYU</SimpleData>
            <SimpleData name="Distrito">VILLA YGATIM?</SimpleData>
            <SimpleData name="Localidad">COM INDIG CHUPA POU</SimpleData>
            <SimpleData name="TelÈfono">0984083784</SimpleData>
            <SimpleData name="Vivienda_L">-24.24363560000</SimpleData>
            <SimpleData name="Vivienda_1">-55.73123640000</SimpleData>
            <SimpleData name="Superficie">0.70000000000</SimpleData>
            <SimpleData name="Situaci_1">Pol?gono</SimpleData>
            <SimpleData name="Plantado">Si</SimpleData>
            <SimpleData name="Parcela_La">-24.23572408000</SimpleData>
            <SimpleData name="Parcela_Lo">-55.72722647000</SimpleData>
            <SimpleData name="Grupo_Impl">G2</SimpleData>
            <SimpleData name="Grupo_de_P">H-P2-P10P10-XX-XX</SimpleData>
            <SimpleData name="Jornales">4.00000000000</SimpleData>
            <SimpleData name="Monto">446008.00000000000</SimpleData>
            <SimpleData name="ETAPA_FAO">Mantenimiento A?o 1.2</SimpleData>
            <SimpleData name="Asistencia">-</SimpleData>
            <SimpleData name="Estado_del">Activo</SimpleData>
            <SimpleData name="Empresa">Hyh Consultores SRL</SimpleData>
            <SimpleData name="Lote">H</SimpleData>
            <SimpleData name="Monitorear">No</SimpleData>
            <SimpleData name="Fecha_de_M">-</SimpleData>
            <SimpleData name="F__de_pren">-</SimpleData>
            <SimpleData name="Estado_FAO">Monitorear</SimpleData>
            <SimpleData name="Etapa_de_i">Mantenimiento A?o 1.2</SimpleData>
            <SimpleData name="Fecha_visi">2026/09/01</SimpleData>
            <SimpleData name="Cumple_sup">Si</SimpleData>
            <SimpleData name="Estado_mon">-</SimpleData>
            <SimpleData name="Situaci_12">-</SimpleData>
            <SimpleData name="Observaci">-</SimpleData>
            <SimpleData name="Dias_trans">5.23530092592</SimpleData>
            <SimpleData name="Prioridad">ALTA</SimpleData>
            <SimpleData name="OBJECTID_1">106</SimpleData>
          </SchemaData>
        </ExtendedData>
        <Point>
          <coordinates>
            -55.7272264737932,-24.2357240761925,0
          </coordinates>
        </Point>
      </Placemark>
      <Placemark id="Distrito_VILLA_YGATIM__.78">
        <ExtendedData>
          <SchemaData schemaUrl="#Distrito_VILLA_YGATIM__.schema">
            <SimpleData name="CÈdula">8308037.00000000000</SimpleData>
            <SimpleData name="cedula">8308037</SimpleData>
            <SimpleData name="CÈdula_1">8308037.00000000000</SimpleData>
            <SimpleData name="N">371.00000000000</SimpleData>
            <SimpleData name="Nombres_y_">CATALINA DENIS VERA</SimpleData>
            <SimpleData name="Sexo">Mujer</SimpleData>
            <SimpleData name="Cambio_de_">NO</SimpleData>
            <SimpleData name="Titular_se">NO</SimpleData>
            <SimpleData name="CÈdula_Ti">-</SimpleData>
            <SimpleData name="SituaciÛn">-</SimpleData>
            <SimpleData name="Comunidad">Ind?gena</SimpleData>
            <SimpleData name="Modelo_imp">Modelo 2</SimpleData>
            <SimpleData name="Departamen">CANINDEYU</SimpleData>
            <SimpleData name="Distrito">VILLA YGATIM?</SimpleData>
            <SimpleData name="Localidad">COM INDIG MBOI JAGUA - CA ADITA</SimpleData>
            <SimpleData name="TelÈfono">0974975405</SimpleData>
            <SimpleData name="Vivienda_L">-24.11380500000</SimpleData>
            <SimpleData name="Vivienda_1">-55.56083330000</SimpleData>
            <SimpleData name="Superficie">0.80000000000</SimpleData>
            <SimpleData name="Situaci_1">Parametro</SimpleData>
            <SimpleData name="Plantado">Si</SimpleData>
            <SimpleData name="Parcela_La">-24.11719298000</SimpleData>
            <SimpleData name="Parcela_Lo">-55.55440216000</SimpleData>
            <SimpleData name="Grupo_Impl">G2</SimpleData>
            <SimpleData name="Grupo_de_P">H-P14-XX-XX-XX</SimpleData>
            <SimpleData name="Jornales">0.00000000000</SimpleData>
            <SimpleData name="Monto">0.00000000000</SimpleData>
            <SimpleData name="ETAPA_FAO">Mantenimiento A?o 1.1</SimpleData>
            <SimpleData name="Asistencia">-</SimpleData>
            <SimpleData name="Estado_del">Activo</SimpleData>
            <SimpleData name="Empresa">Hyh Consultores SRL</SimpleData>
            <SimpleData name="Lote">H</SimpleData>
            <SimpleData name="Monitorear">No</SimpleData>
            <SimpleData name="Fecha_de_M">-</SimpleData>
            <SimpleData name="F__de_pren">-</SimpleData>
            <SimpleData name="Estado_FAO">Monitorear</SimpleData>
            <SimpleData name="Etapa_de_i">Mantenimiento A?o 1.1</SimpleData>
            <SimpleData name="Fecha_visi">2026/08/27</SimpleData>
            <SimpleData name="Cumple_sup">Si</SimpleData>
            <SimpleData name="Estado_mon">-</SimpleData>
            <SimpleData name="Situaci_12">-</SimpleData>
            <SimpleData name="Observaci">-</SimpleData>
            <SimpleData name="Dias_trans">10.36556712960</SimpleData>
            <SimpleData name="Prioridad">ALTA</SimpleData>
            <SimpleData name="OBJECTID_1">371</SimpleData>
          </SchemaData>
        </ExtendedData>
        <Point>
          <coordinates>
            -55.5544021628533,-24.1171929767825,0
          </coordinates>
        </Point>
      </Placemark>
    </Document>
  </Document>
</kml>
